'1279123',20260924,1,20260925,1,20260928,1,20260929,1,20260930,1,20261001,1,20261002,1,20261005,1,20261006,1,20261007,1,20261008,1,20261009,1,20261012,1,20261013,1,20261014,1,20261015,1,20261016,1,20261019,1,20261020,1,20261021,1,20261022,1,20261023,1,20261026,1,20261027,1,20261028,1,20261029,1,20261030,1,20261102,1,20261103,1,20261104,1,20261105,1,20261106,1,20261109,1,20261110,1,20261111,1,20261112,1,20261113,1,20261116,1,20261117,1,20261118,1,20261119,1,20261120,1,20261123,1,20261124,1,20261125,1,20261126,1,20261127,1,20261130,1,20261201,1,20261202,1,20261203,1,20261204,1,20261207,1,20261208,1,20261209,1,20261210,1,20261211,1,20261214,1,20261215,1,20261216,1,20261217,1,20261218,1,20261221,1,20261222,1,20261223,1,20261224,1,20261225,1,20261228,1,20261229,1,20261230,1,20261231,1,20270101,1,20270104,1,20270105,1,20270106,1,20270107,1,20270108,1,20270111,1,20270112,1,20270113,1,20270114,1,20270115,1,20270118,1,20270119,1,20270120,1,20270121,1,20270122,1,20270125,1,20270126,1,20270127,1,20270128,1,20270129,1,20270201,1,20270202,1,20270203,1,20270204,1,20270205,1,20270208,1,20270209,1,20270210,1,20270211,1,20270212,1,20270215,1,20270216,1,20270217,1,20270218,1,20270219,1,20270222,1,20270223,1,20270224,1,20270225,1,20270226,1,20270301,1,20270302,1,20270303,1,20270304,1,20270305,1,20270308,1,20270309,1,20270310,1,20270311,1,20270312,1,20270315,1,20270316,1,20270317,1,20270318,1,20270319,1,20270322,1,20270323,1,20270324,1,20270325,1,20270326,1,20270329,1,20270330,1,20270331,1,20270401,1,20270402,1,20270405,1,20270406,1,20270407,1,20270408,1,20270409,1,20270412,1,20270413,1,20270414,1,20270415,1,20270416,1,20270419,1,20270420,1,20270421,1,20270422,1,20270423,1,20270426,1,20270427,1,20270428,1,20270429,1,20270430,1,20270503,1,20270504,1,20270505,1,20270506,1,20270507,1,20270510,1,20270511,1,20270512,1,20270513,1,20270514,1,20270517,1,20270518,1,20270519,1,20270520,1,20270521,1,20270524,1,20270525,1,20270526,1,20270527,1,20270528,1,20270531,1,20270601,1,20270602,1,20270603,1,20270604,1,20270607,1,20270608,1,20270609,1,20270610,1,20270611,1,20270614,1,20270615,1,20270616,1,20270617,1,20270618,1,20270621,1,20270622,1,20270623,1,20270624,1,20270625,1,20270628,1,20270629,1,20270630,1,20270701,1,20270702,1,20270705,1,20270706,1,20270707,1,20270708,1,20270709,1,20270712,1,20270713,1,20270714,1,20270715,1,20270716,1,20270719,1,20270720,1,20270721,1,20270722,1,20270723,1,20270726,1,20270727,1,20270728,1,20270729,1,20270730,1,20270802,1,20270803,1,20270804,1,20270805,1,20270806,1,20270809,1,20270810,1,20270811,1,20270812,1,20270813,1,20270816,1,20270817,1,20270818,1,20270819,1,20270820,1,20270823,1,20270824,1,20270825,1,20270826,1,20270827,1,20270830,1,20270831,1,20270901,1,20270902,1,20270903,1,20270906,1,20270907,1,20270908,1,20270909,1,20270910,1,20270913,1,20270914,1,20270915,1,20270916,1,20270917,1,20270920,1,20270921,1,20270922,1,20270923,1,20270924,1
'1279171',20260924,1,20260925,1,20260928,1,20260929,1,20260930,1,20261001,1,20261002,1,20261005,1,20261006,1,20261007,1,20261008,1,20261009,1,20261012,1,20261013,1,20261014,1,20261015,1,20261016,1,20261019,1,20261020,1,20261021,1,20261022,1,20261023,1,20261026,1,20261027,1,20261028,1,20261029,1,20261030,1,20261102,1,20261103,1,20261104,1,20261105,1,20261106,1,20261109,1,20261110,1,20261111,1,20261112,1,20261113,1,20261116,1,20261117,1,20261118,1,20261119,1,20261120,1,20261123,1,20261124,1,20261125,1,20261126,1,20261127,1,20261130,1,20261201,1,20261202,1,20261203,1,20261204,1,20261207,1,20261208,1,20261209,1,20261210,1,20261211,1,20261214,1,20261215,1,20261216,1,20261217,1,20261218,1,20261221,1,20261222,1,20261223,1,20261224,1,20261225,1,20261228,1,20261229,1,20261230,1,20261231,1,20270101,1,20270104,1,20270105,1,20270106,1,20270107,1,20270108,1,20270111,1,20270112,1,20270113,1,20270114,1,20270115,1,20270118,1,20270119,1,20270120,1,20270121,1,20270122,1,20270125,1,20270126,1,20270127,1,20270128,1,20270129,1,20270201,1,20270202,1,20270203,1,20270204,1,20270205,1,20270208,1,20270209,1,20270210,1,20270211,1,20270212,1,20270215,1,20270216,1,20270217,1,20270218,1,20270219,1,20270222,1,20270223,1,20270224,1,20270225,1,20270226,1,20270301,1,20270302,1,20270303,1,20270304,1,20270305,1,20270308,1,20270309,1,20270310,1,20270311,1,20270312,1,20270315,1,20270316,1,20270317,1,20270318,1,20270319,1,20270322,1,20270323,1,20270324,1,20270325,1,20270326,1,20270329,1,20270330,1,20270331,1,20270401,1,20270402,1,20270405,1,20270406,1,20270407,1,20270408,1,20270409,1,20270412,1,20270413,1,20270414,1,20270415,1,20270416,1,20270419,1,20270420,1,20270421,1,20270422,1,20270423,1,20270426,1,20270427,1,20270428,1,20270429,1,20270430,1,20270503,1,20270504,1,20270505,1,20270506,1,20270507,1,20270510,1,20270511,1,20270512,1,20270513,1,20270514,1,20270517,1,20270518,1,20270519,1,20270520,1,20270521,1,20270524,1,20270525,1,20270526,1,20270527,1,20270528,1,20270531,1,20270601,1,20270602,1,20270603,1,20270604,1,20270607,1,20270608,1,20270609,1,20270610,1,20270611,1,20270614,1,20270615,1,20270616,1,20270617,1,20270618,1,20270621,1,20270622,1,20270623,1,20270624,1,20270625,1,20270628,1,20270629,1,20270630,1,20270701,1,20270702,1,20270705,1,20270706,1,20270707,1,20270708,1,20270709,1,20270712,1,20270713,1,20270714,1,20270715,1,20270716,1,20270719,1,20270720,1,20270721,1,20270722,1,20270723,1,20270726,1,20270727,1,20270728,1,20270729,1,20270730,1,20270802,1,20270803,1,20270804,1,20270805,1,20270806,1,20270809,1,20270810,1,20270811,1,20270812,1,20270813,1,20270816,1,20270817,1,20270818,1,20270819,1,20270820,1,20270823,1,20270824,1,20270825,1,20270826,1,20270827,1,20270830,1,20270831,1,20270901,1,20270902,1,20270903,1,20270906,1,20270907,1,20270908,1,20270909,1,20270910,1,20270913,1,20270914,1,20270915,1,20270916,1,20270917,1,20270920,1,20270921,1,20270922,1,20270923,1,20270924,1
'1279191',20260924,1,20260925,1,20260928,1,20260929,1,20260930,1,20261001,1,20261002,1,20261005,1,20261006,1,20261007,1,20261008,1,20261009,1,20261012,1,20261013,1,20261014,1,20261015,1,20261016,1,20261019,1,20261020,1,20261021,1,20261022,1,20261023,1,20261026,1,20261027,1,20261028,1,20261029,1,20261030,1,20261102,1,20261103,1,20261104,1,20261105,1,20261106,1,20261109,1,20261110,1,20261111,1,20261112,1,20261113,1,20261116,1,20261117,1,20261118,1,20261119,1,20261120,1,20261123,1,20261124,1,20261125,1,20261126,1,20261127,1,20261130,1,20261201,1,20261202,1,20261203,1,20261204,1,20261207,1,20261208,1,20261209,1,20261210,1,20261211,1,20261214,1,20261215,1,20261216,1,20261217,1,20261218,1,20261221,1,20261222,1,20261223,1,20261224,1,20261225,1,20261228,1,20261229,1,20261230,1,20261231,1,20270101,1,20270104,1,20270105,1,20270106,1,20270107,1,20270108,1,20270111,1,20270112,1,20270113,1,20270114,1,20270115,1,20270118,1,20270119,1,20270120,1,20270121,1,20270122,1,20270125,1,20270126,1,20270127,1,20270128,1,20270129,1,20270201,1,20270202,1,20270203,1,20270204,1,20270205,1,20270208,1,20270209,1,20270210,1,20270211,1,20270212,1,20270215,1,20270216,1,20270217,1,20270218,1,20270219,1,20270222,1,20270223,1,20270224,1,20270225,1,20270226,1,20270301,1,20270302,1,20270303,1,20270304,1,20270305,1,20270308,1,20270309,1,20270310,1,20270311,1,20270312,1,20270315,1,20270316,1,20270317,1,20270318,1,20270319,1,20270322,1,20270323,1,20270324,1,20270325,1,20270326,1,20270329,1,20270330,1,20270331,1,20270401,1,20270402,1,20270405,1,20270406,1,20270407,1,20270408,1,20270409,1,20270412,1,20270413,1,20270414,1,20270415,1,20270416,1,20270419,1,20270420,1,20270421,1,20270422,1,20270423,1,20270426,1,20270427,1,20270428,1,20270429,1,20270430,1,20270503,1,20270504,1,20270505,1,20270506,1,20270507,1,20270510,1,20270511,1,20270512,1,20270513,1,20270514,1,20270517,1,20270518,1,20270519,1,20270520,1,20270521,1,20270524,1,20270525,1,20270526,1,20270527,1,20270528,1,20270531,1,20270601,1,20270602,1,20270603,1,20270604,1,20270607,1,20270608,1,20270609,1,20270610,1,20270611,1,20270614,1,20270615,1,20270616,1,20270617,1,20270618,1,20270621,1,20270622,1,20270623,1,20270624,1,20270625,1,20270628,1,20270629,1,20270630,1,20270701,1,20270702,1,20270705,1,20270706,1,20270707,1,20270708,1,20270709,1,20270712,1,20270713,1,20270714,1,20270715,1,20270716,1,20270719,1,20270720,1,20270721,1,20270722,1,20270723,1,20270726,1,20270727,1,20270728,1,20270729,1,20270730,1,20270802,1,20270803,1,20270804,1,20270805,1,20270806,1,20270809,1,20270810,1,20270811,1,20270812,1,20270813,1,20270816,1,20270817,1,20270818,1,20270819,1,20270820,1,20270823,1,20270824,1,20270825,1,20270826,1,20270827,1,20270830,1,20270831,1,20270901,1,20270902,1,20270903,1,20270906,1,20270907,1,20270908,1,20270909,1,20270910,1,20270913,1,20270914,1,20270915,1,20270916,1,20270917,1,20270920,1,20270921,1,20270922,1,20270923,1,20270924,1
'1279336',20260924,1,20260925,1,20260928,1,20260929,1,20260930,1,20261001,1,20261002,1,20261005,1,20261006,1,20261007,1,20261008,1,20261009,1,20261012,1,20261013,1,20261014,1,20261015,1,20261016,1,20261019,1,20261020,1,20261021,1,20261022,1,20261023,1,20261026,1,20261027,1,20261028,1,20261029,1,20261030,1,20261102,1,20261103,1,20261104,1,20261105,1,20261106,1,20261109,1,20261110,1,20261111,1,20261112,1,20261113,1,20261116,1,20261117,1,20261118,1,20261119,1,20261120,1,20261123,1,20261124,1,20261125,1,20261126,1,20261127,1,20261130,1,20261201,1,20261202,1,20261203,1,20261204,1,20261207,1,20261208,1,20261209,1,20261210,1,20261211,1,20261214,1,20261215,1,20261216,1,20261217,1,20261218,1,20261221,1,20261222,1,20261223,1,20261224,1,20261225,1,20261228,1,20261229,1,20261230,1,20261231,1,20270101,1,20270104,1,20270105,1,20270106,1,20270107,1,20270108,1,20270111,1,20270112,1,20270113,1,20270114,1,20270115,1,20270118,1,20270119,1,20270120,1,20270121,1,20270122,1,20270125,1,20270126,1,20270127,1,20270128,1,20270129,1,20270201,1,20270202,1,20270203,1,20270204,1,20270205,1,20270208,1,20270209,1,20270210,1,20270211,1,20270212,1,20270215,1,20270216,1,20270217,1,20270218,1,20270219,1,20270222,1,20270223,1,20270224,1,20270225,1,20270226,1,20270301,1,20270302,1,20270303,1,20270304,1,20270305,1,20270308,1,20270309,1,20270310,1,20270311,1,20270312,1,20270315,1,20270316,1,20270317,1,20270318,1,20270319,1,20270322,1,20270323,1,20270324,1,20270325,1,20270326,1,20270329,1,20270330,1,20270331,1,20270401,1,20270402,1,20270405,1,20270406,1,20270407,1,20270408,1,20270409,1,20270412,1,20270413,1,20270414,1,20270415,1,20270416,1,20270419,1,20270420,1,20270421,1,20270422,1,20270423,1,20270426,1,20270427,1,20270428,1,20270429,1,20270430,1,20270503,1,20270504,1,20270505,1,20270506,1,20270507,1,20270510,1,20270511,1,20270512,1,20270513,1,20270514,1,20270517,1,20270518,1,20270519,1,20270520,1,20270521,1,20270524,1,20270525,1,20270526,1,20270527,1,20270528,1,20270531,1,20270601,1,20270602,1,20270603,1,20270604,1,20270607,1,20270608,1,20270609,1,20270610,1,20270611,1,20270614,1,20270615,1,20270616,1,20270617,1,20270618,1,20270621,1,20270622,1,20270623,1,20270624,1,20270625,1,20270628,1,20270629,1,20270630,1,20270701,1,20270702,1,20270705,1,20270706,1,20270707,1,20270708,1,20270709,1,20270712,1,20270713,1,20270714,1,20270715,1,20270716,1,20270719,1,20270720,1,20270721,1,20270722,1,20270723,1,20270726,1,20270727,1,20270728,1,20270729,1,20270730,1,20270802,1,20270803,1,20270804,1,20270805,1,20270806,1,20270809,1,20270810,1,20270811,1,20270812,1,20270813,1,20270816,1,20270817,1,20270818,1,20270819,1,20270820,1,20270823,1,20270824,1,20270825,1,20270826,1,20270827,1,20270830,1,20270831,1,20270901,1,20270902,1,20270903,1,20270906,1,20270907,1,20270908,1,20270909,1,20270910,1,20270913,1,20270914,1,20270915,1,20270916,1,20270917,1,20270920,1,20270921,1,20270922,1,20270923,1,20270924,1
'1279351',20260924,1,20260925,1,20260928,1,20260929,1,20260930,1,20261001,1,20261002,1,20261005,1,20261006,1,20261007,1,20261008,1,20261009,1,20261012,1,20261013,1,20261014,1,20261015,1,20261016,1,20261019,1,20261020,1,20261021,1,20261022,1,20261023,1,20261026,1,20261027,1,20261028,1,20261029,1,20261030,1,20261102,1,20261103,1,20261104,1,20261105,1,20261106,1,20261109,1,20261110,1,20261111,1,20261112,1,20261113,1,20261116,1,20261117,1,20261118,1,20261119,1,20261120,1,20261123,1,20261124,1,20261125,1,20261126,1,20261127,1,20261130,1,20261201,1,20261202,1,20261203,1,20261204,1,20261207,1,20261208,1,20261209,1,20261210,1,20261211,1,20261214,1,20261215,1,20261216,1,20261217,1,20261218,1,20261221,1,20261222,1,20261223,1,20261224,1,20261225,1,20261228,1,20261229,1,20261230,1,20261231,1,20270101,1,20270104,1,20270105,1,20270106,1,20270107,1,20270108,1,20270111,1,20270112,1,20270113,1,20270114,1,20270115,1,20270118,1,20270119,1,20270120,1,20270121,1,20270122,1,20270125,1,20270126,1,20270127,1,20270128,1,20270129,1,20270201,1,20270202,1,20270203,1,20270204,1,20270205,1,20270208,1,20270209,1,20270210,1,20270211,1,20270212,1,20270215,1,20270216,1,20270217,1,20270218,1,20270219,1,20270222,1,20270223,1,20270224,1,20270225,1,20270226,1,20270301,1,20270302,1,20270303,1,20270304,1,20270305,1,20270308,1,20270309,1,20270310,1,20270311,1,20270312,1,20270315,1,20270316,1,20270317,1,20270318,1,20270319,1,20270322,1,20270323,1,20270324,1,20270325,1,20270326,1,20270329,1,20270330,1,20270331,1,20270401,1,20270402,1,20270405,1,20270406,1,20270407,1,20270408,1,20270409,1,20270412,1,20270413,1,20270414,1,20270415,1,20270416,1,20270419,1,20270420,1,20270421,1,20270422,1,20270423,1,20270426,1,20270427,1,20270428,1,20270429,1,20270430,1,20270503,1,20270504,1,20270505,1,20270506,1,20270507,1,20270510,1,20270511,1,20270512,1,20270513,1,20270514,1,20270517,1,20270518,1,20270519,1,20270520,1,20270521,1,20270524,1,20270525,1,20270526,1,20270527,1,20270528,1,20270531,1,20270601,1,20270602,1,20270603,1,20270604,1,20270607,1,20270608,1,20270609,1,20270610,1,20270611,1,20270614,1,20270615,1,20270616,1,20270617,1,20270618,1,20270621,1,20270622,1,20270623,1,20270624,1,20270625,1,20270628,1,20270629,1,20270630,1,20270701,1,20270702,1,20270705,1,20270706,1,20270707,1,20270708,1,20270709,1,20270712,1,20270713,1,20270714,1,20270715,1,20270716,1,20270719,1,20270720,1,20270721,1,20270722,1,20270723,1,20270726,1,20270727,1,20270728,1,20270729,1,20270730,1,20270802,1,20270803,1,20270804,1,20270805,1,20270806,1,20270809,1,20270810,1,20270811,1,20270812,1,20270813,1,20270816,1,20270817,1,20270818,1,20270819,1,20270820,1,20270823,1,20270824,1,20270825,1,20270826,1,20270827,1,20270830,1,20270831,1,20270901,1,20270902,1,20270903,1,20270906,1,20270907,1,20270908,1,20270909,1,20270910,1,20270913,1,20270914,1,20270915,1,20270916,1,20270917,1,20270920,1,20270921,1,20270922,1,20270923,1,20270924,1
'1279360',20260924,1,20260925,1,20260928,1,20260929,1,20260930,1,20261001,1,20261002,1,20261005,1,20261006,1,20261007,1,20261008,1,20261009,1,20261012,1,20261013,1,20261014,1,20261015,1,20261016,1,20261019,1,20261020,1,20261021,1,20261022,1,20261023,1,20261026,1,20261027,1,20261028,1,20261029,1,20261030,1,20261102,1,20261103,1,20261104,1,20261105,1,20261106,1,20261109,1,20261110,1,20261111,1,20261112,1,20261113,1,20261116,1,20261117,1,20261118,1,20261119,1,20261120,1,20261123,1,20261124,1,20261125,1,20261126,1,20261127,1,20261130,1,20261201,1,20261202,1,20261203,1,20261204,1,20261207,1,20261208,1,20261209,1,20261210,1,20261211,1,20261214,1,20261215,1,20261216,1,20261217,1,20261218,1,20261221,1,20261222,1,20261223,1,20261224,1,20261225,1,20261228,1,20261229,1,20261230,1,20261231,1,20270101,1,20270104,1,20270105,1,20270106,1,20270107,1,20270108,1,20270111,1,20270112,1,20270113,1,20270114,1,20270115,1,20270118,1,20270119,1,20270120,1,20270121,1,20270122,1,20270125,1,20270126,1,20270127,1,20270128,1,20270129,1,20270201,1,20270202,1,20270203,1,20270204,1,20270205,1,20270208,1,20270209,1,20270210,1,20270211,1,20270212,1,20270215,1,20270216,1,20270217,1,20270218,1,20270219,1,20270222,1,20270223,1,20270224,1,20270225,1,20270226,1,20270301,1,20270302,1,20270303,1,20270304,1,20270305,1,20270308,1,20270309,1,20270310,1,20270311,1,20270312,1,20270315,1,20270316,1,20270317,1,20270318,1,20270319,1,20270322,1,20270323,1,20270324,1,20270325,1,20270326,1,20270329,1,20270330,1,20270331,1,20270401,1,20270402,1,20270405,1,20270406,1,20270407,1,20270408,1,20270409,1,20270412,1,20270413,1,20270414,1,20270415,1,20270416,1,20270419,1,20270420,1,20270421,1,20270422,1,20270423,1,20270426,1,20270427,1,20270428,1,20270429,1,20270430,1,20270503,1,20270504,1,20270505,1,20270506,1,20270507,1,20270510,1,20270511,1,20270512,1,20270513,1,20270514,1,20270517,1,20270518,1,20270519,1,20270520,1,20270521,1,20270524,1,20270525,1,20270526,1,20270527,1,20270528,1,20270531,1,20270601,1,20270602,1,20270603,1,20270604,1,20270607,1,20270608,1,20270609,1,20270610,1,20270611,1,20270614,1,20270615,1,20270616,1,20270617,1,20270618,1,20270621,1,20270622,1,20270623,1,20270624,1,20270625,1,20270628,1,20270629,1,20270630,1,20270701,1,20270702,1,20270705,1,20270706,1,20270707,1,20270708,1,20270709,1,20270712,1,20270713,1,20270714,1,20270715,1,20270716,1,20270719,1,20270720,1,20270721,1,20270722,1,20270723,1,20270726,1,20270727,1,20270728,1,20270729,1,20270730,1,20270802,1,20270803,1,20270804,1,20270805,1,20270806,1,20270809,1,20270810,1,20270811,1,20270812,1,20270813,1,20270816,1,20270817,1,20270818,1,20270819,1,20270820,1,20270823,1,20270824,1,20270825,1,20270826,1,20270827,1,20270830,1,20270831,1,20270901,1,20270902,1,20270903,1,20270906,1,20270907,1,20270908,1,20270909,1,20270910,1,20270913,1,20270914,1,20270915,1,20270916,1,20270917,1,20270920,1,20270921,1,20270922,1,20270923,1,20270924,1
'1279362',20260924,1,20260925,1,20260928,1,20260929,1,20260930,1,20261001,1,20261002,1,20261005,1,20261006,1,20261007,1,20261008,1,20261009,1,20261012,1,20261013,1,20261014,1,20261015,1,20261016,1,20261019,1,20261020,1,20261021,1,20261022,1,20261023,1,20261026,1,20261027,1,20261028,1,20261029,1,20261030,1,20261102,1,20261103,1,20261104,1,20261105,1,20261106,1,20261109,1,20261110,1,20261111,1,20261112,1,20261113,1,20261116,1,20261117,1,20261118,1,20261119,1,20261120,1,20261123,1,20261124,1,20261125,1,20261126,1,20261127,1,20261130,1,20261201,1,20261202,1,20261203,1,20261204,1,20261207,1,20261208,1,20261209,1,20261210,1,20261211,1,20261214,1,20261215,1,20261216,1,20261217,1,20261218,1,20261221,1,20261222,1,20261223,1,20261224,1,20261225,1,20261228,1,20261229,1,20261230,1,20261231,1,20270101,1,20270104,1,20270105,1,20270106,1,20270107,1,20270108,1,20270111,1,20270112,1,20270113,1,20270114,1,20270115,1,20270118,1,20270119,1,20270120,1,20270121,1,20270122,1,20270125,1,20270126,1,20270127,1,20270128,1,20270129,1,20270201,1,20270202,1,20270203,1,20270204,1,20270205,1,20270208,1,20270209,1,20270210,1,20270211,1,20270212,1,20270215,1,20270216,1,20270217,1,20270218,1,20270219,1,20270222,1,20270223,1,20270224,1,20270225,1,20270226,1,20270301,1,20270302,1,20270303,1,20270304,1,20270305,1,20270308,1,20270309,1,20270310,1,20270311,1,20270312,1,20270315,1,20270316,1,20270317,1,20270318,1,20270319,1,20270322,1,20270323,1,20270324,1,20270325,1,20270326,1,20270329,1,20270330,1,20270331,1,20270401,1,20270402,1,20270405,1,20270406,1,20270407,1,20270408,1,20270409,1,20270412,1,20270413,1,20270414,1,20270415,1,20270416,1,20270419,1,20270420,1,20270421,1,20270422,1,20270423,1,20270426,1,20270427,1,20270428,1,20270429,1,20270430,1,20270503,1,20270504,1,20270505,1,20270506,1,20270507,1,20270510,1,20270511,1,20270512,1,20270513,1,20270514,1,20270517,1,20270518,1,20270519,1,20270520,1,20270521,1,20270524,1,20270525,1,20270526,1,20270527,1,20270528,1,20270531,1,20270601,1,20270602,1,20270603,1,20270604,1,20270607,1,20270608,1,20270609,1,20270610,1,20270611,1,20270614,1,20270615,1,20270616,1,20270617,1,20270618,1,20270621,1,20270622,1,20270623,1,20270624,1,20270625,1,20270628,1,20270629,1,20270630,1,20270701,1,20270702,1,20270705,1,20270706,1,20270707,1,20270708,1,20270709,1,20270712,1,20270713,1,20270714,1,20270715,1,20270716,1,20270719,1,20270720,1,20270721,1,20270722,1,20270723,1,20270726,1,20270727,1,20270728,1,20270729,1,20270730,1,20270802,1,20270803,1,20270804,1,20270805,1,20270806,1,20270809,1,20270810,1,20270811,1,20270812,1,20270813,1,20270816,1,20270817,1,20270818,1,20270819,1,20270820,1,20270823,1,20270824,1,20270825,1,20270826,1,20270827,1,20270830,1,20270831,1,20270901,1,20270902,1,20270903,1,20270906,1,20270907,1,20270908,1,20270909,1,20270910,1,20270913,1,20270914,1,20270915,1,20270916,1,20270917,1,20270920,1,20270921,1,20270922,1,20270923,1,20270924,1
'1279469',20260924,1,20260925,1,20260928,1,20260929,1,20260930,1,20261001,1,20261002,1,20261005,1,20261006,1,20261007,1,20261008,1,20261009,1,20261012,1,20261013,1,20261014,1,20261015,1,20261016,1,20261019,1,20261020,1,20261021,1,20261022,1,20261023,1,20261026,1,20261027,1,20261028,1,20261029,1,20261030,1,20261102,1,20261103,1,20261104,1,20261105,1,20261106,1,20261109,1,20261110,1,20261111,1,20261112,1,20261113,1,20261116,1,20261117,1,20261118,1,20261119,1,20261120,1,20261123,1,20261124,1,20261125,1,20261126,1,20261127,1,20261130,1,20261201,1,20261202,1,20261203,1,20261204,1,20261207,1,20261208,1,20261209,1,20261210,1,20261211,1,20261214,1,20261215,1,20261216,1,20261217,1,20261218,1,20261221,1,20261222,1,20261223,1,20261224,1,20261225,1,20261228,1,20261229,1,20261230,1,20261231,1,20270101,1,20270104,1,20270105,1,20270106,1,20270107,1,20270108,1,20270111,1,20270112,1,20270113,1,20270114,1,20270115,1,20270118,1,20270119,1,20270120,1,20270121,1,20270122,1,20270125,1,20270126,1,20270127,1,20270128,1,20270129,1,20270201,1,20270202,1,20270203,1,20270204,1,20270205,1,20270208,1,20270209,1,20270210,1,20270211,1,20270212,1,20270215,1,20270216,1,20270217,1,20270218,1,20270219,1,20270222,1,20270223,1,20270224,1,20270225,1,20270226,1,20270301,1,20270302,1,20270303,1,20270304,1,20270305,1,20270308,1,20270309,1,20270310,1,20270311,1,20270312,1,20270315,1,20270316,1,20270317,1,20270318,1,20270319,1,20270322,1,20270323,1,20270324,1,20270325,1,20270326,1,20270329,1,20270330,1,20270331,1,20270401,1,20270402,1,20270405,1,20270406,1,20270407,1,20270408,1,20270409,1,20270412,1,20270413,1,20270414,1,20270415,1,20270416,1,20270419,1,20270420,1,20270421,1,20270422,1,20270423,1,20270426,1,20270427,1,20270428,1,20270429,1,20270430,1,20270503,1,20270504,1,20270505,1,20270506,1,20270507,1,20270510,1,20270511,1,20270512,1,20270513,1,20270514,1,20270517,1,20270518,1,20270519,1,20270520,1,20270521,1,20270524,1,20270525,1,20270526,1,20270527,1,20270528,1,20270531,1,20270601,1,20270602,1,20270603,1,20270604,1,20270607,1,20270608,1,20270609,1,20270610,1,20270611,1,20270614,1,20270615,1,20270616,1,20270617,1,20270618,1,20270621,1,20270622,1,20270623,1,20270624,1,20270625,1,20270628,1,20270629,1,20270630,1,20270701,1,20270702,1,20270705,1,20270706,1,20270707,1,20270708,1,20270709,1,20270712,1,20270713,1,20270714,1,20270715,1,20270716,1,20270719,1,20270720,1,20270721,1,20270722,1,20270723,1,20270726,1,20270727,1,20270728,1,20270729,1,20270730,1,20270802,1,20270803,1,20270804,1,20270805,1,20270806,1,20270809,1,20270810,1,20270811,1,20270812,1,20270813,1,20270816,1,20270817,1,20270818,1,20270819,1,20270820,1,20270823,1,20270824,1,20270825,1,20270826,1,20270827,1,20270830,1,20270831,1,20270901,1,20270902,1,20270903,1,20270906,1,20270907,1,20270908,1,20270909,1,20270910,1,20270913,1,20270914,1,20270915,1,20270916,1,20270917,1,20270920,1,20270921,1,20270922,1,20270923,1,20270924,1
'1279724',20260924,1,20260925,1,20260928,1,20260929,1,20260930,1,20261001,1,20261002,1,20261005,1,20261006,1,20261007,1,20261008,1,20261009,1,20261012,1,20261013,1,20261014,1,20261015,1,20261016,1,20261019,1,20261020,1,20261021,1,20261022,1,20261023,1,20261026,1,20261027,1,20261028,1,20261029,1,20261030,1,20261102,1,20261103,1,20261104,1,20261105,1,20261106,1,20261109,1,20261110,1,20261111,1,20261112,1,20261113,1,20261116,1,20261117,1,20261118,1,20261119,1,20261120,1,20261123,1,20261124,1,20261125,1,20261126,1,20261127,1,20261130,1,20261201,1,20261202,1,20261203,1,20261204,1,20261207,1,20261208,1,20261209,1,20261210,1,20261211,1,20261214,1,20261215,1,20261216,1,20261217,1,20261218,1,20261221,1,20261222,1,20261223,1,20261224,1,20261225,1,20261228,1,20261229,1,20261230,1,20261231,1,20270101,1,20270104,1,20270105,1,20270106,1,20270107,1,20270108,1,20270111,1,20270112,1,20270113,1,20270114,1,20270115,1,20270118,1,20270119,1,20270120,1,20270121,1,20270122,1,20270125,1,20270126,1,20270127,1,20270128,1,20270129,1,20270201,1,20270202,1,20270203,1,20270204,1,20270205,1,20270208,1,20270209,1,20270210,1,20270211,1,20270212,1,20270215,1,20270216,1,20270217,1,20270218,1,20270219,1,20270222,1,20270223,1,20270224,1,20270225,1,20270226,1,20270301,1,20270302,1,20270303,1,20270304,1,20270305,1,20270308,1,20270309,1,20270310,1,20270311,1,20270312,1,20270315,1,20270316,1,20270317,1,20270318,1,20270319,1,20270322,1,20270323,1,20270324,1,20270325,1,20270326,1,20270329,1,20270330,1,20270331,1,20270401,1,20270402,1,20270405,1,20270406,1,20270407,1,20270408,1,20270409,1,20270412,1,20270413,1,20270414,1,20270415,1,20270416,1,20270419,1,20270420,1,20270421,1,20270422,1,20270423,1,20270426,1,20270427,1,20270428,1,20270429,1,20270430,1,20270503,1,20270504,1,20270505,1,20270506,1,20270507,1,20270510,1,20270511,1,20270512,1,20270513,1,20270514,1,20270517,1,20270518,1,20270519,1,20270520,1,20270521,1,20270524,1,20270525,1,20270526,1,20270527,1,20270528,1,20270531,1,20270601,1,20270602,1,20270603,1,20270604,1,20270607,1,20270608,1,20270609,1,20270610,1,20270611,1,20270614,1,20270615,1,20270616,1,20270617,1,20270618,1,20270621,1,20270622,1,20270623,1,20270624,1,20270625,1,20270628,1,20270629,1,20270630,1,20270701,1,20270702,1,20270705,1,20270706,1,20270707,1,20270708,1,20270709,1,20270712,1,20270713,1,20270714,1,20270715,1,20270716,1,20270719,1,20270720,1,20270721,1,20270722,1,20270723,1,20270726,1,20270727,1,20270728,1,20270729,1,20270730,1,20270802,1,20270803,1,20270804,1,20270805,1,20270806,1,20270809,1,20270810,1,20270811,1,20270812,1,20270813,1,20270816,1,20270817,1,20270818,1,20270819,1,20270820,1,20270823,1,20270824,1,20270825,1,20270826,1,20270827,1,20270830,1,20270831,1,20270901,1,20270902,1,20270903,1,20270906,1,20270907,1,20270908,1,20270909,1,20270910,1,20270913,1,20270914,1,20270915,1,20270916,1,20270917,1,20270920,1,20270921,1,20270922,1,20270923,1,20270924,1
'1279906',20260924,1,20260925,1,20260928,1,20260929,1,20260930,1,20261001,1,20261002,1,20261005,1,20261006,1,20261007,1,20261008,1,20261009,1,20261012,1,20261013,1,20261014,1,20261015,1,20261016,1,20261019,1,20261020,1,20261021,1,20261022,1,20261023,1,20261026,1,20261027,1,20261028,1,20261029,1,20261030,1,20261102,1,20261103,1,20261104,1,20261105,1,20261106,1,20261109,1,20261110,1,20261111,1,20261112,1,20261113,1,20261116,1,20261117,1,20261118,1,20261119,1,20261120,1,20261123,1,20261124,1,20261125,1,20261126,1,20261127,1,20261130,1,20261201,1,20261202,1,20261203,1,20261204,1,20261207,1,20261208,1,20261209,1,20261210,1,20261211,1,20261214,1,20261215,1,20261216,1,20261217,1,20261218,1,20261221,1,20261222,1,20261223,1,20261224,1,20261225,1,20261228,1,20261229,1,20261230,1,20261231,1,20270101,1,20270104,1,20270105,1,20270106,1,20270107,1,20270108,1,20270111,1,20270112,1,20270113,1,20270114,1,20270115,1,20270118,1,20270119,1,20270120,1,20270121,1,20270122,1,20270125,1,20270126,1,20270127,1,20270128,1,20270129,1,20270201,1,20270202,1,20270203,1,20270204,1,20270205,1,20270208,1,20270209,1,20270210,1,20270211,1,20270212,1,20270215,1,20270216,1,20270217,1,20270218,1,20270219,1,20270222,1,20270223,1,20270224,1,20270225,1,20270226,1,20270301,1,20270302,1,20270303,1,20270304,1,20270305,1,20270308,1,20270309,1,20270310,1,20270311,1,20270312,1,20270315,1,20270316,1,20270317,1,20270318,1,20270319,1,20270322,1,20270323,1,20270324,1,20270325,1,20270326,1,20270329,1,20270330,1,20270331,1,20270401,1,20270402,1,20270405,1,20270406,1,20270407,1,20270408,1,20270409,1,20270412,1,20270413,1,20270414,1,20270415,1,20270416,1,20270419,1,20270420,1,20270421,1,20270422,1,20270423,1,20270426,1,20270427,1,20270428,1,20270429,1,20270430,1,20270503,1,20270504,1,20270505,1,20270506,1,20270507,1,20270510,1,20270511,1,20270512,1,20270513,1,20270514,1,20270517,1,20270518,1,20270519,1,20270520,1,20270521,1,20270524,1,20270525,1,20270526,1,20270527,1,20270528,1,20270531,1,20270601,1,20270602,1,20270603,1,20270604,1,20270607,1,20270608,1,20270609,1,20270610,1,20270611,1,20270614,1,20270615,1,20270616,1,20270617,1,20270618,1,20270621,1,20270622,1,20270623,1,20270624,1,20270625,1,20270628,1,20270629,1,20270630,1,20270701,1,20270702,1,20270705,1,20270706,1,20270707,1,20270708,1,20270709,1,20270712,1,20270713,1,20270714,1,20270715,1,20270716,1,20270719,1,20270720,1,20270721,1,20270722,1,20270723,1,20270726,1,20270727,1,20270728,1,20270729,1,20270730,1,20270802,1,20270803,1,20270804,1,20270805,1,20270806,1,20270809,1,20270810,1,20270811,1,20270812,1,20270813,1,20270816,1,20270817,1,20270818,1,20270819,1,20270820,1,20270823,1,20270824,1,20270825,1,20270826,1,20270827,1,20270830,1,20270831,1,20270901,1,20270902,1,20270903,1,20270906,1,20270907,1,20270908,1,20270909,1,20270910,1,20270913,1,20270914,1,20270915,1,20270916,1,20270917,1,20270920,1,20270921,1,20270922,1,20270923,1,20270924,1
'1279909',20260924,1,20260925,1,20260928,1,20260929,1,20260930,1,20261001,1,20261002,1,20261005,1,20261006,1,20261007,1,20261008,1,20261009,1,20261012,1,20261013,1,20261014,1,20261015,1,20261016,1,20261019,1,20261020,1,20261021,1,20261022,1,20261023,1,20261026,1,20261027,1,20261028,1,20261029,1,20261030,1,20261102,1,20261103,1,20261104,1,20261105,1,20261106,1,20261109,1,20261110,1,20261111,1,20261112,1,20261113,1,20261116,1,20261117,1,20261118,1,20261119,1,20261120,1,20261123,1,20261124,1,20261125,1,20261126,1,20261127,1,20261130,1,20261201,1,20261202,1,20261203,1,20261204,1,20261207,1,20261208,1,20261209,1,20261210,1,20261211,1,20261214,1,20261215,1,20261216,1,20261217,1,20261218,1,20261221,1,20261222,1,20261223,1,20261224,1,20261225,1,20261228,1,20261229,1,20261230,1,20261231,1,20270101,1,20270104,1,20270105,1,20270106,1,20270107,1,20270108,1,20270111,1,20270112,1,20270113,1,20270114,1,20270115,1,20270118,1,20270119,1,20270120,1,20270121,1,20270122,1,20270125,1,20270126,1,20270127,1,20270128,1,20270129,1,20270201,1,20270202,1,20270203,1,20270204,1,20270205,1,20270208,1,20270209,1,20270210,1,20270211,1,20270212,1,20270215,1,20270216,1,20270217,1,20270218,1,20270219,1,20270222,1,20270223,1,20270224,1,20270225,1,20270226,1,20270301,1,20270302,1,20270303,1,20270304,1,20270305,1,20270308,1,20270309,1,20270310,1,20270311,1,20270312,1,20270315,1,20270316,1,20270317,1,20270318,1,20270319,1,20270322,1,20270323,1,20270324,1,20270325,1,20270326,1,20270329,1,20270330,1,20270331,1,20270401,1,20270402,1,20270405,1,20270406,1,20270407,1,20270408,1,20270409,1,20270412,1,20270413,1,20270414,1,20270415,1,20270416,1,20270419,1,20270420,1,20270421,1,20270422,1,20270423,1,20270426,1,20270427,1,20270428,1,20270429,1,20270430,1,20270503,1,20270504,1,20270505,1,20270506,1,20270507,1,20270510,1,20270511,1,20270512,1,20270513,1,20270514,1,20270517,1,20270518,1,20270519,1,20270520,1,20270521,1,20270524,1,20270525,1,20270526,1,20270527,1,20270528,1,20270531,1,20270601,1,20270602,1,20270603,1,20270604,1,20270607,1,20270608,1,20270609,1,20270610,1,20270611,1,20270614,1,20270615,1,20270616,1,20270617,1,20270618,1,20270621,1,20270622,1,20270623,1,20270624,1,20270625,1,20270628,1,20270629,1,20270630,1,20270701,1,20270702,1,20270705,1,20270706,1,20270707,1,20270708,1,20270709,1,20270712,1,20270713,1,20270714,1,20270715,1,20270716,1,20270719,1,20270720,1,20270721,1,20270722,1,20270723,1,20270726,1,20270727,1,20270728,1,20270729,1,20270730,1,20270802,1,20270803,1,20270804,1,20270805,1,20270806,1,20270809,1,20270810,1,20270811,1,20270812,1,20270813,1,20270816,1,20270817,1,20270818,1,20270819,1,20270820,1,20270823,1,20270824,1,20270825,1,20270826,1,20270827,1,20270830,1,20270831,1,20270901,1,20270902,1,20270903,1,20270906,1,20270907,1,20270908,1,20270909,1,20270910,1,20270913,1,20270914,1,20270915,1,20270916,1,20270917,1,20270920,1,20270921,1,20270922,1,20270923,1,20270924,1
'1279968',20260924,1,20260925,1,20260928,1,20260929,1,20260930,1,20261001,1,20261002,1,20261005,1,20261006,1,20261007,1,20261008,1,20261009,1,20261012,1,20261013,1,20261014,1,20261015,1,20261016,1,20261019,1,20261020,1,20261021,1,20261022,1,20261023,1,20261026,1,20261027,1,20261028,1,20261029,1,20261030,1,20261102,1,20261103,1,20261104,1,20261105,1,20261106,1,20261109,1,20261110,1,20261111,1,20261112,1,20261113,1,20261116,1,20261117,1,20261118,1,20261119,1,20261120,1,20261123,1,20261124,1,20261125,1,20261126,1,20261127,1,20261130,1,20261201,1,20261202,1,20261203,1,20261204,1,20261207,1,20261208,1,20261209,1,20261210,1,20261211,1,20261214,1,20261215,1,20261216,1,20261217,1,20261218,1,20261221,1,20261222,1,20261223,1,20261224,1,20261225,1,20261228,1,20261229,1,20261230,1,20261231,1,20270101,1,20270104,1,20270105,1,20270106,1,20270107,1,20270108,1,20270111,1,20270112,1,20270113,1,20270114,1,20270115,1,20270118,1,20270119,1,20270120,1,20270121,1,20270122,1,20270125,1,20270126,1,20270127,1,20270128,1,20270129,1,20270201,1,20270202,1,20270203,1,20270204,1,20270205,1,20270208,1,20270209,1,20270210,1,20270211,1,20270212,1,20270215,1,20270216,1,20270217,1,20270218,1,20270219,1,20270222,1,20270223,1,20270224,1,20270225,1,20270226,1,20270301,1,20270302,1,20270303,1,20270304,1,20270305,1,20270308,1,20270309,1,20270310,1,20270311,1,20270312,1,20270315,1,20270316,1,20270317,1,20270318,1,20270319,1,20270322,1,20270323,1,20270324,1,20270325,1,20270326,1,20270329,1,20270330,1,20270331,1,20270401,1,20270402,1,20270405,1,20270406,1,20270407,1,20270408,1,20270409,1,20270412,1,20270413,1,20270414,1,20270415,1,20270416,1,20270419,1,20270420,1,20270421,1,20270422,1,20270423,1,20270426,1,20270427,1,20270428,1,20270429,1,20270430,1,20270503,1,20270504,1,20270505,1,20270506,1,20270507,1,20270510,1,20270511,1,20270512,1,20270513,1,20270514,1,20270517,1,20270518,1,20270519,1,20270520,1,20270521,1,20270524,1,20270525,1,20270526,1,20270527,1,20270528,1,20270531,1,20270601,1,20270602,1,20270603,1,20270604,1,20270607,1,20270608,1,20270609,1,20270610,1,20270611,1,20270614,1,20270615,1,20270616,1,20270617,1,20270618,1,20270621,1,20270622,1,20270623,1,20270624,1,20270625,1,20270628,1,20270629,1,20270630,1,20270701,1,20270702,1,20270705,1,20270706,1,20270707,1,20270708,1,20270709,1,20270712,1,20270713,1,20270714,1,20270715,1,20270716,1,20270719,1,20270720,1,20270721,1,20270722,1,20270723,1,20270726,1,20270727,1,20270728,1,20270729,1,20270730,1,20270802,1,20270803,1,20270804,1,20270805,1,20270806,1,20270809,1,20270810,1,20270811,1,20270812,1,20270813,1,20270816,1,20270817,1,20270818,1,20270819,1,20270820,1,20270823,1,20270824,1,20270825,1,20270826,1,20270827,1,20270830,1,20270831,1,20270901,1,20270902,1,20270903,1,20270906,1,20270907,1,20270908,1,20270909,1,20270910,1,20270913,1,20270914,1,20270915,1,20270916,1,20270917,1,20270920,1,20270921,1,20270922,1,20270923,1,20270924,1
'1280159',20260924,1,20260925,1,20260928,1,20260929,1,20260930,1,20261001,1,20261002,1,20261005,1,20261006,1,20261007,1,20261008,1,20261009,1,20261012,1,20261013,1,20261014,1,20261015,1,20261016,1,20261019,1,20261020,1,20261021,1,20261022,1,20261023,1,20261026,1,20261027,1,20261028,1,20261029,1,20261030,1,20261102,1,20261103,1,20261104,1,20261105,1,20261106,1,20261109,1,20261110,1,20261111,1,20261112,1,20261113,1,20261116,1,20261117,1,20261118,1,20261119,1,20261120,1,20261123,1,20261124,1,20261125,1,20261126,1,20261127,1,20261130,1,20261201,1,20261202,1,20261203,1,20261204,1,20261207,1,20261208,1,20261209,1,20261210,1,20261211,1,20261214,1,20261215,1,20261216,1,20261217,1,20261218,1,20261221,1,20261222,1,20261223,1,20261224,1,20261225,1,20261228,1,20261229,1,20261230,1,20261231,1,20270101,1,20270104,1,20270105,1,20270106,1,20270107,1,20270108,1,20270111,1,20270112,1,20270113,1,20270114,1,20270115,1,20270118,1,20270119,1,20270120,1,20270121,1,20270122,1,20270125,1,20270126,1,20270127,1,20270128,1,20270129,1,20270201,1,20270202,1,20270203,1,20270204,1,20270205,1,20270208,1,20270209,1,20270210,1,20270211,1,20270212,1,20270215,1,20270216,1,20270217,1,20270218,1,20270219,1,20270222,1,20270223,1,20270224,1,20270225,1,20270226,1,20270301,1,20270302,1,20270303,1,20270304,1,20270305,1,20270308,1,20270309,1,20270310,1,20270311,1,20270312,1,20270315,1,20270316,1,20270317,1,20270318,1,20270319,1,20270322,1,20270323,1,20270324,1,20270325,1,20270326,1,20270329,1,20270330,1,20270331,1,20270401,1,20270402,1,20270405,1,20270406,1,20270407,1,20270408,1,20270409,1,20270412,1,20270413,1,20270414,1,20270415,1,20270416,1,20270419,1,20270420,1,20270421,1,20270422,1,20270423,1,20270426,1,20270427,1,20270428,1,20270429,1,20270430,1,20270503,1,20270504,1,20270505,1,20270506,1,20270507,1,20270510,1,20270511,1,20270512,1,20270513,1,20270514,1,20270517,1,20270518,1,20270519,1,20270520,1,20270521,1,20270524,1,20270525,1,20270526,1,20270527,1,20270528,1,20270531,1,20270601,1,20270602,1,20270603,1,20270604,1,20270607,1,20270608,1,20270609,1,20270610,1,20270611,1,20270614,1,20270615,1,20270616,1,20270617,1,20270618,1,20270621,1,20270622,1,20270623,1,20270624,1,20270625,1,20270628,1,20270629,1,20270630,1,20270701,1,20270702,1,20270705,1,20270706,1,20270707,1,20270708,1,20270709,1,20270712,1,20270713,1,20270714,1,20270715,1,20270716,1,20270719,1,20270720,1,20270721,1,20270722,1,20270723,1,20270726,1,20270727,1,20270728,1,20270729,1,20270730,1,20270802,1,20270803,1,20270804,1,20270805,1,20270806,1,20270809,1,20270810,1,20270811,1,20270812,1,20270813,1,20270816,1,20270817,1,20270818,1,20270819,1,20270820,1,20270823,1,20270824,1,20270825,1,20270826,1,20270827,1,20270830,1,20270831,1,20270901,1,20270902,1,20270903,1,20270906,1,20270907,1,20270908,1,20270909,1,20270910,1,20270913,1,20270914,1,20270915,1,20270916,1,20270917,1,20270920,1,20270921,1,20270922,1,20270923,1,20270924,1
'1280189',20260924,1,20260925,1,20260928,1,20260929,1,20260930,1,20261001,1,20261002,1,20261005,1,20261006,1,20261007,1,20261008,1,20261009,1,20261012,1,20261013,1,20261014,1,20261015,1,20261016,1,20261019,1,20261020,1,20261021,1,20261022,1,20261023,1,20261026,1,20261027,1,20261028,1,20261029,1,20261030,1,20261102,1,20261103,1,20261104,1,20261105,1,20261106,1,20261109,1,20261110,1,20261111,1,20261112,1,20261113,1,20261116,1,20261117,1,20261118,1,20261119,1,20261120,1,20261123,1,20261124,1,20261125,1,20261126,1,20261127,1,20261130,1,20261201,1,20261202,1,20261203,1,20261204,1,20261207,1,20261208,1,20261209,1,20261210,1,20261211,1,20261214,1,20261215,1,20261216,1,20261217,1,20261218,1,20261221,1,20261222,1,20261223,1,20261224,1,20261225,1,20261228,1,20261229,1,20261230,1,20261231,1,20270101,1,20270104,1,20270105,1,20270106,1,20270107,1,20270108,1,20270111,1,20270112,1,20270113,1,20270114,1,20270115,1,20270118,1,20270119,1,20270120,1,20270121,1,20270122,1,20270125,1,20270126,1,20270127,1,20270128,1,20270129,1,20270201,1,20270202,1,20270203,1,20270204,1,20270205,1,20270208,1,20270209,1,20270210,1,20270211,1,20270212,1,20270215,1,20270216,1,20270217,1,20270218,1,20270219,1,20270222,1,20270223,1,20270224,1,20270225,1,20270226,1,20270301,1,20270302,1,20270303,1,20270304,1,20270305,1,20270308,1,20270309,1,20270310,1,20270311,1,20270312,1,20270315,1,20270316,1,20270317,1,20270318,1,20270319,1,20270322,1,20270323,1,20270324,1,20270325,1,20270326,1,20270329,1,20270330,1,20270331,1,20270401,1,20270402,1,20270405,1,20270406,1,20270407,1,20270408,1,20270409,1,20270412,1,20270413,1,20270414,1,20270415,1,20270416,1,20270419,1,20270420,1,20270421,1,20270422,1,20270423,1,20270426,1,20270427,1,20270428,1,20270429,1,20270430,1,20270503,1,20270504,1,20270505,1,20270506,1,20270507,1,20270510,1,20270511,1,20270512,1,20270513,1,20270514,1,20270517,1,20270518,1,20270519,1,20270520,1,20270521,1,20270524,1,20270525,1,20270526,1,20270527,1,20270528,1,20270531,1,20270601,1,20270602,1,20270603,1,20270604,1,20270607,1,20270608,1,20270609,1,20270610,1,20270611,1,20270614,1,20270615,1,20270616,1,20270617,1,20270618,1,20270621,1,20270622,1,20270623,1,20270624,1,20270625,1,20270628,1,20270629,1,20270630,1,20270701,1,20270702,1,20270705,1,20270706,1,20270707,1,20270708,1,20270709,1,20270712,1,20270713,1,20270714,1,20270715,1,20270716,1,20270719,1,20270720,1,20270721,1,20270722,1,20270723,1,20270726,1,20270727,1,20270728,1,20270729,1,20270730,1,20270802,1,20270803,1,20270804,1,20270805,1,20270806,1,20270809,1,20270810,1,20270811,1,20270812,1,20270813,1,20270816,1,20270817,1,20270818,1,20270819,1,20270820,1,20270823,1,20270824,1,20270825,1,20270826,1,20270827,1,20270830,1,20270831,1,20270901,1,20270902,1,20270903,1,20270906,1,20270907,1,20270908,1,20270909,1,20270910,1,20270913,1,20270914,1,20270915,1,20270916,1,20270917,1,20270920,1,20270921,1,20270922,1,20270923,1,20270924,1
'1280192',20260924,1,20260925,1,20260928,1,20260929,1,20260930,1,20261001,1,20261002,1,20261005,1,20261006,1,20261007,1,20261008,1,20261009,1,20261012,1,20261013,1,20261014,1,20261015,1,20261016,1,20261019,1,20261020,1,20261021,1,20261022,1,20261023,1,20261026,1,20261027,1,20261028,1,20261029,1,20261030,1,20261102,1,20261103,1,20261104,1,20261105,1,20261106,1,20261109,1,20261110,1,20261111,1,20261112,1,20261113,1,20261116,1,20261117,1,20261118,1,20261119,1,20261120,1,20261123,1,20261124,1,20261125,1,20261126,1,20261127,1,20261130,1,20261201,1,20261202,1,20261203,1,20261204,1,20261207,1,20261208,1,20261209,1,20261210,1,20261211,1,20261214,1,20261215,1,20261216,1,20261217,1,20261218,1,20261221,1,20261222,1,20261223,1,20261224,1,20261225,1,20261228,1,20261229,1,20261230,1,20261231,1,20270101,1,20270104,1,20270105,1,20270106,1,20270107,1,20270108,1,20270111,1,20270112,1,20270113,1,20270114,1,20270115,1,20270118,1,20270119,1,20270120,1,20270121,1,20270122,1,20270125,1,20270126,1,20270127,1,20270128,1,20270129,1,20270201,1,20270202,1,20270203,1,20270204,1,20270205,1,20270208,1,20270209,1,20270210,1,20270211,1,20270212,1,20270215,1,20270216,1,20270217,1,20270218,1,20270219,1,20270222,1,20270223,1,20270224,1,20270225,1,20270226,1,20270301,1,20270302,1,20270303,1,20270304,1,20270305,1,20270308,1,20270309,1,20270310,1,20270311,1,20270312,1,20270315,1,20270316,1,20270317,1,20270318,1,20270319,1,20270322,1,20270323,1,20270324,1,20270325,1,20270326,1,20270329,1,20270330,1,20270331,1,20270401,1,20270402,1,20270405,1,20270406,1,20270407,1,20270408,1,20270409,1,20270412,1,20270413,1,20270414,1,20270415,1,20270416,1,20270419,1,20270420,1,20270421,1,20270422,1,20270423,1,20270426,1,20270427,1,20270428,1,20270429,1,20270430,1,20270503,1,20270504,1,20270505,1,20270506,1,20270507,1,20270510,1,20270511,1,20270512,1,20270513,1,20270514,1,20270517,1,20270518,1,20270519,1,20270520,1,20270521,1,20270524,1,20270525,1,20270526,1,20270527,1,20270528,1,20270531,1,20270601,1,20270602,1,20270603,1,20270604,1,20270607,1,20270608,1,20270609,1,20270610,1,20270611,1,20270614,1,20270615,1,20270616,1,20270617,1,20270618,1,20270621,1,20270622,1,20270623,1,20270624,1,20270625,1,20270628,1,20270629,1,20270630,1,20270701,1,20270702,1,20270705,1,20270706,1,20270707,1,20270708,1,20270709,1,20270712,1,20270713,1,20270714,1,20270715,1,20270716,1,20270719,1,20270720,1,20270721,1,20270722,1,20270723,1,20270726,1,20270727,1,20270728,1,20270729,1,20270730,1,20270802,1,20270803,1,20270804,1,20270805,1,20270806,1,20270809,1,20270810,1,20270811,1,20270812,1,20270813,1,20270816,1,20270817,1,20270818,1,20270819,1,20270820,1,20270823,1,20270824,1,20270825,1,20270826,1,20270827,1,20270830,1,20270831,1,20270901,1,20270902,1,20270903,1,20270906,1,20270907,1,20270908,1,20270909,1,20270910,1,20270913,1,20270914,1,20270915,1,20270916,1,20270917,1,20270920,1,20270921,1,20270922,1,20270923,1,20270924,1
'1280196',20260924,1,20260925,1,20260928,1,20260929,1,20260930,1,20261001,1,20261002,1,20261005,1,20261006,1,20261007,1,20261008,1,20261009,1,20261012,1,20261013,1,20261014,1,20261015,1,20261016,1,20261019,1,20261020,1,20261021,1,20261022,1,20261023,1,20261026,1,20261027,1,20261028,1,20261029,1,20261030,1,20261102,1,20261103,1,20261104,1,20261105,1,20261106,1,20261109,1,20261110,1,20261111,1,20261112,1,20261113,1,20261116,1,20261117,1,20261118,1,20261119,1,20261120,1,20261123,1,20261124,1,20261125,1,20261126,1,20261127,1,20261130,1,20261201,1,20261202,1,20261203,1,20261204,1,20261207,1,20261208,1,20261209,1,20261210,1,20261211,1,20261214,1,20261215,1,20261216,1,20261217,1,20261218,1,20261221,1,20261222,1,20261223,1,20261224,1,20261225,1,20261228,1,20261229,1,20261230,1,20261231,1,20270101,1,20270104,1,20270105,1,20270106,1,20270107,1,20270108,1,20270111,1,20270112,1,20270113,1,20270114,1,20270115,1,20270118,1,20270119,1,20270120,1,20270121,1,20270122,1,20270125,1,20270126,1,20270127,1,20270128,1,20270129,1,20270201,1,20270202,1,20270203,1,20270204,1,20270205,1,20270208,1,20270209,1,20270210,1,20270211,1,20270212,1,20270215,1,20270216,1,20270217,1,20270218,1,20270219,1,20270222,1,20270223,1,20270224,1,20270225,1,20270226,1,20270301,1,20270302,1,20270303,1,20270304,1,20270305,1,20270308,1,20270309,1,20270310,1,20270311,1,20270312,1,20270315,1,20270316,1,20270317,1,20270318,1,20270319,1,20270322,1,20270323,1,20270324,1,20270325,1,20270326,1,20270329,1,20270330,1,20270331,1,20270401,1,20270402,1,20270405,1,20270406,1,20270407,1,20270408,1,20270409,1,20270412,1,20270413,1,20270414,1,20270415,1,20270416,1,20270419,1,20270420,1,20270421,1,20270422,1,20270423,1,20270426,1,20270427,1,20270428,1,20270429,1,20270430,1,20270503,1,20270504,1,20270505,1,20270506,1,20270507,1,20270510,1,20270511,1,20270512,1,20270513,1,20270514,1,20270517,1,20270518,1,20270519,1,20270520,1,20270521,1,20270524,1,20270525,1,20270526,1,20270527,1,20270528,1,20270531,1,20270601,1,20270602,1,20270603,1,20270604,1,20270607,1,20270608,1,20270609,1,20270610,1,20270611,1,20270614,1,20270615,1,20270616,1,20270617,1,20270618,1,20270621,1,20270622,1,20270623,1,20270624,1,20270625,1,20270628,1,20270629,1,20270630,1,20270701,1,20270702,1,20270705,1,20270706,1,20270707,1,20270708,1,20270709,1,20270712,1,20270713,1,20270714,1,20270715,1,20270716,1,20270719,1,20270720,1,20270721,1,20270722,1,20270723,1,20270726,1,20270727,1,20270728,1,20270729,1,20270730,1,20270802,1,20270803,1,20270804,1,20270805,1,20270806,1,20270809,1,20270810,1,20270811,1,20270812,1,20270813,1,20270816,1,20270817,1,20270818,1,20270819,1,20270820,1,20270823,1,20270824,1,20270825,1,20270826,1,20270827,1,20270830,1,20270831,1,20270901,1,20270902,1,20270903,1,20270906,1,20270907,1,20270908,1,20270909,1,20270910,1,20270913,1,20270914,1,20270915,1,20270916,1,20270917,1,20270920,1,20270921,1,20270922,1,20270923,1,20270924,1
'1280293',20260924,1,20260925,1,20260928,1,20260929,1,20260930,1,20261001,1,20261002,1,20261005,1,20261006,1,20261007,1,20261008,1,20261009,1,20261012,1,20261013,1,20261014,1,20261015,1,20261016,1,20261019,1,20261020,1,20261021,1,20261022,1,20261023,1,20261026,1,20261027,1,20261028,1,20261029,1,20261030,1,20261102,1,20261103,1,20261104,1,20261105,1,20261106,1,20261109,1,20261110,1,20261111,1,20261112,1,20261113,1,20261116,1,20261117,1,20261118,1,20261119,1,20261120,1,20261123,1,20261124,1,20261125,1,20261126,1,20261127,1,20261130,1,20261201,1,20261202,1,20261203,1,20261204,1,20261207,1,20261208,1,20261209,1,20261210,1,20261211,1,20261214,1,20261215,1,20261216,1,20261217,1,20261218,1,20261221,1,20261222,1,20261223,1,20261224,1,20261225,1,20261228,1,20261229,1,20261230,1,20261231,1,20270101,1,20270104,1,20270105,1,20270106,1,20270107,1,20270108,1,20270111,1,20270112,1,20270113,1,20270114,1,20270115,1,20270118,1,20270119,1,20270120,1,20270121,1,20270122,1,20270125,1,20270126,1,20270127,1,20270128,1,20270129,1,20270201,1,20270202,1,20270203,1,20270204,1,20270205,1,20270208,1,20270209,1,20270210,1,20270211,1,20270212,1,20270215,1,20270216,1,20270217,1,20270218,1,20270219,1,20270222,1,20270223,1,20270224,1,20270225,1,20270226,1,20270301,1,20270302,1,20270303,1,20270304,1,20270305,1,20270308,1,20270309,1,20270310,1,20270311,1,20270312,1,20270315,1,20270316,1,20270317,1,20270318,1,20270319,1,20270322,1,20270323,1,20270324,1,20270325,1,20270326,1,20270329,1,20270330,1,20270331,1,20270401,1,20270402,1,20270405,1,20270406,1,20270407,1,20270408,1,20270409,1,20270412,1,20270413,1,20270414,1,20270415,1,20270416,1,20270419,1,20270420,1,20270421,1,20270422,1,20270423,1,20270426,1,20270427,1,20270428,1,20270429,1,20270430,1,20270503,1,20270504,1,20270505,1,20270506,1,20270507,1,20270510,1,20270511,1,20270512,1,20270513,1,20270514,1,20270517,1,20270518,1,20270519,1,20270520,1,20270521,1,20270524,1,20270525,1,20270526,1,20270527,1,20270528,1,20270531,1,20270601,1,20270602,1,20270603,1,20270604,1,20270607,1,20270608,1,20270609,1,20270610,1,20270611,1,20270614,1,20270615,1,20270616,1,20270617,1,20270618,1,20270621,1,20270622,1,20270623,1,20270624,1,20270625,1,20270628,1,20270629,1,20270630,1,20270701,1,20270702,1,20270705,1,20270706,1,20270707,1,20270708,1,20270709,1,20270712,1,20270713,1,20270714,1,20270715,1,20270716,1,20270719,1,20270720,1,20270721,1,20270722,1,20270723,1,20270726,1,20270727,1,20270728,1,20270729,1,20270730,1,20270802,1,20270803,1,20270804,1,20270805,1,20270806,1,20270809,1,20270810,1,20270811,1,20270812,1,20270813,1,20270816,1,20270817,1,20270818,1,20270819,1,20270820,1,20270823,1,20270824,1,20270825,1,20270826,1,20270827,1,20270830,1,20270831,1,20270901,1,20270902,1,20270903,1,20270906,1,20270907,1,20270908,1,20270909,1,20270910,1,20270913,1,20270914,1,20270915,1,20270916,1,20270917,1,20270920,1,20270921,1,20270922,1,20270923,1,20270924,1
'1280418',20260924,1,20260925,1,20260928,1,20260929,1,20260930,1,20261001,1,20261002,1,20261005,1,20261006,1,20261007,1,20261008,1,20261009,1,20261012,1,20261013,1,20261014,1,20261015,1,20261016,1,20261019,1,20261020,1,20261021,1,20261022,1,20261023,1,20261026,1,20261027,1,20261028,1,20261029,1,20261030,1,20261102,1,20261103,1,20261104,1,20261105,1,20261106,1,20261109,1,20261110,1,20261111,1,20261112,1,20261113,1,20261116,1,20261117,1,20261118,1,20261119,1,20261120,1,20261123,1,20261124,1,20261125,1,20261126,1,20261127,1,20261130,1,20261201,1,20261202,1,20261203,1,20261204,1,20261207,1,20261208,1,20261209,1,20261210,1,20261211,1,20261214,1,20261215,1,20261216,1,20261217,1,20261218,1,20261221,1,20261222,1,20261223,1,20261224,1,20261225,1,20261228,1,20261229,1,20261230,1,20261231,1,20270101,1,20270104,1,20270105,1,20270106,1,20270107,1,20270108,1,20270111,1,20270112,1,20270113,1,20270114,1,20270115,1,20270118,1,20270119,1,20270120,1,20270121,1,20270122,1,20270125,1,20270126,1,20270127,1,20270128,1,20270129,1,20270201,1,20270202,1,20270203,1,20270204,1,20270205,1,20270208,1,20270209,1,20270210,1,20270211,1,20270212,1,20270215,1,20270216,1,20270217,1,20270218,1,20270219,1,20270222,1,20270223,1,20270224,1,20270225,1,20270226,1,20270301,1,20270302,1,20270303,1,20270304,1,20270305,1,20270308,1,20270309,1,20270310,1,20270311,1,20270312,1,20270315,1,20270316,1,20270317,1,20270318,1,20270319,1,20270322,1,20270323,1,20270324,1,20270325,1,20270326,1,20270329,1,20270330,1,20270331,1,20270401,1,20270402,1,20270405,1,20270406,1,20270407,1,20270408,1,20270409,1,20270412,1,20270413,1,20270414,1,20270415,1,20270416,1,20270419,1,20270420,1,20270421,1,20270422,1,20270423,1,20270426,1,20270427,1,20270428,1,20270429,1,20270430,1,20270503,1,20270504,1,20270505,1,20270506,1,20270507,1,20270510,1,20270511,1,20270512,1,20270513,1,20270514,1,20270517,1,20270518,1,20270519,1,20270520,1,20270521,1,20270524,1,20270525,1,20270526,1,20270527,1,20270528,1,20270531,1,20270601,1,20270602,1,20270603,1,20270604,1,20270607,1,20270608,1,20270609,1,20270610,1,20270611,1,20270614,1,20270615,1,20270616,1,20270617,1,20270618,1,20270621,1,20270622,1,20270623,1,20270624,1,20270625,1,20270628,1,20270629,1,20270630,1,20270701,1,20270702,1,20270705,1,20270706,1,20270707,1,20270708,1,20270709,1,20270712,1,20270713,1,20270714,1,20270715,1,20270716,1,20270719,1,20270720,1,20270721,1,20270722,1,20270723,1,20270726,1,20270727,1,20270728,1,20270729,1,20270730,1,20270802,1,20270803,1,20270804,1,20270805,1,20270806,1,20270809,1,20270810,1,20270811,1,20270812,1,20270813,1,20270816,1,20270817,1,20270818,1,20270819,1,20270820,1,20270823,1,20270824,1,20270825,1,20270826,1,20270827,1,20270830,1,20270831,1,20270901,1,20270902,1,20270903,1,20270906,1,20270907,1,20270908,1,20270909,1,20270910,1,20270913,1,20270914,1,20270915,1,20270916,1,20270917,1,20270920,1,20270921,1,20270922,1,20270923,1,20270924,1
'1280507',20260924,1,20260925,1,20260928,1,20260929,1,20260930,1,20261001,1,20261002,1,20261005,1,20261006,1,20261007,1,20261008,1,20261009,1,20261012,1,20261013,1,20261014,1,20261015,1,20261016,1,20261019,1,20261020,1,20261021,1,20261022,1,20261023,1,20261026,1,20261027,1,20261028,1,20261029,1,20261030,1,20261102,1,20261103,1,20261104,1,20261105,1,20261106,1,20261109,1,20261110,1,20261111,1,20261112,1,20261113,1,20261116,1,20261117,1,20261118,1,20261119,1,20261120,1,20261123,1,20261124,1,20261125,1,20261126,1,20261127,1,20261130,1,20261201,1,20261202,1,20261203,1,20261204,1,20261207,1,20261208,1,20261209,1,20261210,1,20261211,1,20261214,1,20261215,1,20261216,1,20261217,1,20261218,1,20261221,1,20261222,1,20261223,1,20261224,1,20261225,1,20261228,1,20261229,1,20261230,1,20261231,1,20270101,1,20270104,1,20270105,1,20270106,1,20270107,1,20270108,1,20270111,1,20270112,1,20270113,1,20270114,1,20270115,1,20270118,1,20270119,1,20270120,1,20270121,1,20270122,1,20270125,1,20270126,1,20270127,1,20270128,1,20270129,1,20270201,1,20270202,1,20270203,1,20270204,1,20270205,1,20270208,1,20270209,1,20270210,1,20270211,1,20270212,1,20270215,1,20270216,1,20270217,1,20270218,1,20270219,1,20270222,1,20270223,1,20270224,1,20270225,1,20270226,1,20270301,1,20270302,1,20270303,1,20270304,1,20270305,1,20270308,1,20270309,1,20270310,1,20270311,1,20270312,1,20270315,1,20270316,1,20270317,1,20270318,1,20270319,1,20270322,1,20270323,1,20270324,1,20270325,1,20270326,1,20270329,1,20270330,1,20270331,1,20270401,1,20270402,1,20270405,1,20270406,1,20270407,1,20270408,1,20270409,1,20270412,1,20270413,1,20270414,1,20270415,1,20270416,1,20270419,1,20270420,1,20270421,1,20270422,1,20270423,1,20270426,1,20270427,1,20270428,1,20270429,1,20270430,1,20270503,1,20270504,1,20270505,1,20270506,1,20270507,1,20270510,1,20270511,1,20270512,1,20270513,1,20270514,1,20270517,1,20270518,1,20270519,1,20270520,1,20270521,1,20270524,1,20270525,1,20270526,1,20270527,1,20270528,1,20270531,1,20270601,1,20270602,1,20270603,1,20270604,1,20270607,1,20270608,1,20270609,1,20270610,1,20270611,1,20270614,1,20270615,1,20270616,1,20270617,1,20270618,1,20270621,1,20270622,1,20270623,1,20270624,1,20270625,1,20270628,1,20270629,1,20270630,1,20270701,1,20270702,1,20270705,1,20270706,1,20270707,1,20270708,1,20270709,1,20270712,1,20270713,1,20270714,1,20270715,1,20270716,1,20270719,1,20270720,1,20270721,1,20270722,1,20270723,1,20270726,1,20270727,1,20270728,1,20270729,1,20270730,1,20270802,1,20270803,1,20270804,1,20270805,1,20270806,1,20270809,1,20270810,1,20270811,1,20270812,1,20270813,1,20270816,1,20270817,1,20270818,1,20270819,1,20270820,1,20270823,1,20270824,1,20270825,1,20270826,1,20270827,1,20270830,1,20270831,1,20270901,1,20270902,1,20270903,1,20270906,1,20270907,1,20270908,1,20270909,1,20270910,1,20270913,1,20270914,1,20270915,1,20270916,1,20270917,1,20270920,1,20270921,1,20270922,1,20270923,1,20270924,1
'1280528',20260924,1,20260925,1,20260928,1,20260929,1,20260930,1,20261001,1,20261002,1,20261005,1,20261006,1,20261007,1,20261008,1,20261009,1,20261012,1,20261013,1,20261014,1,20261015,1,20261016,1,20261019,1,20261020,1,20261021,1,20261022,1,20261023,1,20261026,1,20261027,1,20261028,1,20261029,1,20261030,1,20261102,1,20261103,1,20261104,1,20261105,1,20261106,1,20261109,1,20261110,1,20261111,1,20261112,1,20261113,1,20261116,1,20261117,1,20261118,1,20261119,1,20261120,1,20261123,1,20261124,1,20261125,1,20261126,1,20261127,1,20261130,1,20261201,1,20261202,1,20261203,1,20261204,1,20261207,1,20261208,1,20261209,1,20261210,1,20261211,1,20261214,1,20261215,1,20261216,1,20261217,1,20261218,1,20261221,1,20261222,1,20261223,1,20261224,1,20261225,1,20261228,1,20261229,1,20261230,1,20261231,1,20270101,1,20270104,1,20270105,1,20270106,1,20270107,1,20270108,1,20270111,1,20270112,1,20270113,1,20270114,1,20270115,1,20270118,1,20270119,1,20270120,1,20270121,1,20270122,1,20270125,1,20270126,1,20270127,1,20270128,1,20270129,1,20270201,1,20270202,1,20270203,1,20270204,1,20270205,1,20270208,1,20270209,1,20270210,1,20270211,1,20270212,1,20270215,1,20270216,1,20270217,1,20270218,1,20270219,1,20270222,1,20270223,1,20270224,1,20270225,1,20270226,1,20270301,1,20270302,1,20270303,1,20270304,1,20270305,1,20270308,1,20270309,1,20270310,1,20270311,1,20270312,1,20270315,1,20270316,1,20270317,1,20270318,1,20270319,1,20270322,1,20270323,1,20270324,1,20270325,1,20270326,1,20270329,1,20270330,1,20270331,1,20270401,1,20270402,1,20270405,1,20270406,1,20270407,1,20270408,1,20270409,1,20270412,1,20270413,1,20270414,1,20270415,1,20270416,1,20270419,1,20270420,1,20270421,1,20270422,1,20270423,1,20270426,1,20270427,1,20270428,1,20270429,1,20270430,1,20270503,1,20270504,1,20270505,1,20270506,1,20270507,1,20270510,1,20270511,1,20270512,1,20270513,1,20270514,1,20270517,1,20270518,1,20270519,1,20270520,1,20270521,1,20270524,1,20270525,1,20270526,1,20270527,1,20270528,1,20270531,1,20270601,1,20270602,1,20270603,1,20270604,1,20270607,1,20270608,1,20270609,1,20270610,1,20270611,1,20270614,1,20270615,1,20270616,1,20270617,1,20270618,1,20270621,1,20270622,1,20270623,1,20270624,1,20270625,1,20270628,1,20270629,1,20270630,1,20270701,1,20270702,1,20270705,1,20270706,1,20270707,1,20270708,1,20270709,1,20270712,1,20270713,1,20270714,1,20270715,1,20270716,1,20270719,1,20270720,1,20270721,1,20270722,1,20270723,1,20270726,1,20270727,1,20270728,1,20270729,1,20270730,1,20270802,1,20270803,1,20270804,1,20270805,1,20270806,1,20270809,1,20270810,1,20270811,1,20270812,1,20270813,1,20270816,1,20270817,1,20270818,1,20270819,1,20270820,1,20270823,1,20270824,1,20270825,1,20270826,1,20270827,1,20270830,1,20270831,1,20270901,1,20270902,1,20270903,1,20270906,1,20270907,1,20270908,1,20270909,1,20270910,1,20270913,1,20270914,1,20270915,1,20270916,1,20270917,1,20270920,1,20270921,1,20270922,1,20270923,1,20270924,1
'1280538',20260924,1,20260925,1,20260928,1,20260929,1,20260930,1,20261001,1,20261002,1,20261005,1,20261006,1,20261007,1,20261008,1,20261009,1,20261012,1,20261013,1,20261014,1,20261015,1,20261016,1,20261019,1,20261020,1,20261021,1,20261022,1,20261023,1,20261026,1,20261027,1,20261028,1,20261029,1,20261030,1,20261102,1,20261103,1,20261104,1,20261105,1,20261106,1,20261109,1,20261110,1,20261111,1,20261112,1,20261113,1,20261116,1,20261117,1,20261118,1,20261119,1,20261120,1,20261123,1,20261124,1,20261125,1,20261126,1,20261127,1,20261130,1,20261201,1,20261202,1,20261203,1,20261204,1,20261207,1,20261208,1,20261209,1,20261210,1,20261211,1,20261214,1,20261215,1,20261216,1,20261217,1,20261218,1,20261221,1,20261222,1,20261223,1,20261224,1,20261225,1,20261228,1,20261229,1,20261230,1,20261231,1,20270101,1,20270104,1,20270105,1,20270106,1,20270107,1,20270108,1,20270111,1,20270112,1,20270113,1,20270114,1,20270115,1,20270118,1,20270119,1,20270120,1,20270121,1,20270122,1,20270125,1,20270126,1,20270127,1,20270128,1,20270129,1,20270201,1,20270202,1,20270203,1,20270204,1,20270205,1,20270208,1,20270209,1,20270210,1,20270211,1,20270212,1,20270215,1,20270216,1,20270217,1,20270218,1,20270219,1,20270222,1,20270223,1,20270224,1,20270225,1,20270226,1,20270301,1,20270302,1,20270303,1,20270304,1,20270305,1,20270308,1,20270309,1,20270310,1,20270311,1,20270312,1,20270315,1,20270316,1,20270317,1,20270318,1,20270319,1,20270322,1,20270323,1,20270324,1,20270325,1,20270326,1,20270329,1,20270330,1,20270331,1,20270401,1,20270402,1,20270405,1,20270406,1,20270407,1,20270408,1,20270409,1,20270412,1,20270413,1,20270414,1,20270415,1,20270416,1,20270419,1,20270420,1,20270421,1,20270422,1,20270423,1,20270426,1,20270427,1,20270428,1,20270429,1,20270430,1,20270503,1,20270504,1,20270505,1,20270506,1,20270507,1,20270510,1,20270511,1,20270512,1,20270513,1,20270514,1,20270517,1,20270518,1,20270519,1,20270520,1,20270521,1,20270524,1,20270525,1,20270526,1,20270527,1,20270528,1,20270531,1,20270601,1,20270602,1,20270603,1,20270604,1,20270607,1,20270608,1,20270609,1,20270610,1,20270611,1,20270614,1,20270615,1,20270616,1,20270617,1,20270618,1,20270621,1,20270622,1,20270623,1,20270624,1,20270625,1,20270628,1,20270629,1,20270630,1,20270701,1,20270702,1,20270705,1,20270706,1,20270707,1,20270708,1,20270709,1,20270712,1,20270713,1,20270714,1,20270715,1,20270716,1,20270719,1,20270720,1,20270721,1,20270722,1,20270723,1,20270726,1,20270727,1,20270728,1,20270729,1,20270730,1,20270802,1,20270803,1,20270804,1,20270805,1,20270806,1,20270809,1,20270810,1,20270811,1,20270812,1,20270813,1,20270816,1,20270817,1,20270818,1,20270819,1,20270820,1,20270823,1,20270824,1,20270825,1,20270826,1,20270827,1,20270830,1,20270831,1,20270901,1,20270902,1,20270903,1,20270906,1,20270907,1,20270908,1,20270909,1,20270910,1,20270913,1,20270914,1,20270915,1,20270916,1,20270917,1,20270920,1,20270921,1,20270922,1,20270923,1,20270924,1
'1280597',20260924,1,20260925,1,20260928,1,20260929,1,20260930,1,20261001,1,20261002,1,20261005,1,20261006,1,20261007,1,20261008,1,20261009,1,20261012,1,20261013,1,20261014,1,20261015,1,20261016,1,20261019,1,20261020,1,20261021,1,20261022,1,20261023,1,20261026,1,20261027,1,20261028,1,20261029,1,20261030,1,20261102,1,20261103,1,20261104,1,20261105,1,20261106,1,20261109,1,20261110,1,20261111,1,20261112,1,20261113,1,20261116,1,20261117,1,20261118,1,20261119,1,20261120,1,20261123,1,20261124,1,20261125,1,20261126,1,20261127,1,20261130,1,20261201,1,20261202,1,20261203,1,20261204,1,20261207,1,20261208,1,20261209,1,20261210,1,20261211,1,20261214,1,20261215,1,20261216,1,20261217,1,20261218,1,20261221,1,20261222,1,20261223,1,20261224,1,20261225,1,20261228,1,20261229,1,20261230,1,20261231,1,20270101,1,20270104,1,20270105,1,20270106,1,20270107,1,20270108,1,20270111,1,20270112,1,20270113,1,20270114,1,20270115,1,20270118,1,20270119,1,20270120,1,20270121,1,20270122,1,20270125,1,20270126,1,20270127,1,20270128,1,20270129,1,20270201,1,20270202,1,20270203,1,20270204,1,20270205,1,20270208,1,20270209,1,20270210,1,20270211,1,20270212,1,20270215,1,20270216,1,20270217,1,20270218,1,20270219,1,20270222,1,20270223,1,20270224,1,20270225,1,20270226,1,20270301,1,20270302,1,20270303,1,20270304,1,20270305,1,20270308,1,20270309,1,20270310,1,20270311,1,20270312,1,20270315,1,20270316,1,20270317,1,20270318,1,20270319,1,20270322,1,20270323,1,20270324,1,20270325,1,20270326,1,20270329,1,20270330,1,20270331,1,20270401,1,20270402,1,20270405,1,20270406,1,20270407,1,20270408,1,20270409,1,20270412,1,20270413,1,20270414,1,20270415,1,20270416,1,20270419,1,20270420,1,20270421,1,20270422,1,20270423,1,20270426,1,20270427,1,20270428,1,20270429,1,20270430,1,20270503,1,20270504,1,20270505,1,20270506,1,20270507,1,20270510,1,20270511,1,20270512,1,20270513,1,20270514,1,20270517,1,20270518,1,20270519,1,20270520,1,20270521,1,20270524,1,20270525,1,20270526,1,20270527,1,20270528,1,20270531,1,20270601,1,20270602,1,20270603,1,20270604,1,20270607,1,20270608,1,20270609,1,20270610,1,20270611,1,20270614,1,20270615,1,20270616,1,20270617,1,20270618,1,20270621,1,20270622,1,20270623,1,20270624,1,20270625,1,20270628,1,20270629,1,20270630,1,20270701,1,20270702,1,20270705,1,20270706,1,20270707,1,20270708,1,20270709,1,20270712,1,20270713,1,20270714,1,20270715,1,20270716,1,20270719,1,20270720,1,20270721,1,20270722,1,20270723,1,20270726,1,20270727,1,20270728,1,20270729,1,20270730,1,20270802,1,20270803,1,20270804,1,20270805,1,20270806,1,20270809,1,20270810,1,20270811,1,20270812,1,20270813,1,20270816,1,20270817,1,20270818,1,20270819,1,20270820,1,20270823,1,20270824,1,20270825,1,20270826,1,20270827,1,20270830,1,20270831,1,20270901,1,20270902,1,20270903,1,20270906,1,20270907,1,20270908,1,20270909,1,20270910,1,20270913,1,20270914,1,20270915,1,20270916,1,20270917,1,20270920,1,20270921,1,20270922,1,20270923,1,20270924,1
'1280704',20260924,1,20260925,1,20260928,1,20260929,1,20260930,1,20261001,1,20261002,1,20261005,1,20261006,1,20261007,1,20261008,1,20261009,1,20261012,1,20261013,1,20261014,1,20261015,1,20261016,1,20261019,1,20261020,1,20261021,1,20261022,1,20261023,1,20261026,1,20261027,1,20261028,1,20261029,1,20261030,1,20261102,1,20261103,1,20261104,1,20261105,1,20261106,1,20261109,1,20261110,1,20261111,1,20261112,1,20261113,1,20261116,1,20261117,1,20261118,1,20261119,1,20261120,1,20261123,1,20261124,1,20261125,1,20261126,1,20261127,1,20261130,1,20261201,1,20261202,1,20261203,1,20261204,1,20261207,1,20261208,1,20261209,1,20261210,1,20261211,1,20261214,1,20261215,1,20261216,1,20261217,1,20261218,1,20261221,1,20261222,1,20261223,1,20261224,1,20261225,1,20261228,1,20261229,1,20261230,1,20261231,1,20270101,1,20270104,1,20270105,1,20270106,1,20270107,1,20270108,1,20270111,1,20270112,1,20270113,1,20270114,1,20270115,1,20270118,1,20270119,1,20270120,1,20270121,1,20270122,1,20270125,1,20270126,1,20270127,1,20270128,1,20270129,1,20270201,1,20270202,1,20270203,1,20270204,1,20270205,1,20270208,1,20270209,1,20270210,1,20270211,1,20270212,1,20270215,1,20270216,1,20270217,1,20270218,1,20270219,1,20270222,1,20270223,1,20270224,1,20270225,1,20270226,1,20270301,1,20270302,1,20270303,1,20270304,1,20270305,1,20270308,1,20270309,1,20270310,1,20270311,1,20270312,1,20270315,1,20270316,1,20270317,1,20270318,1,20270319,1,20270322,1,20270323,1,20270324,1,20270325,1,20270326,1,20270329,1,20270330,1,20270331,1,20270401,1,20270402,1,20270405,1,20270406,1,20270407,1,20270408,1,20270409,1,20270412,1,20270413,1,20270414,1,20270415,1,20270416,1,20270419,1,20270420,1,20270421,1,20270422,1,20270423,1,20270426,1,20270427,1,20270428,1,20270429,1,20270430,1,20270503,1,20270504,1,20270505,1,20270506,1,20270507,1,20270510,1,20270511,1,20270512,1,20270513,1,20270514,1,20270517,1,20270518,1,20270519,1,20270520,1,20270521,1,20270524,1,20270525,1,20270526,1,20270527,1,20270528,1,20270531,1,20270601,1,20270602,1,20270603,1,20270604,1,20270607,1,20270608,1,20270609,1,20270610,1,20270611,1,20270614,1,20270615,1,20270616,1,20270617,1,20270618,1,20270621,1,20270622,1,20270623,1,20270624,1,20270625,1,20270628,1,20270629,1,20270630,1,20270701,1,20270702,1,20270705,1,20270706,1,20270707,1,20270708,1,20270709,1,20270712,1,20270713,1,20270714,1,20270715,1,20270716,1,20270719,1,20270720,1,20270721,1,20270722,1,20270723,1,20270726,1,20270727,1,20270728,1,20270729,1,20270730,1,20270802,1,20270803,1,20270804,1,20270805,1,20270806,1,20270809,1,20270810,1,20270811,1,20270812,1,20270813,1,20270816,1,20270817,1,20270818,1,20270819,1,20270820,1,20270823,1,20270824,1,20270825,1,20270826,1,20270827,1,20270830,1,20270831,1,20270901,1,20270902,1,20270903,1,20270906,1,20270907,1,20270908,1,20270909,1,20270910,1,20270913,1,20270914,1,20270915,1,20270916,1,20270917,1,20270920,1,20270921,1,20270922,1,20270923,1,20270924,1
'1280767',20260924,1,20260925,1,20260928,1,20260929,1,20260930,1,20261001,1,20261002,1,20261005,1,20261006,1,20261007,1,20261008,1,20261009,1,20261012,1,20261013,1,20261014,1,20261015,1,20261016,1,20261019,1,20261020,1,20261021,1,20261022,1,20261023,1,20261026,1,20261027,1,20261028,1,20261029,1,20261030,1,20261102,1,20261103,1,20261104,1,20261105,1,20261106,1,20261109,1,20261110,1,20261111,1,20261112,1,20261113,1,20261116,1,20261117,1,20261118,1,20261119,1,20261120,1,20261123,1,20261124,1,20261125,1,20261126,1,20261127,1,20261130,1,20261201,1,20261202,1,20261203,1,20261204,1,20261207,1,20261208,1,20261209,1,20261210,1,20261211,1,20261214,1,20261215,1,20261216,1,20261217,1,20261218,1,20261221,1,20261222,1,20261223,1,20261224,1,20261225,1,20261228,1,20261229,1,20261230,1,20261231,1,20270101,1,20270104,1,20270105,1,20270106,1,20270107,1,20270108,1,20270111,1,20270112,1,20270113,1,20270114,1,20270115,1,20270118,1,20270119,1,20270120,1,20270121,1,20270122,1,20270125,1,20270126,1,20270127,1,20270128,1,20270129,1,20270201,1,20270202,1,20270203,1,20270204,1,20270205,1,20270208,1,20270209,1,20270210,1,20270211,1,20270212,1,20270215,1,20270216,1,20270217,1,20270218,1,20270219,1,20270222,1,20270223,1,20270224,1,20270225,1,20270226,1,20270301,1,20270302,1,20270303,1,20270304,1,20270305,1,20270308,1,20270309,1,20270310,1,20270311,1,20270312,1,20270315,1,20270316,1,20270317,1,20270318,1,20270319,1,20270322,1,20270323,1,20270324,1,20270325,1,20270326,1,20270329,1,20270330,1,20270331,1,20270401,1,20270402,1,20270405,1,20270406,1,20270407,1,20270408,1,20270409,1,20270412,1,20270413,1,20270414,1,20270415,1,20270416,1,20270419,1,20270420,1,20270421,1,20270422,1,20270423,1,20270426,1,20270427,1,20270428,1,20270429,1,20270430,1,20270503,1,20270504,1,20270505,1,20270506,1,20270507,1,20270510,1,20270511,1,20270512,1,20270513,1,20270514,1,20270517,1,20270518,1,20270519,1,20270520,1,20270521,1,20270524,1,20270525,1,20270526,1,20270527,1,20270528,1,20270531,1,20270601,1,20270602,1,20270603,1,20270604,1,20270607,1,20270608,1,20270609,1,20270610,1,20270611,1,20270614,1,20270615,1,20270616,1,20270617,1,20270618,1,20270621,1,20270622,1,20270623,1,20270624,1,20270625,1,20270628,1,20270629,1,20270630,1,20270701,1,20270702,1,20270705,1,20270706,1,20270707,1,20270708,1,20270709,1,20270712,1,20270713,1,20270714,1,20270715,1,20270716,1,20270719,1,20270720,1,20270721,1,20270722,1,20270723,1,20270726,1,20270727,1,20270728,1,20270729,1,20270730,1,20270802,1,20270803,1,20270804,1,20270805,1,20270806,1,20270809,1,20270810,1,20270811,1,20270812,1,20270813,1,20270816,1,20270817,1,20270818,1,20270819,1,20270820,1,20270823,1,20270824,1,20270825,1,20270826,1,20270827,1,20270830,1,20270831,1,20270901,1,20270902,1,20270903,1,20270906,1,20270907,1,20270908,1,20270909,1,20270910,1,20270913,1,20270914,1,20270915,1,20270916,1,20270917,1,20270920,1,20270921,1,20270922,1,20270923,1,20270924,1
'1280838',20260924,1,20260925,1,20260928,1,20260929,1,20260930,1,20261001,1,20261002,1,20261005,1,20261006,1,20261007,1,20261008,1,20261009,1,20261012,1,20261013,1,20261014,1,20261015,1,20261016,1,20261019,1,20261020,1,20261021,1,20261022,1,20261023,1,20261026,1,20261027,1,20261028,1,20261029,1,20261030,1,20261102,1,20261103,1,20261104,1,20261105,1,20261106,1,20261109,1,20261110,1,20261111,1,20261112,1,20261113,1,20261116,1,20261117,1,20261118,1,20261119,1,20261120,1,20261123,1,20261124,1,20261125,1,20261126,1,20261127,1,20261130,1,20261201,1,20261202,1,20261203,1,20261204,1,20261207,1,20261208,1,20261209,1,20261210,1,20261211,1,20261214,1,20261215,1,20261216,1,20261217,1,20261218,1,20261221,1,20261222,1,20261223,1,20261224,1,20261225,1,20261228,1,20261229,1,20261230,1,20261231,1,20270101,1,20270104,1,20270105,1,20270106,1,20270107,1,20270108,1,20270111,1,20270112,1,20270113,1,20270114,1,20270115,1,20270118,1,20270119,1,20270120,1,20270121,1,20270122,1,20270125,1,20270126,1,20270127,1,20270128,1,20270129,1,20270201,1,20270202,1,20270203,1,20270204,1,20270205,1,20270208,1,20270209,1,20270210,1,20270211,1,20270212,1,20270215,1,20270216,1,20270217,1,20270218,1,20270219,1,20270222,1,20270223,1,20270224,1,20270225,1,20270226,1,20270301,1,20270302,1,20270303,1,20270304,1,20270305,1,20270308,1,20270309,1,20270310,1,20270311,1,20270312,1,20270315,1,20270316,1,20270317,1,20270318,1,20270319,1,20270322,1,20270323,1,20270324,1,20270325,1,20270326,1,20270329,1,20270330,1,20270331,1,20270401,1,20270402,1,20270405,1,20270406,1,20270407,1,20270408,1,20270409,1,20270412,1,20270413,1,20270414,1,20270415,1,20270416,1,20270419,1,20270420,1,20270421,1,20270422,1,20270423,1,20270426,1,20270427,1,20270428,1,20270429,1,20270430,1,20270503,1,20270504,1,20270505,1,20270506,1,20270507,1,20270510,1,20270511,1,20270512,1,20270513,1,20270514,1,20270517,1,20270518,1,20270519,1,20270520,1,20270521,1,20270524,1,20270525,1,20270526,1,20270527,1,20270528,1,20270531,1,20270601,1,20270602,1,20270603,1,20270604,1,20270607,1,20270608,1,20270609,1,20270610,1,20270611,1,20270614,1,20270615,1,20270616,1,20270617,1,20270618,1,20270621,1,20270622,1,20270623,1,20270624,1,20270625,1,20270628,1,20270629,1,20270630,1,20270701,1,20270702,1,20270705,1,20270706,1,20270707,1,20270708,1,20270709,1,20270712,1,20270713,1,20270714,1,20270715,1,20270716,1,20270719,1,20270720,1,20270721,1,20270722,1,20270723,1,20270726,1,20270727,1,20270728,1,20270729,1,20270730,1,20270802,1,20270803,1,20270804,1,20270805,1,20270806,1,20270809,1,20270810,1,20270811,1,20270812,1,20270813,1,20270816,1,20270817,1,20270818,1,20270819,1,20270820,1,20270823,1,20270824,1,20270825,1,20270826,1,20270827,1,20270830,1,20270831,1,20270901,1,20270902,1,20270903,1,20270906,1,20270907,1,20270908,1,20270909,1,20270910,1,20270913,1,20270914,1,20270915,1,20270916,1,20270917,1,20270920,1,20270921,1,20270922,1,20270923,1,20270924,1
'1280921',20260924,1,20260925,1,20260928,1,20260929,1,20260930,1,20261001,1,20261002,1,20261005,1,20261006,1,20261007,1,20261008,1,20261009,1,20261012,1,20261013,1,20261014,1,20261015,1,20261016,1,20261019,1,20261020,1,20261021,1,20261022,1,20261023,1,20261026,1,20261027,1,20261028,1,20261029,1,20261030,1,20261102,1,20261103,1,20261104,1,20261105,1,20261106,1,20261109,1,20261110,1,20261111,1,20261112,1,20261113,1,20261116,1,20261117,1,20261118,1,20261119,1,20261120,1,20261123,1,20261124,1,20261125,1,20261126,1,20261127,1,20261130,1,20261201,1,20261202,1,20261203,1,20261204,1,20261207,1,20261208,1,20261209,1,20261210,1,20261211,1,20261214,1,20261215,1,20261216,1,20261217,1,20261218,1,20261221,1,20261222,1,20261223,1,20261224,1,20261225,1,20261228,1,20261229,1,20261230,1,20261231,1,20270101,1,20270104,1,20270105,1,20270106,1,20270107,1,20270108,1,20270111,1,20270112,1,20270113,1,20270114,1,20270115,1,20270118,1,20270119,1,20270120,1,20270121,1,20270122,1,20270125,1,20270126,1,20270127,1,20270128,1,20270129,1,20270201,1,20270202,1,20270203,1,20270204,1,20270205,1,20270208,1,20270209,1,20270210,1,20270211,1,20270212,1,20270215,1,20270216,1,20270217,1,20270218,1,20270219,1,20270222,1,20270223,1,20270224,1,20270225,1,20270226,1,20270301,1,20270302,1,20270303,1,20270304,1,20270305,1,20270308,1,20270309,1,20270310,1,20270311,1,20270312,1,20270315,1,20270316,1,20270317,1,20270318,1,20270319,1,20270322,1,20270323,1,20270324,1,20270325,1,20270326,1,20270329,1,20270330,1,20270331,1,20270401,1,20270402,1,20270405,1,20270406,1,20270407,1,20270408,1,20270409,1,20270412,1,20270413,1,20270414,1,20270415,1,20270416,1,20270419,1,20270420,1,20270421,1,20270422,1,20270423,1,20270426,1,20270427,1,20270428,1,20270429,1,20270430,1,20270503,1,20270504,1,20270505,1,20270506,1,20270507,1,20270510,1,20270511,1,20270512,1,20270513,1,20270514,1,20270517,1,20270518,1,20270519,1,20270520,1,20270521,1,20270524,1,20270525,1,20270526,1,20270527,1,20270528,1,20270531,1,20270601,1,20270602,1,20270603,1,20270604,1,20270607,1,20270608,1,20270609,1,20270610,1,20270611,1,20270614,1,20270615,1,20270616,1,20270617,1,20270618,1,20270621,1,20270622,1,20270623,1,20270624,1,20270625,1,20270628,1,20270629,1,20270630,1,20270701,1,20270702,1,20270705,1,20270706,1,20270707,1,20270708,1,20270709,1,20270712,1,20270713,1,20270714,1,20270715,1,20270716,1,20270719,1,20270720,1,20270721,1,20270722,1,20270723,1,20270726,1,20270727,1,20270728,1,20270729,1,20270730,1,20270802,1,20270803,1,20270804,1,20270805,1,20270806,1,20270809,1,20270810,1,20270811,1,20270812,1,20270813,1,20270816,1,20270817,1,20270818,1,20270819,1,20270820,1,20270823,1,20270824,1,20270825,1,20270826,1,20270827,1,20270830,1,20270831,1,20270901,1,20270902,1,20270903,1,20270906,1,20270907,1,20270908,1,20270909,1,20270910,1,20270913,1,20270914,1,20270915,1,20270916,1,20270917,1,20270920,1,20270921,1,20270922,1,20270923,1,20270924,1
'1280939',20260924,1,20260925,1,20260928,1,20260929,1,20260930,1,20261001,1,20261002,1,20261005,1,20261006,1,20261007,1,20261008,1,20261009,1,20261012,1,20261013,1,20261014,1,20261015,1,20261016,1,20261019,1,20261020,1,20261021,1,20261022,1,20261023,1,20261026,1,20261027,1,20261028,1,20261029,1,20261030,1,20261102,1,20261103,1,20261104,1,20261105,1,20261106,1,20261109,1,20261110,1,20261111,1,20261112,1,20261113,1,20261116,1,20261117,1,20261118,1,20261119,1,20261120,1,20261123,1,20261124,1,20261125,1,20261126,1,20261127,1,20261130,1,20261201,1,20261202,1,20261203,1,20261204,1,20261207,1,20261208,1,20261209,1,20261210,1,20261211,1,20261214,1,20261215,1,20261216,1,20261217,1,20261218,1,20261221,1,20261222,1,20261223,1,20261224,1,20261225,1,20261228,1,20261229,1,20261230,1,20261231,1,20270101,1,20270104,1,20270105,1,20270106,1,20270107,1,20270108,1,20270111,1,20270112,1,20270113,1,20270114,1,20270115,1,20270118,1,20270119,1,20270120,1,20270121,1,20270122,1,20270125,1,20270126,1,20270127,1,20270128,1,20270129,1,20270201,1,20270202,1,20270203,1,20270204,1,20270205,1,20270208,1,20270209,1,20270210,1,20270211,1,20270212,1,20270215,1,20270216,1,20270217,1,20270218,1,20270219,1,20270222,1,20270223,1,20270224,1,20270225,1,20270226,1,20270301,1,20270302,1,20270303,1,20270304,1,20270305,1,20270308,1,20270309,1,20270310,1,20270311,1,20270312,1,20270315,1,20270316,1,20270317,1,20270318,1,20270319,1,20270322,1,20270323,1,20270324,1,20270325,1,20270326,1,20270329,1,20270330,1,20270331,1,20270401,1,20270402,1,20270405,1,20270406,1,20270407,1,20270408,1,20270409,1,20270412,1,20270413,1,20270414,1,20270415,1,20270416,1,20270419,1,20270420,1,20270421,1,20270422,1,20270423,1,20270426,1,20270427,1,20270428,1,20270429,1,20270430,1,20270503,1,20270504,1,20270505,1,20270506,1,20270507,1,20270510,1,20270511,1,20270512,1,20270513,1,20270514,1,20270517,1,20270518,1,20270519,1,20270520,1,20270521,1,20270524,1,20270525,1,20270526,1,20270527,1,20270528,1,20270531,1,20270601,1,20270602,1,20270603,1,20270604,1,20270607,1,20270608,1,20270609,1,20270610,1,20270611,1,20270614,1,20270615,1,20270616,1,20270617,1,20270618,1,20270621,1,20270622,1,20270623,1,20270624,1,20270625,1,20270628,1,20270629,1,20270630,1,20270701,1,20270702,1,20270705,1,20270706,1,20270707,1,20270708,1,20270709,1,20270712,1,20270713,1,20270714,1,20270715,1,20270716,1,20270719,1,20270720,1,20270721,1,20270722,1,20270723,1,20270726,1,20270727,1,20270728,1,20270729,1,20270730,1,20270802,1,20270803,1,20270804,1,20270805,1,20270806,1,20270809,1,20270810,1,20270811,1,20270812,1,20270813,1,20270816,1,20270817,1,20270818,1,20270819,1,20270820,1,20270823,1,20270824,1,20270825,1,20270826,1,20270827,1,20270830,1,20270831,1,20270901,1,20270902,1,20270903,1,20270906,1,20270907,1,20270908,1,20270909,1,20270910,1,20270913,1,20270914,1,20270915,1,20270916,1,20270917,1,20270920,1,20270921,1,20270922,1,20270923,1,20270924,1
'1281159',20260924,1,20260925,1,20260928,1,20260929,1,20260930,1,20261001,1,20261002,1,20261005,1,20261006,1,20261007,1,20261008,1,20261009,1,20261012,1,20261013,1,20261014,1,20261015,1,20261016,1,20261019,1,20261020,1,20261021,1,20261022,1,20261023,1,20261026,1,20261027,1,20261028,1,20261029,1,20261030,1,20261102,1,20261103,1,20261104,1,20261105,1,20261106,1,20261109,1,20261110,1,20261111,1,20261112,1,20261113,1,20261116,1,20261117,1,20261118,1,20261119,1,20261120,1,20261123,1,20261124,1,20261125,1,20261126,1,20261127,1,20261130,1,20261201,1,20261202,1,20261203,1,20261204,1,20261207,1,20261208,1,20261209,1,20261210,1,20261211,1,20261214,1,20261215,1,20261216,1,20261217,1,20261218,1,20261221,1,20261222,1,20261223,1,20261224,1,20261225,1,20261228,1,20261229,1,20261230,1,20261231,1,20270101,1,20270104,1,20270105,1,20270106,1,20270107,1,20270108,1,20270111,1,20270112,1,20270113,1,20270114,1,20270115,1,20270118,1,20270119,1,20270120,1,20270121,1,20270122,1,20270125,1,20270126,1,20270127,1,20270128,1,20270129,1,20270201,1,20270202,1,20270203,1,20270204,1,20270205,1,20270208,1,20270209,1,20270210,1,20270211,1,20270212,1,20270215,1,20270216,1,20270217,1,20270218,1,20270219,1,20270222,1,20270223,1,20270224,1,20270225,1,20270226,1,20270301,1,20270302,1,20270303,1,20270304,1,20270305,1,20270308,1,20270309,1,20270310,1,20270311,1,20270312,1,20270315,1,20270316,1,20270317,1,20270318,1,20270319,1,20270322,1,20270323,1,20270324,1,20270325,1,20270326,1,20270329,1,20270330,1,20270331,1,20270401,1,20270402,1,20270405,1,20270406,1,20270407,1,20270408,1,20270409,1,20270412,1,20270413,1,20270414,1,20270415,1,20270416,1,20270419,1,20270420,1,20270421,1,20270422,1,20270423,1,20270426,1,20270427,1,20270428,1,20270429,1,20270430,1,20270503,1,20270504,1,20270505,1,20270506,1,20270507,1,20270510,1,20270511,1,20270512,1,20270513,1,20270514,1,20270517,1,20270518,1,20270519,1,20270520,1,20270521,1,20270524,1,20270525,1,20270526,1,20270527,1,20270528,1,20270531,1,20270601,1,20270602,1,20270603,1,20270604,1,20270607,1,20270608,1,20270609,1,20270610,1,20270611,1,20270614,1,20270615,1,20270616,1,20270617,1,20270618,1,20270621,1,20270622,1,20270623,1,20270624,1,20270625,1,20270628,1,20270629,1,20270630,1,20270701,1,20270702,1,20270705,1,20270706,1,20270707,1,20270708,1,20270709,1,20270712,1,20270713,1,20270714,1,20270715,1,20270716,1,20270719,1,20270720,1,20270721,1,20270722,1,20270723,1,20270726,1,20270727,1,20270728,1,20270729,1,20270730,1,20270802,1,20270803,1,20270804,1,20270805,1,20270806,1,20270809,1,20270810,1,20270811,1,20270812,1,20270813,1,20270816,1,20270817,1,20270818,1,20270819,1,20270820,1,20270823,1,20270824,1,20270825,1,20270826,1,20270827,1,20270830,1,20270831,1,20270901,1,20270902,1,20270903,1,20270906,1,20270907,1,20270908,1,20270909,1,20270910,1,20270913,1,20270914,1,20270915,1,20270916,1,20270917,1,20270920,1,20270921,1,20270922,1,20270923,1,20270924,1
'1281220',20260924,1,20260925,1,20260928,1,20260929,1,20260930,1,20261001,1,20261002,1,20261005,1,20261006,1,20261007,1,20261008,1,20261009,1,20261012,1,20261013,1,20261014,1,20261015,1,20261016,1,20261019,1,20261020,1,20261021,1,20261022,1,20261023,1,20261026,1,20261027,1,20261028,1,20261029,1,20261030,1,20261102,1,20261103,1,20261104,1,20261105,1,20261106,1,20261109,1,20261110,1,20261111,1,20261112,1,20261113,1,20261116,1,20261117,1,20261118,1,20261119,1,20261120,1,20261123,1,20261124,1,20261125,1,20261126,1,20261127,1,20261130,1,20261201,1,20261202,1,20261203,1,20261204,1,20261207,1,20261208,1,20261209,1,20261210,1,20261211,1,20261214,1,20261215,1,20261216,1,20261217,1,20261218,1,20261221,1,20261222,1,20261223,1,20261224,1,20261225,1,20261228,1,20261229,1,20261230,1,20261231,1,20270101,1,20270104,1,20270105,1,20270106,1,20270107,1,20270108,1,20270111,1,20270112,1,20270113,1,20270114,1,20270115,1,20270118,1,20270119,1,20270120,1,20270121,1,20270122,1,20270125,1,20270126,1,20270127,1,20270128,1,20270129,1,20270201,1,20270202,1,20270203,1,20270204,1,20270205,1,20270208,1,20270209,1,20270210,1,20270211,1,20270212,1,20270215,1,20270216,1,20270217,1,20270218,1,20270219,1,20270222,1,20270223,1,20270224,1,20270225,1,20270226,1,20270301,1,20270302,1,20270303,1,20270304,1,20270305,1,20270308,1,20270309,1,20270310,1,20270311,1,20270312,1,20270315,1,20270316,1,20270317,1,20270318,1,20270319,1,20270322,1,20270323,1,20270324,1,20270325,1,20270326,1,20270329,1,20270330,1,20270331,1,20270401,1,20270402,1,20270405,1,20270406,1,20270407,1,20270408,1,20270409,1,20270412,1,20270413,1,20270414,1,20270415,1,20270416,1,20270419,1,20270420,1,20270421,1,20270422,1,20270423,1,20270426,1,20270427,1,20270428,1,20270429,1,20270430,1,20270503,1,20270504,1,20270505,1,20270506,1,20270507,1,20270510,1,20270511,1,20270512,1,20270513,1,20270514,1,20270517,1,20270518,1,20270519,1,20270520,1,20270521,1,20270524,1,20270525,1,20270526,1,20270527,1,20270528,1,20270531,1,20270601,1,20270602,1,20270603,1,20270604,1,20270607,1,20270608,1,20270609,1,20270610,1,20270611,1,20270614,1,20270615,1,20270616,1,20270617,1,20270618,1,20270621,1,20270622,1,20270623,1,20270624,1,20270625,1,20270628,1,20270629,1,20270630,1,20270701,1,20270702,1,20270705,1,20270706,1,20270707,1,20270708,1,20270709,1,20270712,1,20270713,1,20270714,1,20270715,1,20270716,1,20270719,1,20270720,1,20270721,1,20270722,1,20270723,1,20270726,1,20270727,1,20270728,1,20270729,1,20270730,1,20270802,1,20270803,1,20270804,1,20270805,1,20270806,1,20270809,1,20270810,1,20270811,1,20270812,1,20270813,1,20270816,1,20270817,1,20270818,1,20270819,1,20270820,1,20270823,1,20270824,1,20270825,1,20270826,1,20270827,1,20270830,1,20270831,1,20270901,1,20270902,1,20270903,1,20270906,1,20270907,1,20270908,1,20270909,1,20270910,1,20270913,1,20270914,1,20270915,1,20270916,1,20270917,1,20270920,1,20270921,1,20270922,1,20270923,1,20270924,1
'1281330',20260924,1,20260925,1,20260928,1,20260929,1,20260930,1,20261001,1,20261002,1,20261005,1,20261006,1,20261007,1,20261008,1,20261009,1,20261012,1,20261013,1,20261014,1,20261015,1,20261016,1,20261019,1,20261020,1,20261021,1,20261022,1,20261023,1,20261026,1,20261027,1,20261028,1,20261029,1,20261030,1,20261102,1,20261103,1,20261104,1,20261105,1,20261106,1,20261109,1,20261110,1,20261111,1,20261112,1,20261113,1,20261116,1,20261117,1,20261118,1,20261119,1,20261120,1,20261123,1,20261124,1,20261125,1,20261126,1,20261127,1,20261130,1,20261201,1,20261202,1,20261203,1,20261204,1,20261207,1,20261208,1,20261209,1,20261210,1,20261211,1,20261214,1,20261215,1,20261216,1,20261217,1,20261218,1,20261221,1,20261222,1,20261223,1,20261224,1,20261225,1,20261228,1,20261229,1,20261230,1,20261231,1,20270101,1,20270104,1,20270105,1,20270106,1,20270107,1,20270108,1,20270111,1,20270112,1,20270113,1,20270114,1,20270115,1,20270118,1,20270119,1,20270120,1,20270121,1,20270122,1,20270125,1,20270126,1,20270127,1,20270128,1,20270129,1,20270201,1,20270202,1,20270203,1,20270204,1,20270205,1,20270208,1,20270209,1,20270210,1,20270211,1,20270212,1,20270215,1,20270216,1,20270217,1,20270218,1,20270219,1,20270222,1,20270223,1,20270224,1,20270225,1,20270226,1,20270301,1,20270302,1,20270303,1,20270304,1,20270305,1,20270308,1,20270309,1,20270310,1,20270311,1,20270312,1,20270315,1,20270316,1,20270317,1,20270318,1,20270319,1,20270322,1,20270323,1,20270324,1,20270325,1,20270326,1,20270329,1,20270330,1,20270331,1,20270401,1,20270402,1,20270405,1,20270406,1,20270407,1,20270408,1,20270409,1,20270412,1,20270413,1,20270414,1,20270415,1,20270416,1,20270419,1,20270420,1,20270421,1,20270422,1,20270423,1,20270426,1,20270427,1,20270428,1,20270429,1,20270430,1,20270503,1,20270504,1,20270505,1,20270506,1,20270507,1,20270510,1,20270511,1,20270512,1,20270513,1,20270514,1,20270517,1,20270518,1,20270519,1,20270520,1,20270521,1,20270524,1,20270525,1,20270526,1,20270527,1,20270528,1,20270531,1,20270601,1,20270602,1,20270603,1,20270604,1,20270607,1,20270608,1,20270609,1,20270610,1,20270611,1,20270614,1,20270615,1,20270616,1,20270617,1,20270618,1,20270621,1,20270622,1,20270623,1,20270624,1,20270625,1,20270628,1,20270629,1,20270630,1,20270701,1,20270702,1,20270705,1,20270706,1,20270707,1,20270708,1,20270709,1,20270712,1,20270713,1,20270714,1,20270715,1,20270716,1,20270719,1,20270720,1,20270721,1,20270722,1,20270723,1,20270726,1,20270727,1,20270728,1,20270729,1,20270730,1,20270802,1,20270803,1,20270804,1,20270805,1,20270806,1,20270809,1,20270810,1,20270811,1,20270812,1,20270813,1,20270816,1,20270817,1,20270818,1,20270819,1,20270820,1,20270823,1,20270824,1,20270825,1,20270826,1,20270827,1,20270830,1,20270831,1,20270901,1,20270902,1,20270903,1,20270906,1,20270907,1,20270908,1,20270909,1,20270910,1,20270913,1,20270914,1,20270915,1,20270916,1,20270917,1,20270920,1,20270921,1,20270922,1,20270923,1,20270924,1
'1281387',20260924,1,20260925,1,20260928,1,20260929,1,20260930,1,20261001,1,20261002,1,20261005,1,20261006,1,20261007,1,20261008,1,20261009,1,20261012,1,20261013,1,20261014,1,20261015,1,20261016,1,20261019,1,20261020,1,20261021,1,20261022,1,20261023,1,20261026,1,20261027,1,20261028,1,20261029,1,20261030,1,20261102,1,20261103,1,20261104,1,20261105,1,20261106,1,20261109,1,20261110,1,20261111,1,20261112,1,20261113,1,20261116,1,20261117,1,20261118,1,20261119,1,20261120,1,20261123,1,20261124,1,20261125,1,20261126,1,20261127,1,20261130,1,20261201,1,20261202,1,20261203,1,20261204,1,20261207,1,20261208,1,20261209,1,20261210,1,20261211,1,20261214,1,20261215,1,20261216,1,20261217,1,20261218,1,20261221,1,20261222,1,20261223,1,20261224,1,20261225,1,20261228,1,20261229,1,20261230,1,20261231,1,20270101,1,20270104,1,20270105,1,20270106,1,20270107,1,20270108,1,20270111,1,20270112,1,20270113,1,20270114,1,20270115,1,20270118,1,20270119,1,20270120,1,20270121,1,20270122,1,20270125,1,20270126,1,20270127,1,20270128,1,20270129,1,20270201,1,20270202,1,20270203,1,20270204,1,20270205,1,20270208,1,20270209,1,20270210,1,20270211,1,20270212,1,20270215,1,20270216,1,20270217,1,20270218,1,20270219,1,20270222,1,20270223,1,20270224,1,20270225,1,20270226,1,20270301,1,20270302,1,20270303,1,20270304,1,20270305,1,20270308,1,20270309,1,20270310,1,20270311,1,20270312,1,20270315,1,20270316,1,20270317,1,20270318,1,20270319,1,20270322,1,20270323,1,20270324,1,20270325,1,20270326,1,20270329,1,20270330,1,20270331,1,20270401,1,20270402,1,20270405,1,20270406,1,20270407,1,20270408,1,20270409,1,20270412,1,20270413,1,20270414,1,20270415,1,20270416,1,20270419,1,20270420,1,20270421,1,20270422,1,20270423,1,20270426,1,20270427,1,20270428,1,20270429,1,20270430,1,20270503,1,20270504,1,20270505,1,20270506,1,20270507,1,20270510,1,20270511,1,20270512,1,20270513,1,20270514,1,20270517,1,20270518,1,20270519,1,20270520,1,20270521,1,20270524,1,20270525,1,20270526,1,20270527,1,20270528,1,20270531,1,20270601,1,20270602,1,20270603,1,20270604,1,20270607,1,20270608,1,20270609,1,20270610,1,20270611,1,20270614,1,20270615,1,20270616,1,20270617,1,20270618,1,20270621,1,20270622,1,20270623,1,20270624,1,20270625,1,20270628,1,20270629,1,20270630,1,20270701,1,20270702,1,20270705,1,20270706,1,20270707,1,20270708,1,20270709,1,20270712,1,20270713,1,20270714,1,20270715,1,20270716,1,20270719,1,20270720,1,20270721,1,20270722,1,20270723,1,20270726,1,20270727,1,20270728,1,20270729,1,20270730,1,20270802,1,20270803,1,20270804,1,20270805,1,20270806,1,20270809,1,20270810,1,20270811,1,20270812,1,20270813,1,20270816,1,20270817,1,20270818,1,20270819,1,20270820,1,20270823,1,20270824,1,20270825,1,20270826,1,20270827,1,20270830,1,20270831,1,20270901,1,20270902,1,20270903,1,20270906,1,20270907,1,20270908,1,20270909,1,20270910,1,20270913,1,20270914,1,20270915,1,20270916,1,20270917,1,20270920,1,20270921,1,20270922,1,20270923,1,20270924,1
'1281496',20260924,1,20260925,1,20260928,1,20260929,1,20260930,1,20261001,1,20261002,1,20261005,1,20261006,1,20261007,1,20261008,1,20261009,1,20261012,1,20261013,1,20261014,1,20261015,1,20261016,1,20261019,1,20261020,1,20261021,1,20261022,1,20261023,1,20261026,1,20261027,1,20261028,1,20261029,1,20261030,1,20261102,1,20261103,1,20261104,1,20261105,1,20261106,1,20261109,1,20261110,1,20261111,1,20261112,1,20261113,1,20261116,1,20261117,1,20261118,1,20261119,1,20261120,1,20261123,1,20261124,1,20261125,1,20261126,1,20261127,1,20261130,1,20261201,1,20261202,1,20261203,1,20261204,1,20261207,1,20261208,1,20261209,1,20261210,1,20261211,1,20261214,1,20261215,1,20261216,1,20261217,1,20261218,1,20261221,1,20261222,1,20261223,1,20261224,1,20261225,1,20261228,1,20261229,1,20261230,1,20261231,1,20270101,1,20270104,1,20270105,1,20270106,1,20270107,1,20270108,1,20270111,1,20270112,1,20270113,1,20270114,1,20270115,1,20270118,1,20270119,1,20270120,1,20270121,1,20270122,1,20270125,1,20270126,1,20270127,1,20270128,1,20270129,1,20270201,1,20270202,1,20270203,1,20270204,1,20270205,1,20270208,1,20270209,1,20270210,1,20270211,1,20270212,1,20270215,1,20270216,1,20270217,1,20270218,1,20270219,1,20270222,1,20270223,1,20270224,1,20270225,1,20270226,1,20270301,1,20270302,1,20270303,1,20270304,1,20270305,1,20270308,1,20270309,1,20270310,1,20270311,1,20270312,1,20270315,1,20270316,1,20270317,1,20270318,1,20270319,1,20270322,1,20270323,1,20270324,1,20270325,1,20270326,1,20270329,1,20270330,1,20270331,1,20270401,1,20270402,1,20270405,1,20270406,1,20270407,1,20270408,1,20270409,1,20270412,1,20270413,1,20270414,1,20270415,1,20270416,1,20270419,1,20270420,1,20270421,1,20270422,1,20270423,1,20270426,1,20270427,1,20270428,1,20270429,1,20270430,1,20270503,1,20270504,1,20270505,1,20270506,1,20270507,1,20270510,1,20270511,1,20270512,1,20270513,1,20270514,1,20270517,1,20270518,1,20270519,1,20270520,1,20270521,1,20270524,1,20270525,1,20270526,1,20270527,1,20270528,1,20270531,1,20270601,1,20270602,1,20270603,1,20270604,1,20270607,1,20270608,1,20270609,1,20270610,1,20270611,1,20270614,1,20270615,1,20270616,1,20270617,1,20270618,1,20270621,1,20270622,1,20270623,1,20270624,1,20270625,1,20270628,1,20270629,1,20270630,1,20270701,1,20270702,1,20270705,1,20270706,1,20270707,1,20270708,1,20270709,1,20270712,1,20270713,1,20270714,1,20270715,1,20270716,1,20270719,1,20270720,1,20270721,1,20270722,1,20270723,1,20270726,1,20270727,1,20270728,1,20270729,1,20270730,1,20270802,1,20270803,1,20270804,1,20270805,1,20270806,1,20270809,1,20270810,1,20270811,1,20270812,1,20270813,1,20270816,1,20270817,1,20270818,1,20270819,1,20270820,1,20270823,1,20270824,1,20270825,1,20270826,1,20270827,1,20270830,1,20270831,1,20270901,1,20270902,1,20270903,1,20270906,1,20270907,1,20270908,1,20270909,1,20270910,1,20270913,1,20270914,1,20270915,1,20270916,1,20270917,1,20270920,1,20270921,1,20270922,1,20270923,1,20270924,1
'1281529',20260924,1,20260925,1,20260928,1,20260929,1,20260930,1,20261001,1,20261002,1,20261005,1,20261006,1,20261007,1,20261008,1,20261009,1,20261012,1,20261013,1,20261014,1,20261015,1,20261016,1,20261019,1,20261020,1,20261021,1,20261022,1,20261023,1,20261026,1,20261027,1,20261028,1,20261029,1,20261030,1,20261102,1,20261103,1,20261104,1,20261105,1,20261106,1,20261109,1,20261110,1,20261111,1,20261112,1,20261113,1,20261116,1,20261117,1,20261118,1,20261119,1,20261120,1,20261123,1,20261124,1,20261125,1,20261126,1,20261127,1,20261130,1,20261201,1,20261202,1,20261203,1,20261204,1,20261207,1,20261208,1,20261209,1,20261210,1,20261211,1,20261214,1,20261215,1,20261216,1,20261217,1,20261218,1,20261221,1,20261222,1,20261223,1,20261224,1,20261225,1,20261228,1,20261229,1,20261230,1,20261231,1,20270101,1,20270104,1,20270105,1,20270106,1,20270107,1,20270108,1,20270111,1,20270112,1,20270113,1,20270114,1,20270115,1,20270118,1,20270119,1,20270120,1,20270121,1,20270122,1,20270125,1,20270126,1,20270127,1,20270128,1,20270129,1,20270201,1,20270202,1,20270203,1,20270204,1,20270205,1,20270208,1,20270209,1,20270210,1,20270211,1,20270212,1,20270215,1,20270216,1,20270217,1,20270218,1,20270219,1,20270222,1,20270223,1,20270224,1,20270225,1,20270226,1,20270301,1,20270302,1,20270303,1,20270304,1,20270305,1,20270308,1,20270309,1,20270310,1,20270311,1,20270312,1,20270315,1,20270316,1,20270317,1,20270318,1,20270319,1,20270322,1,20270323,1,20270324,1,20270325,1,20270326,1,20270329,1,20270330,1,20270331,1,20270401,1,20270402,1,20270405,1,20270406,1,20270407,1,20270408,1,20270409,1,20270412,1,20270413,1,20270414,1,20270415,1,20270416,1,20270419,1,20270420,1,20270421,1,20270422,1,20270423,1,20270426,1,20270427,1,20270428,1,20270429,1,20270430,1,20270503,1,20270504,1,20270505,1,20270506,1,20270507,1,20270510,1,20270511,1,20270512,1,20270513,1,20270514,1,20270517,1,20270518,1,20270519,1,20270520,1,20270521,1,20270524,1,20270525,1,20270526,1,20270527,1,20270528,1,20270531,1,20270601,1,20270602,1,20270603,1,20270604,1,20270607,1,20270608,1,20270609,1,20270610,1,20270611,1,20270614,1,20270615,1,20270616,1,20270617,1,20270618,1,20270621,1,20270622,1,20270623,1,20270624,1,20270625,1,20270628,1,20270629,1,20270630,1,20270701,1,20270702,1,20270705,1,20270706,1,20270707,1,20270708,1,20270709,1,20270712,1,20270713,1,20270714,1,20270715,1,20270716,1,20270719,1,20270720,1,20270721,1,20270722,1,20270723,1,20270726,1,20270727,1,20270728,1,20270729,1,20270730,1,20270802,1,20270803,1,20270804,1,20270805,1,20270806,1,20270809,1,20270810,1,20270811,1,20270812,1,20270813,1,20270816,1,20270817,1,20270818,1,20270819,1,20270820,1,20270823,1,20270824,1,20270825,1,20270826,1,20270827,1,20270830,1,20270831,1,20270901,1,20270902,1,20270903,1,20270906,1,20270907,1,20270908,1,20270909,1,20270910,1,20270913,1,20270914,1,20270915,1,20270916,1,20270917,1,20270920,1,20270921,1,20270922,1,20270923,1,20270924,1
'1281609',20260924,1,20260925,1,20260928,1,20260929,1,20260930,1,20261001,1,20261002,1,20261005,1,20261006,1,20261007,1,20261008,1,20261009,1,20261012,1,20261013,1,20261014,1,20261015,1,20261016,1,20261019,1,20261020,1,20261021,1,20261022,1,20261023,1,20261026,1,20261027,1,20261028,1,20261029,1,20261030,1,20261102,1,20261103,1,20261104,1,20261105,1,20261106,1,20261109,1,20261110,1,20261111,1,20261112,1,20261113,1,20261116,1,20261117,1,20261118,1,20261119,1,20261120,1,20261123,1,20261124,1,20261125,1,20261126,1,20261127,1,20261130,1,20261201,1,20261202,1,20261203,1,20261204,1,20261207,1,20261208,1,20261209,1,20261210,1,20261211,1,20261214,1,20261215,1,20261216,1,20261217,1,20261218,1,20261221,1,20261222,1,20261223,1,20261224,1,20261225,1,20261228,1,20261229,1,20261230,1,20261231,1,20270101,1,20270104,1,20270105,1,20270106,1,20270107,1,20270108,1,20270111,1,20270112,1,20270113,1,20270114,1,20270115,1,20270118,1,20270119,1,20270120,1,20270121,1,20270122,1,20270125,1,20270126,1,20270127,1,20270128,1,20270129,1,20270201,1,20270202,1,20270203,1,20270204,1,20270205,1,20270208,1,20270209,1,20270210,1,20270211,1,20270212,1,20270215,1,20270216,1,20270217,1,20270218,1,20270219,1,20270222,1,20270223,1,20270224,1,20270225,1,20270226,1,20270301,1,20270302,1,20270303,1,20270304,1,20270305,1,20270308,1,20270309,1,20270310,1,20270311,1,20270312,1,20270315,1,20270316,1,20270317,1,20270318,1,20270319,1,20270322,1,20270323,1,20270324,1,20270325,1,20270326,1,20270329,1,20270330,1,20270331,1,20270401,1,20270402,1,20270405,1,20270406,1,20270407,1,20270408,1,20270409,1,20270412,1,20270413,1,20270414,1,20270415,1,20270416,1,20270419,1,20270420,1,20270421,1,20270422,1,20270423,1,20270426,1,20270427,1,20270428,1,20270429,1,20270430,1,20270503,1,20270504,1,20270505,1,20270506,1,20270507,1,20270510,1,20270511,1,20270512,1,20270513,1,20270514,1,20270517,1,20270518,1,20270519,1,20270520,1,20270521,1,20270524,1,20270525,1,20270526,1,20270527,1,20270528,1,20270531,1,20270601,1,20270602,1,20270603,1,20270604,1,20270607,1,20270608,1,20270609,1,20270610,1,20270611,1,20270614,1,20270615,1,20270616,1,20270617,1,20270618,1,20270621,1,20270622,1,20270623,1,20270624,1,20270625,1,20270628,1,20270629,1,20270630,1,20270701,1,20270702,1,20270705,1,20270706,1,20270707,1,20270708,1,20270709,1,20270712,1,20270713,1,20270714,1,20270715,1,20270716,1,20270719,1,20270720,1,20270721,1,20270722,1,20270723,1,20270726,1,20270727,1,20270728,1,20270729,1,20270730,1,20270802,1,20270803,1,20270804,1,20270805,1,20270806,1,20270809,1,20270810,1,20270811,1,20270812,1,20270813,1,20270816,1,20270817,1,20270818,1,20270819,1,20270820,1,20270823,1,20270824,1,20270825,1,20270826,1,20270827,1,20270830,1,20270831,1,20270901,1,20270902,1,20270903,1,20270906,1,20270907,1,20270908,1,20270909,1,20270910,1,20270913,1,20270914,1,20270915,1,20270916,1,20270917,1,20270920,1,20270921,1,20270922,1,20270923,1,20270924,1
'1281614',20260924,1,20260925,1,20260928,1,20260929,1,20260930,1,20261001,1,20261002,1,20261005,1,20261006,1,20261007,1,20261008,1,20261009,1,20261012,1,20261013,1,20261014,1,20261015,1,20261016,1,20261019,1,20261020,1,20261021,1,20261022,1,20261023,1,20261026,1,20261027,1,20261028,1,20261029,1,20261030,1,20261102,1,20261103,1,20261104,1,20261105,1,20261106,1,20261109,1,20261110,1,20261111,1,20261112,1,20261113,1,20261116,1,20261117,1,20261118,1,20261119,1,20261120,1,20261123,1,20261124,1,20261125,1,20261126,1,20261127,1,20261130,1,20261201,1,20261202,1,20261203,1,20261204,1,20261207,1,20261208,1,20261209,1,20261210,1,20261211,1,20261214,1,20261215,1,20261216,1,20261217,1,20261218,1,20261221,1,20261222,1,20261223,1,20261224,1,20261225,1,20261228,1,20261229,1,20261230,1,20261231,1,20270101,1,20270104,1,20270105,1,20270106,1,20270107,1,20270108,1,20270111,1,20270112,1,20270113,1,20270114,1,20270115,1,20270118,1,20270119,1,20270120,1,20270121,1,20270122,1,20270125,1,20270126,1,20270127,1,20270128,1,20270129,1,20270201,1,20270202,1,20270203,1,20270204,1,20270205,1,20270208,1,20270209,1,20270210,1,20270211,1,20270212,1,20270215,1,20270216,1,20270217,1,20270218,1,20270219,1,20270222,1,20270223,1,20270224,1,20270225,1,20270226,1,20270301,1,20270302,1,20270303,1,20270304,1,20270305,1,20270308,1,20270309,1,20270310,1,20270311,1,20270312,1,20270315,1,20270316,1,20270317,1,20270318,1,20270319,1,20270322,1,20270323,1,20270324,1,20270325,1,20270326,1,20270329,1,20270330,1,20270331,1,20270401,1,20270402,1,20270405,1,20270406,1,20270407,1,20270408,1,20270409,1,20270412,1,20270413,1,20270414,1,20270415,1,20270416,1,20270419,1,20270420,1,20270421,1,20270422,1,20270423,1,20270426,1,20270427,1,20270428,1,20270429,1,20270430,1,20270503,1,20270504,1,20270505,1,20270506,1,20270507,1,20270510,1,20270511,1,20270512,1,20270513,1,20270514,1,20270517,1,20270518,1,20270519,1,20270520,1,20270521,1,20270524,1,20270525,1,20270526,1,20270527,1,20270528,1,20270531,1,20270601,1,20270602,1,20270603,1,20270604,1,20270607,1,20270608,1,20270609,1,20270610,1,20270611,1,20270614,1,20270615,1,20270616,1,20270617,1,20270618,1,20270621,1,20270622,1,20270623,1,20270624,1,20270625,1,20270628,1,20270629,1,20270630,1,20270701,1,20270702,1,20270705,1,20270706,1,20270707,1,20270708,1,20270709,1,20270712,1,20270713,1,20270714,1,20270715,1,20270716,1,20270719,1,20270720,1,20270721,1,20270722,1,20270723,1,20270726,1,20270727,1,20270728,1,20270729,1,20270730,1,20270802,1,20270803,1,20270804,1,20270805,1,20270806,1,20270809,1,20270810,1,20270811,1,20270812,1,20270813,1,20270816,1,20270817,1,20270818,1,20270819,1,20270820,1,20270823,1,20270824,1,20270825,1,20270826,1,20270827,1,20270830,1,20270831,1,20270901,1,20270902,1,20270903,1,20270906,1,20270907,1,20270908,1,20270909,1,20270910,1,20270913,1,20270914,1,20270915,1,20270916,1,20270917,1,20270920,1,20270921,1,20270922,1,20270923,1,20270924,1
'1281636',20260924,1,20260925,1,20260928,1,20260929,1,20260930,1,20261001,1,20261002,1,20261005,1,20261006,1,20261007,1,20261008,1,20261009,1,20261012,1,20261013,1,20261014,1,20261015,1,20261016,1,20261019,1,20261020,1,20261021,1,20261022,1,20261023,1,20261026,1,20261027,1,20261028,1,20261029,1,20261030,1,20261102,1,20261103,1,20261104,1,20261105,1,20261106,1,20261109,1,20261110,1,20261111,1,20261112,1,20261113,1,20261116,1,20261117,1,20261118,1,20261119,1,20261120,1,20261123,1,20261124,1,20261125,1,20261126,1,20261127,1,20261130,1,20261201,1,20261202,1,20261203,1,20261204,1,20261207,1,20261208,1,20261209,1,20261210,1,20261211,1,20261214,1,20261215,1,20261216,1,20261217,1,20261218,1,20261221,1,20261222,1,20261223,1,20261224,1,20261225,1,20261228,1,20261229,1,20261230,1,20261231,1,20270101,1,20270104,1,20270105,1,20270106,1,20270107,1,20270108,1,20270111,1,20270112,1,20270113,1,20270114,1,20270115,1,20270118,1,20270119,1,20270120,1,20270121,1,20270122,1,20270125,1,20270126,1,20270127,1,20270128,1,20270129,1,20270201,1,20270202,1,20270203,1,20270204,1,20270205,1,20270208,1,20270209,1,20270210,1,20270211,1,20270212,1,20270215,1,20270216,1,20270217,1,20270218,1,20270219,1,20270222,1,20270223,1,20270224,1,20270225,1,20270226,1,20270301,1,20270302,1,20270303,1,20270304,1,20270305,1,20270308,1,20270309,1,20270310,1,20270311,1,20270312,1,20270315,1,20270316,1,20270317,1,20270318,1,20270319,1,20270322,1,20270323,1,20270324,1,20270325,1,20270326,1,20270329,1,20270330,1,20270331,1,20270401,1,20270402,1,20270405,1,20270406,1,20270407,1,20270408,1,20270409,1,20270412,1,20270413,1,20270414,1,20270415,1,20270416,1,20270419,1,20270420,1,20270421,1,20270422,1,20270423,1,20270426,1,20270427,1,20270428,1,20270429,1,20270430,1,20270503,1,20270504,1,20270505,1,20270506,1,20270507,1,20270510,1,20270511,1,20270512,1,20270513,1,20270514,1,20270517,1,20270518,1,20270519,1,20270520,1,20270521,1,20270524,1,20270525,1,20270526,1,20270527,1,20270528,1,20270531,1,20270601,1,20270602,1,20270603,1,20270604,1,20270607,1,20270608,1,20270609,1,20270610,1,20270611,1,20270614,1,20270615,1,20270616,1,20270617,1,20270618,1,20270621,1,20270622,1,20270623,1,20270624,1,20270625,1,20270628,1,20270629,1,20270630,1,20270701,1,20270702,1,20270705,1,20270706,1,20270707,1,20270708,1,20270709,1,20270712,1,20270713,1,20270714,1,20270715,1,20270716,1,20270719,1,20270720,1,20270721,1,20270722,1,20270723,1,20270726,1,20270727,1,20270728,1,20270729,1,20270730,1,20270802,1,20270803,1,20270804,1,20270805,1,20270806,1,20270809,1,20270810,1,20270811,1,20270812,1,20270813,1,20270816,1,20270817,1,20270818,1,20270819,1,20270820,1,20270823,1,20270824,1,20270825,1,20270826,1,20270827,1,20270830,1,20270831,1,20270901,1,20270902,1,20270903,1,20270906,1,20270907,1,20270908,1,20270909,1,20270910,1,20270913,1,20270914,1,20270915,1,20270916,1,20270917,1,20270920,1,20270921,1,20270922,1,20270923,1,20270924,1
'1281867',20260924,1,20260925,1,20260928,1,20260929,1,20260930,1,20261001,1,20261002,1,20261005,1,20261006,1,20261007,1,20261008,1,20261009,1,20261012,1,20261013,1,20261014,1,20261015,1,20261016,1,20261019,1,20261020,1,20261021,1,20261022,1,20261023,1,20261026,1,20261027,1,20261028,1,20261029,1,20261030,1,20261102,1,20261103,1,20261104,1,20261105,1,20261106,1,20261109,1,20261110,1,20261111,1,20261112,1,20261113,1,20261116,1,20261117,1,20261118,1,20261119,1,20261120,1,20261123,1,20261124,1,20261125,1,20261126,1,20261127,1,20261130,1,20261201,1,20261202,1,20261203,1,20261204,1,20261207,1,20261208,1,20261209,1,20261210,1,20261211,1,20261214,1,20261215,1,20261216,1,20261217,1,20261218,1,20261221,1,20261222,1,20261223,1,20261224,1,20261225,1,20261228,1,20261229,1,20261230,1,20261231,1,20270101,1,20270104,1,20270105,1,20270106,1,20270107,1,20270108,1,20270111,1,20270112,1,20270113,1,20270114,1,20270115,1,20270118,1,20270119,1,20270120,1,20270121,1,20270122,1,20270125,1,20270126,1,20270127,1,20270128,1,20270129,1,20270201,1,20270202,1,20270203,1,20270204,1,20270205,1,20270208,1,20270209,1,20270210,1,20270211,1,20270212,1,20270215,1,20270216,1,20270217,1,20270218,1,20270219,1,20270222,1,20270223,1,20270224,1,20270225,1,20270226,1,20270301,1,20270302,1,20270303,1,20270304,1,20270305,1,20270308,1,20270309,1,20270310,1,20270311,1,20270312,1,20270315,1,20270316,1,20270317,1,20270318,1,20270319,1,20270322,1,20270323,1,20270324,1,20270325,1,20270326,1,20270329,1,20270330,1,20270331,1,20270401,1,20270402,1,20270405,1,20270406,1,20270407,1,20270408,1,20270409,1,20270412,1,20270413,1,20270414,1,20270415,1,20270416,1,20270419,1,20270420,1,20270421,1,20270422,1,20270423,1,20270426,1,20270427,1,20270428,1,20270429,1,20270430,1,20270503,1,20270504,1,20270505,1,20270506,1,20270507,1,20270510,1,20270511,1,20270512,1,20270513,1,20270514,1,20270517,1,20270518,1,20270519,1,20270520,1,20270521,1,20270524,1,20270525,1,20270526,1,20270527,1,20270528,1,20270531,1,20270601,1,20270602,1,20270603,1,20270604,1,20270607,1,20270608,1,20270609,1,20270610,1,20270611,1,20270614,1,20270615,1,20270616,1,20270617,1,20270618,1,20270621,1,20270622,1,20270623,1,20270624,1,20270625,1,20270628,1,20270629,1,20270630,1,20270701,1,20270702,1,20270705,1,20270706,1,20270707,1,20270708,1,20270709,1,20270712,1,20270713,1,20270714,1,20270715,1,20270716,1,20270719,1,20270720,1,20270721,1,20270722,1,20270723,1,20270726,1,20270727,1,20270728,1,20270729,1,20270730,1,20270802,1,20270803,1,20270804,1,20270805,1,20270806,1,20270809,1,20270810,1,20270811,1,20270812,1,20270813,1,20270816,1,20270817,1,20270818,1,20270819,1,20270820,1,20270823,1,20270824,1,20270825,1,20270826,1,20270827,1,20270830,1,20270831,1,20270901,1,20270902,1,20270903,1,20270906,1,20270907,1,20270908,1,20270909,1,20270910,1,20270913,1,20270914,1,20270915,1,20270916,1,20270917,1,20270920,1,20270921,1,20270922,1,20270923,1,20270924,1
'1281892',20260924,1,20260925,1,20260928,1,20260929,1,20260930,1,20261001,1,20261002,1,20261005,1,20261006,1,20261007,1,20261008,1,20261009,1,20261012,1,20261013,1,20261014,1,20261015,1,20261016,1,20261019,1,20261020,1,20261021,1,20261022,1,20261023,1,20261026,1,20261027,1,20261028,1,20261029,1,20261030,1,20261102,1,20261103,1,20261104,1,20261105,1,20261106,1,20261109,1,20261110,1,20261111,1,20261112,1,20261113,1,20261116,1,20261117,1,20261118,1,20261119,1,20261120,1,20261123,1,20261124,1,20261125,1,20261126,1,20261127,1,20261130,1,20261201,1,20261202,1,20261203,1,20261204,1,20261207,1,20261208,1,20261209,1,20261210,1,20261211,1,20261214,1,20261215,1,20261216,1,20261217,1,20261218,1,20261221,1,20261222,1,20261223,1,20261224,1,20261225,1,20261228,1,20261229,1,20261230,1,20261231,1,20270101,1,20270104,1,20270105,1,20270106,1,20270107,1,20270108,1,20270111,1,20270112,1,20270113,1,20270114,1,20270115,1,20270118,1,20270119,1,20270120,1,20270121,1,20270122,1,20270125,1,20270126,1,20270127,1,20270128,1,20270129,1,20270201,1,20270202,1,20270203,1,20270204,1,20270205,1,20270208,1,20270209,1,20270210,1,20270211,1,20270212,1,20270215,1,20270216,1,20270217,1,20270218,1,20270219,1,20270222,1,20270223,1,20270224,1,20270225,1,20270226,1,20270301,1,20270302,1,20270303,1,20270304,1,20270305,1,20270308,1,20270309,1,20270310,1,20270311,1,20270312,1,20270315,1,20270316,1,20270317,1,20270318,1,20270319,1,20270322,1,20270323,1,20270324,1,20270325,1,20270326,1,20270329,1,20270330,1,20270331,1,20270401,1,20270402,1,20270405,1,20270406,1,20270407,1,20270408,1,20270409,1,20270412,1,20270413,1,20270414,1,20270415,1,20270416,1,20270419,1,20270420,1,20270421,1,20270422,1,20270423,1,20270426,1,20270427,1,20270428,1,20270429,1,20270430,1,20270503,1,20270504,1,20270505,1,20270506,1,20270507,1,20270510,1,20270511,1,20270512,1,20270513,1,20270514,1,20270517,1,20270518,1,20270519,1,20270520,1,20270521,1,20270524,1,20270525,1,20270526,1,20270527,1,20270528,1,20270531,1,20270601,1,20270602,1,20270603,1,20270604,1,20270607,1,20270608,1,20270609,1,20270610,1,20270611,1,20270614,1,20270615,1,20270616,1,20270617,1,20270618,1,20270621,1,20270622,1,20270623,1,20270624,1,20270625,1,20270628,1,20270629,1,20270630,1,20270701,1,20270702,1,20270705,1,20270706,1,20270707,1,20270708,1,20270709,1,20270712,1,20270713,1,20270714,1,20270715,1,20270716,1,20270719,1,20270720,1,20270721,1,20270722,1,20270723,1,20270726,1,20270727,1,20270728,1,20270729,1,20270730,1,20270802,1,20270803,1,20270804,1,20270805,1,20270806,1,20270809,1,20270810,1,20270811,1,20270812,1,20270813,1,20270816,1,20270817,1,20270818,1,20270819,1,20270820,1,20270823,1,20270824,1,20270825,1,20270826,1,20270827,1,20270830,1,20270831,1,20270901,1,20270902,1,20270903,1,20270906,1,20270907,1,20270908,1,20270909,1,20270910,1,20270913,1,20270914,1,20270915,1,20270916,1,20270917,1,20270920,1,20270921,1,20270922,1,20270923,1,20270924,1
'1281918',20260924,1,20260925,1,20260928,1,20260929,1,20260930,1,20261001,1,20261002,1,20261005,1,20261006,1,20261007,1,20261008,1,20261009,1,20261012,1,20261013,1,20261014,1,20261015,1,20261016,1,20261019,1,20261020,1,20261021,1,20261022,1,20261023,1,20261026,1,20261027,1,20261028,1,20261029,1,20261030,1,20261102,1,20261103,1,20261104,1,20261105,1,20261106,1,20261109,1,20261110,1,20261111,1,20261112,1,20261113,1,20261116,1,20261117,1,20261118,1,20261119,1,20261120,1,20261123,1,20261124,1,20261125,1,20261126,1,20261127,1,20261130,1,20261201,1,20261202,1,20261203,1,20261204,1,20261207,1,20261208,1,20261209,1,20261210,1,20261211,1,20261214,1,20261215,1,20261216,1,20261217,1,20261218,1,20261221,1,20261222,1,20261223,1,20261224,1,20261225,1,20261228,1,20261229,1,20261230,1,20261231,1,20270101,1,20270104,1,20270105,1,20270106,1,20270107,1,20270108,1,20270111,1,20270112,1,20270113,1,20270114,1,20270115,1,20270118,1,20270119,1,20270120,1,20270121,1,20270122,1,20270125,1,20270126,1,20270127,1,20270128,1,20270129,1,20270201,1,20270202,1,20270203,1,20270204,1,20270205,1,20270208,1,20270209,1,20270210,1,20270211,1,20270212,1,20270215,1,20270216,1,20270217,1,20270218,1,20270219,1,20270222,1,20270223,1,20270224,1,20270225,1,20270226,1,20270301,1,20270302,1,20270303,1,20270304,1,20270305,1,20270308,1,20270309,1,20270310,1,20270311,1,20270312,1,20270315,1,20270316,1,20270317,1,20270318,1,20270319,1,20270322,1,20270323,1,20270324,1,20270325,1,20270326,1,20270329,1,20270330,1,20270331,1,20270401,1,20270402,1,20270405,1,20270406,1,20270407,1,20270408,1,20270409,1,20270412,1,20270413,1,20270414,1,20270415,1,20270416,1,20270419,1,20270420,1,20270421,1,20270422,1,20270423,1,20270426,1,20270427,1,20270428,1,20270429,1,20270430,1,20270503,1,20270504,1,20270505,1,20270506,1,20270507,1,20270510,1,20270511,1,20270512,1,20270513,1,20270514,1,20270517,1,20270518,1,20270519,1,20270520,1,20270521,1,20270524,1,20270525,1,20270526,1,20270527,1,20270528,1,20270531,1,20270601,1,20270602,1,20270603,1,20270604,1,20270607,1,20270608,1,20270609,1,20270610,1,20270611,1,20270614,1,20270615,1,20270616,1,20270617,1,20270618,1,20270621,1,20270622,1,20270623,1,20270624,1,20270625,1,20270628,1,20270629,1,20270630,1,20270701,1,20270702,1,20270705,1,20270706,1,20270707,1,20270708,1,20270709,1,20270712,1,20270713,1,20270714,1,20270715,1,20270716,1,20270719,1,20270720,1,20270721,1,20270722,1,20270723,1,20270726,1,20270727,1,20270728,1,20270729,1,20270730,1,20270802,1,20270803,1,20270804,1,20270805,1,20270806,1,20270809,1,20270810,1,20270811,1,20270812,1,20270813,1,20270816,1,20270817,1,20270818,1,20270819,1,20270820,1,20270823,1,20270824,1,20270825,1,20270826,1,20270827,1,20270830,1,20270831,1,20270901,1,20270902,1,20270903,1,20270906,1,20270907,1,20270908,1,20270909,1,20270910,1,20270913,1,20270914,1,20270915,1,20270916,1,20270917,1,20270920,1,20270921,1,20270922,1,20270923,1,20270924,1
'1281937',20260924,1,20260925,1,20260928,1,20260929,1,20260930,1,20261001,1,20261002,1,20261005,1,20261006,1,20261007,1,20261008,1,20261009,1,20261012,1,20261013,1,20261014,1,20261015,1,20261016,1,20261019,1,20261020,1,20261021,1,20261022,1,20261023,1,20261026,1,20261027,1,20261028,1,20261029,1,20261030,1,20261102,1,20261103,1,20261104,1,20261105,1,20261106,1,20261109,1,20261110,1,20261111,1,20261112,1,20261113,1,20261116,1,20261117,1,20261118,1,20261119,1,20261120,1,20261123,1,20261124,1,20261125,1,20261126,1,20261127,1,20261130,1,20261201,1,20261202,1,20261203,1,20261204,1,20261207,1,20261208,1,20261209,1,20261210,1,20261211,1,20261214,1,20261215,1,20261216,1,20261217,1,20261218,1,20261221,1,20261222,1,20261223,1,20261224,1,20261225,1,20261228,1,20261229,1,20261230,1,20261231,1,20270101,1,20270104,1,20270105,1,20270106,1,20270107,1,20270108,1,20270111,1,20270112,1,20270113,1,20270114,1,20270115,1,20270118,1,20270119,1,20270120,1,20270121,1,20270122,1,20270125,1,20270126,1,20270127,1,20270128,1,20270129,1,20270201,1,20270202,1,20270203,1,20270204,1,20270205,1,20270208,1,20270209,1,20270210,1,20270211,1,20270212,1,20270215,1,20270216,1,20270217,1,20270218,1,20270219,1,20270222,1,20270223,1,20270224,1,20270225,1,20270226,1,20270301,1,20270302,1,20270303,1,20270304,1,20270305,1,20270308,1,20270309,1,20270310,1,20270311,1,20270312,1,20270315,1,20270316,1,20270317,1,20270318,1,20270319,1,20270322,1,20270323,1,20270324,1,20270325,1,20270326,1,20270329,1,20270330,1,20270331,1,20270401,1,20270402,1,20270405,1,20270406,1,20270407,1,20270408,1,20270409,1,20270412,1,20270413,1,20270414,1,20270415,1,20270416,1,20270419,1,20270420,1,20270421,1,20270422,1,20270423,1,20270426,1,20270427,1,20270428,1,20270429,1,20270430,1,20270503,1,20270504,1,20270505,1,20270506,1,20270507,1,20270510,1,20270511,1,20270512,1,20270513,1,20270514,1,20270517,1,20270518,1,20270519,1,20270520,1,20270521,1,20270524,1,20270525,1,20270526,1,20270527,1,20270528,1,20270531,1,20270601,1,20270602,1,20270603,1,20270604,1,20270607,1,20270608,1,20270609,1,20270610,1,20270611,1,20270614,1,20270615,1,20270616,1,20270617,1,20270618,1,20270621,1,20270622,1,20270623,1,20270624,1,20270625,1,20270628,1,20270629,1,20270630,1,20270701,1,20270702,1,20270705,1,20270706,1,20270707,1,20270708,1,20270709,1,20270712,1,20270713,1,20270714,1,20270715,1,20270716,1,20270719,1,20270720,1,20270721,1,20270722,1,20270723,1,20270726,1,20270727,1,20270728,1,20270729,1,20270730,1,20270802,1,20270803,1,20270804,1,20270805,1,20270806,1,20270809,1,20270810,1,20270811,1,20270812,1,20270813,1,20270816,1,20270817,1,20270818,1,20270819,1,20270820,1,20270823,1,20270824,1,20270825,1,20270826,1,20270827,1,20270830,1,20270831,1,20270901,1,20270902,1,20270903,1,20270906,1,20270907,1,20270908,1,20270909,1,20270910,1,20270913,1,20270914,1,20270915,1,20270916,1,20270917,1,20270920,1,20270921,1,20270922,1,20270923,1,20270924,1
'1281954',20260924,1,20260925,1,20260928,1,20260929,1,20260930,1,20261001,1,20261002,1,20261005,1,20261006,1,20261007,1,20261008,1,20261009,1,20261012,1,20261013,1,20261014,1,20261015,1,20261016,1,20261019,1,20261020,1,20261021,1,20261022,1,20261023,1,20261026,1,20261027,1,20261028,1,20261029,1,20261030,1,20261102,1,20261103,1,20261104,1,20261105,1,20261106,1,20261109,1,20261110,1,20261111,1,20261112,1,20261113,1,20261116,1,20261117,1,20261118,1,20261119,1,20261120,1,20261123,1,20261124,1,20261125,1,20261126,1,20261127,1,20261130,1,20261201,1,20261202,1,20261203,1,20261204,1,20261207,1,20261208,1,20261209,1,20261210,1,20261211,1,20261214,1,20261215,1,20261216,1,20261217,1,20261218,1,20261221,1,20261222,1,20261223,1,20261224,1,20261225,1,20261228,1,20261229,1,20261230,1,20261231,1,20270101,1,20270104,1,20270105,1,20270106,1,20270107,1,20270108,1,20270111,1,20270112,1,20270113,1,20270114,1,20270115,1,20270118,1,20270119,1,20270120,1,20270121,1,20270122,1,20270125,1,20270126,1,20270127,1,20270128,1,20270129,1,20270201,1,20270202,1,20270203,1,20270204,1,20270205,1,20270208,1,20270209,1,20270210,1,20270211,1,20270212,1,20270215,1,20270216,1,20270217,1,20270218,1,20270219,1,20270222,1,20270223,1,20270224,1,20270225,1,20270226,1,20270301,1,20270302,1,20270303,1,20270304,1,20270305,1,20270308,1,20270309,1,20270310,1,20270311,1,20270312,1,20270315,1,20270316,1,20270317,1,20270318,1,20270319,1,20270322,1,20270323,1,20270324,1,20270325,1,20270326,1,20270329,1,20270330,1,20270331,1,20270401,1,20270402,1,20270405,1,20270406,1,20270407,1,20270408,1,20270409,1,20270412,1,20270413,1,20270414,1,20270415,1,20270416,1,20270419,1,20270420,1,20270421,1,20270422,1,20270423,1,20270426,1,20270427,1,20270428,1,20270429,1,20270430,1,20270503,1,20270504,1,20270505,1,20270506,1,20270507,1,20270510,1,20270511,1,20270512,1,20270513,1,20270514,1,20270517,1,20270518,1,20270519,1,20270520,1,20270521,1,20270524,1,20270525,1,20270526,1,20270527,1,20270528,1,20270531,1,20270601,1,20270602,1,20270603,1,20270604,1,20270607,1,20270608,1,20270609,1,20270610,1,20270611,1,20270614,1,20270615,1,20270616,1,20270617,1,20270618,1,20270621,1,20270622,1,20270623,1,20270624,1,20270625,1,20270628,1,20270629,1,20270630,1,20270701,1,20270702,1,20270705,1,20270706,1,20270707,1,20270708,1,20270709,1,20270712,1,20270713,1,20270714,1,20270715,1,20270716,1,20270719,1,20270720,1,20270721,1,20270722,1,20270723,1,20270726,1,20270727,1,20270728,1,20270729,1,20270730,1,20270802,1,20270803,1,20270804,1,20270805,1,20270806,1,20270809,1,20270810,1,20270811,1,20270812,1,20270813,1,20270816,1,20270817,1,20270818,1,20270819,1,20270820,1,20270823,1,20270824,1,20270825,1,20270826,1,20270827,1,20270830,1,20270831,1,20270901,1,20270902,1,20270903,1,20270906,1,20270907,1,20270908,1,20270909,1,20270910,1,20270913,1,20270914,1,20270915,1,20270916,1,20270917,1,20270920,1,20270921,1,20270922,1,20270923,1,20270924,1
'1282080',20260924,1,20260925,1,20260928,1,20260929,1,20260930,1,20261001,1,20261002,1,20261005,1,20261006,1,20261007,1,20261008,1,20261009,1,20261012,1,20261013,1,20261014,1,20261015,1,20261016,1,20261019,1,20261020,1,20261021,1,20261022,1,20261023,1,20261026,1,20261027,1,20261028,1,20261029,1,20261030,1,20261102,1,20261103,1,20261104,1,20261105,1,20261106,1,20261109,1,20261110,1,20261111,1,20261112,1,20261113,1,20261116,1,20261117,1,20261118,1,20261119,1,20261120,1,20261123,1,20261124,1,20261125,1,20261126,1,20261127,1,20261130,1,20261201,1,20261202,1,20261203,1,20261204,1,20261207,1,20261208,1,20261209,1,20261210,1,20261211,1,20261214,1,20261215,1,20261216,1,20261217,1,20261218,1,20261221,1,20261222,1,20261223,1,20261224,1,20261225,1,20261228,1,20261229,1,20261230,1,20261231,1,20270101,1,20270104,1,20270105,1,20270106,1,20270107,1,20270108,1,20270111,1,20270112,1,20270113,1,20270114,1,20270115,1,20270118,1,20270119,1,20270120,1,20270121,1,20270122,1,20270125,1,20270126,1,20270127,1,20270128,1,20270129,1,20270201,1,20270202,1,20270203,1,20270204,1,20270205,1,20270208,1,20270209,1,20270210,1,20270211,1,20270212,1,20270215,1,20270216,1,20270217,1,20270218,1,20270219,1,20270222,1,20270223,1,20270224,1,20270225,1,20270226,1,20270301,1,20270302,1,20270303,1,20270304,1,20270305,1,20270308,1,20270309,1,20270310,1,20270311,1,20270312,1,20270315,1,20270316,1,20270317,1,20270318,1,20270319,1,20270322,1,20270323,1,20270324,1,20270325,1,20270326,1,20270329,1,20270330,1,20270331,1,20270401,1,20270402,1,20270405,1,20270406,1,20270407,1,20270408,1,20270409,1,20270412,1,20270413,1,20270414,1,20270415,1,20270416,1,20270419,1,20270420,1,20270421,1,20270422,1,20270423,1,20270426,1,20270427,1,20270428,1,20270429,1,20270430,1,20270503,1,20270504,1,20270505,1,20270506,1,20270507,1,20270510,1,20270511,1,20270512,1,20270513,1,20270514,1,20270517,1,20270518,1,20270519,1,20270520,1,20270521,1,20270524,1,20270525,1,20270526,1,20270527,1,20270528,1,20270531,1,20270601,1,20270602,1,20270603,1,20270604,1,20270607,1,20270608,1,20270609,1,20270610,1,20270611,1,20270614,1,20270615,1,20270616,1,20270617,1,20270618,1,20270621,1,20270622,1,20270623,1,20270624,1,20270625,1,20270628,1,20270629,1,20270630,1,20270701,1,20270702,1,20270705,1,20270706,1,20270707,1,20270708,1,20270709,1,20270712,1,20270713,1,20270714,1,20270715,1,20270716,1,20270719,1,20270720,1,20270721,1,20270722,1,20270723,1,20270726,1,20270727,1,20270728,1,20270729,1,20270730,1,20270802,1,20270803,1,20270804,1,20270805,1,20270806,1,20270809,1,20270810,1,20270811,1,20270812,1,20270813,1,20270816,1,20270817,1,20270818,1,20270819,1,20270820,1,20270823,1,20270824,1,20270825,1,20270826,1,20270827,1,20270830,1,20270831,1,20270901,1,20270902,1,20270903,1,20270906,1,20270907,1,20270908,1,20270909,1,20270910,1,20270913,1,20270914,1,20270915,1,20270916,1,20270917,1,20270920,1,20270921,1,20270922,1,20270923,1,20270924,1
'1282104',20260924,1,20260925,1,20260928,1,20260929,1,20260930,1,20261001,1,20261002,1,20261005,1,20261006,1,20261007,1,20261008,1,20261009,1,20261012,1,20261013,1,20261014,1,20261015,1,20261016,1,20261019,1,20261020,1,20261021,1,20261022,1,20261023,1,20261026,1,20261027,1,20261028,1,20261029,1,20261030,1,20261102,1,20261103,1,20261104,1,20261105,1,20261106,1,20261109,1,20261110,1,20261111,1,20261112,1,20261113,1,20261116,1,20261117,1,20261118,1,20261119,1,20261120,1,20261123,1,20261124,1,20261125,1,20261126,1,20261127,1,20261130,1,20261201,1,20261202,1,20261203,1,20261204,1,20261207,1,20261208,1,20261209,1,20261210,1,20261211,1,20261214,1,20261215,1,20261216,1,20261217,1,20261218,1,20261221,1,20261222,1,20261223,1,20261224,1,20261225,1,20261228,1,20261229,1,20261230,1,20261231,1,20270101,1,20270104,1,20270105,1,20270106,1,20270107,1,20270108,1,20270111,1,20270112,1,20270113,1,20270114,1,20270115,1,20270118,1,20270119,1,20270120,1,20270121,1,20270122,1,20270125,1,20270126,1,20270127,1,20270128,1,20270129,1,20270201,1,20270202,1,20270203,1,20270204,1,20270205,1,20270208,1,20270209,1,20270210,1,20270211,1,20270212,1,20270215,1,20270216,1,20270217,1,20270218,1,20270219,1,20270222,1,20270223,1,20270224,1,20270225,1,20270226,1,20270301,1,20270302,1,20270303,1,20270304,1,20270305,1,20270308,1,20270309,1,20270310,1,20270311,1,20270312,1,20270315,1,20270316,1,20270317,1,20270318,1,20270319,1,20270322,1,20270323,1,20270324,1,20270325,1,20270326,1,20270329,1,20270330,1,20270331,1,20270401,1,20270402,1,20270405,1,20270406,1,20270407,1,20270408,1,20270409,1,20270412,1,20270413,1,20270414,1,20270415,1,20270416,1,20270419,1,20270420,1,20270421,1,20270422,1,20270423,1,20270426,1,20270427,1,20270428,1,20270429,1,20270430,1,20270503,1,20270504,1,20270505,1,20270506,1,20270507,1,20270510,1,20270511,1,20270512,1,20270513,1,20270514,1,20270517,1,20270518,1,20270519,1,20270520,1,20270521,1,20270524,1,20270525,1,20270526,1,20270527,1,20270528,1,20270531,1,20270601,1,20270602,1,20270603,1,20270604,1,20270607,1,20270608,1,20270609,1,20270610,1,20270611,1,20270614,1,20270615,1,20270616,1,20270617,1,20270618,1,20270621,1,20270622,1,20270623,1,20270624,1,20270625,1,20270628,1,20270629,1,20270630,1,20270701,1,20270702,1,20270705,1,20270706,1,20270707,1,20270708,1,20270709,1,20270712,1,20270713,1,20270714,1,20270715,1,20270716,1,20270719,1,20270720,1,20270721,1,20270722,1,20270723,1,20270726,1,20270727,1,20270728,1,20270729,1,20270730,1,20270802,1,20270803,1,20270804,1,20270805,1,20270806,1,20270809,1,20270810,1,20270811,1,20270812,1,20270813,1,20270816,1,20270817,1,20270818,1,20270819,1,20270820,1,20270823,1,20270824,1,20270825,1,20270826,1,20270827,1,20270830,1,20270831,1,20270901,1,20270902,1,20270903,1,20270906,1,20270907,1,20270908,1,20270909,1,20270910,1,20270913,1,20270914,1,20270915,1,20270916,1,20270917,1,20270920,1,20270921,1,20270922,1,20270923,1,20270924,1
'1282121',20260924,1,20260925,1,20260928,1,20260929,1,20260930,1,20261001,1,20261002,1,20261005,1,20261006,1,20261007,1,20261008,1,20261009,1,20261012,1,20261013,1,20261014,1,20261015,1,20261016,1,20261019,1,20261020,1,20261021,1,20261022,1,20261023,1,20261026,1,20261027,1,20261028,1,20261029,1,20261030,1,20261102,1,20261103,1,20261104,1,20261105,1,20261106,1,20261109,1,20261110,1,20261111,1,20261112,1,20261113,1,20261116,1,20261117,1,20261118,1,20261119,1,20261120,1,20261123,1,20261124,1,20261125,1,20261126,1,20261127,1,20261130,1,20261201,1,20261202,1,20261203,1,20261204,1,20261207,1,20261208,1,20261209,1,20261210,1,20261211,1,20261214,1,20261215,1,20261216,1,20261217,1,20261218,1,20261221,1,20261222,1,20261223,1,20261224,1,20261225,1,20261228,1,20261229,1,20261230,1,20261231,1,20270101,1,20270104,1,20270105,1,20270106,1,20270107,1,20270108,1,20270111,1,20270112,1,20270113,1,20270114,1,20270115,1,20270118,1,20270119,1,20270120,1,20270121,1,20270122,1,20270125,1,20270126,1,20270127,1,20270128,1,20270129,1,20270201,1,20270202,1,20270203,1,20270204,1,20270205,1,20270208,1,20270209,1,20270210,1,20270211,1,20270212,1,20270215,1,20270216,1,20270217,1,20270218,1,20270219,1,20270222,1,20270223,1,20270224,1,20270225,1,20270226,1,20270301,1,20270302,1,20270303,1,20270304,1,20270305,1,20270308,1,20270309,1,20270310,1,20270311,1,20270312,1,20270315,1,20270316,1,20270317,1,20270318,1,20270319,1,20270322,1,20270323,1,20270324,1,20270325,1,20270326,1,20270329,1,20270330,1,20270331,1,20270401,1,20270402,1,20270405,1,20270406,1,20270407,1,20270408,1,20270409,1,20270412,1,20270413,1,20270414,1,20270415,1,20270416,1,20270419,1,20270420,1,20270421,1,20270422,1,20270423,1,20270426,1,20270427,1,20270428,1,20270429,1,20270430,1,20270503,1,20270504,1,20270505,1,20270506,1,20270507,1,20270510,1,20270511,1,20270512,1,20270513,1,20270514,1,20270517,1,20270518,1,20270519,1,20270520,1,20270521,1,20270524,1,20270525,1,20270526,1,20270527,1,20270528,1,20270531,1,20270601,1,20270602,1,20270603,1,20270604,1,20270607,1,20270608,1,20270609,1,20270610,1,20270611,1,20270614,1,20270615,1,20270616,1,20270617,1,20270618,1,20270621,1,20270622,1,20270623,1,20270624,1,20270625,1,20270628,1,20270629,1,20270630,1,20270701,1,20270702,1,20270705,1,20270706,1,20270707,1,20270708,1,20270709,1,20270712,1,20270713,1,20270714,1,20270715,1,20270716,1,20270719,1,20270720,1,20270721,1,20270722,1,20270723,1,20270726,1,20270727,1,20270728,1,20270729,1,20270730,1,20270802,1,20270803,1,20270804,1,20270805,1,20270806,1,20270809,1,20270810,1,20270811,1,20270812,1,20270813,1,20270816,1,20270817,1,20270818,1,20270819,1,20270820,1,20270823,1,20270824,1,20270825,1,20270826,1,20270827,1,20270830,1,20270831,1,20270901,1,20270902,1,20270903,1,20270906,1,20270907,1,20270908,1,20270909,1,20270910,1,20270913,1,20270914,1,20270915,1,20270916,1,20270917,1,20270920,1,20270921,1,20270922,1,20270923,1,20270924,1
'1282143',20260924,1,20260925,1,20260928,1,20260929,1,20260930,1,20261001,1,20261002,1,20261005,1,20261006,1,20261007,1,20261008,1,20261009,1,20261012,1,20261013,1,20261014,1,20261015,1,20261016,1,20261019,1,20261020,1,20261021,1,20261022,1,20261023,1,20261026,1,20261027,1,20261028,1,20261029,1,20261030,1,20261102,1,20261103,1,20261104,1,20261105,1,20261106,1,20261109,1,20261110,1,20261111,1,20261112,1,20261113,1,20261116,1,20261117,1,20261118,1,20261119,1,20261120,1,20261123,1,20261124,1,20261125,1,20261126,1,20261127,1,20261130,1,20261201,1,20261202,1,20261203,1,20261204,1,20261207,1,20261208,1,20261209,1,20261210,1,20261211,1,20261214,1,20261215,1,20261216,1,20261217,1,20261218,1,20261221,1,20261222,1,20261223,1,20261224,1,20261225,1,20261228,1,20261229,1,20261230,1,20261231,1,20270101,1,20270104,1,20270105,1,20270106,1,20270107,1,20270108,1,20270111,1,20270112,1,20270113,1,20270114,1,20270115,1,20270118,1,20270119,1,20270120,1,20270121,1,20270122,1,20270125,1,20270126,1,20270127,1,20270128,1,20270129,1,20270201,1,20270202,1,20270203,1,20270204,1,20270205,1,20270208,1,20270209,1,20270210,1,20270211,1,20270212,1,20270215,1,20270216,1,20270217,1,20270218,1,20270219,1,20270222,1,20270223,1,20270224,1,20270225,1,20270226,1,20270301,1,20270302,1,20270303,1,20270304,1,20270305,1,20270308,1,20270309,1,20270310,1,20270311,1,20270312,1,20270315,1,20270316,1,20270317,1,20270318,1,20270319,1,20270322,1,20270323,1,20270324,1,20270325,1,20270326,1,20270329,1,20270330,1,20270331,1,20270401,1,20270402,1,20270405,1,20270406,1,20270407,1,20270408,1,20270409,1,20270412,1,20270413,1,20270414,1,20270415,1,20270416,1,20270419,1,20270420,1,20270421,1,20270422,1,20270423,1,20270426,1,20270427,1,20270428,1,20270429,1,20270430,1,20270503,1,20270504,1,20270505,1,20270506,1,20270507,1,20270510,1,20270511,1,20270512,1,20270513,1,20270514,1,20270517,1,20270518,1,20270519,1,20270520,1,20270521,1,20270524,1,20270525,1,20270526,1,20270527,1,20270528,1,20270531,1,20270601,1,20270602,1,20270603,1,20270604,1,20270607,1,20270608,1,20270609,1,20270610,1,20270611,1,20270614,1,20270615,1,20270616,1,20270617,1,20270618,1,20270621,1,20270622,1,20270623,1,20270624,1,20270625,1,20270628,1,20270629,1,20270630,1,20270701,1,20270702,1,20270705,1,20270706,1,20270707,1,20270708,1,20270709,1,20270712,1,20270713,1,20270714,1,20270715,1,20270716,1,20270719,1,20270720,1,20270721,1,20270722,1,20270723,1,20270726,1,20270727,1,20270728,1,20270729,1,20270730,1,20270802,1,20270803,1,20270804,1,20270805,1,20270806,1,20270809,1,20270810,1,20270811,1,20270812,1,20270813,1,20270816,1,20270817,1,20270818,1,20270819,1,20270820,1,20270823,1,20270824,1,20270825,1,20270826,1,20270827,1,20270830,1,20270831,1,20270901,1,20270902,1,20270903,1,20270906,1,20270907,1,20270908,1,20270909,1,20270910,1,20270913,1,20270914,1,20270915,1,20270916,1,20270917,1,20270920,1,20270921,1,20270922,1,20270923,1,20270924,1
'1282156',20260924,1,20260925,1,20260928,1,20260929,1,20260930,1,20261001,1,20261002,1,20261005,1,20261006,1,20261007,1,20261008,1,20261009,1,20261012,1,20261013,1,20261014,1,20261015,1,20261016,1,20261019,1,20261020,1,20261021,1,20261022,1,20261023,1,20261026,1,20261027,1,20261028,1,20261029,1,20261030,1,20261102,1,20261103,1,20261104,1,20261105,1,20261106,1,20261109,1,20261110,1,20261111,1,20261112,1,20261113,1,20261116,1,20261117,1,20261118,1,20261119,1,20261120,1,20261123,1,20261124,1,20261125,1,20261126,1,20261127,1,20261130,1,20261201,1,20261202,1,20261203,1,20261204,1,20261207,1,20261208,1,20261209,1,20261210,1,20261211,1,20261214,1,20261215,1,20261216,1,20261217,1,20261218,1,20261221,1,20261222,1,20261223,1,20261224,1,20261225,1,20261228,1,20261229,1,20261230,1,20261231,1,20270101,1,20270104,1,20270105,1,20270106,1,20270107,1,20270108,1,20270111,1,20270112,1,20270113,1,20270114,1,20270115,1,20270118,1,20270119,1,20270120,1,20270121,1,20270122,1,20270125,1,20270126,1,20270127,1,20270128,1,20270129,1,20270201,1,20270202,1,20270203,1,20270204,1,20270205,1,20270208,1,20270209,1,20270210,1,20270211,1,20270212,1,20270215,1,20270216,1,20270217,1,20270218,1,20270219,1,20270222,1,20270223,1,20270224,1,20270225,1,20270226,1,20270301,1,20270302,1,20270303,1,20270304,1,20270305,1,20270308,1,20270309,1,20270310,1,20270311,1,20270312,1,20270315,1,20270316,1,20270317,1,20270318,1,20270319,1,20270322,1,20270323,1,20270324,1,20270325,1,20270326,1,20270329,1,20270330,1,20270331,1,20270401,1,20270402,1,20270405,1,20270406,1,20270407,1,20270408,1,20270409,1,20270412,1,20270413,1,20270414,1,20270415,1,20270416,1,20270419,1,20270420,1,20270421,1,20270422,1,20270423,1,20270426,1,20270427,1,20270428,1,20270429,1,20270430,1,20270503,1,20270504,1,20270505,1,20270506,1,20270507,1,20270510,1,20270511,1,20270512,1,20270513,1,20270514,1,20270517,1,20270518,1,20270519,1,20270520,1,20270521,1,20270524,1,20270525,1,20270526,1,20270527,1,20270528,1,20270531,1,20270601,1,20270602,1,20270603,1,20270604,1,20270607,1,20270608,1,20270609,1,20270610,1,20270611,1,20270614,1,20270615,1,20270616,1,20270617,1,20270618,1,20270621,1,20270622,1,20270623,1,20270624,1,20270625,1,20270628,1,20270629,1,20270630,1,20270701,1,20270702,1,20270705,1,20270706,1,20270707,1,20270708,1,20270709,1,20270712,1,20270713,1,20270714,1,20270715,1,20270716,1,20270719,1,20270720,1,20270721,1,20270722,1,20270723,1,20270726,1,20270727,1,20270728,1,20270729,1,20270730,1,20270802,1,20270803,1,20270804,1,20270805,1,20270806,1,20270809,1,20270810,1,20270811,1,20270812,1,20270813,1,20270816,1,20270817,1,20270818,1,20270819,1,20270820,1,20270823,1,20270824,1,20270825,1,20270826,1,20270827,1,20270830,1,20270831,1,20270901,1,20270902,1,20270903,1,20270906,1,20270907,1,20270908,1,20270909,1,20270910,1,20270913,1,20270914,1,20270915,1,20270916,1,20270917,1,20270920,1,20270921,1,20270922,1,20270923,1,20270924,1
'1282256',20260924,1,20260925,1,20260928,1,20260929,1,20260930,1,20261001,1,20261002,1,20261005,1,20261006,1,20261007,1,20261008,1,20261009,1,20261012,1,20261013,1,20261014,1,20261015,1,20261016,1,20261019,1,20261020,1,20261021,1,20261022,1,20261023,1,20261026,1,20261027,1,20261028,1,20261029,1,20261030,1,20261102,1,20261103,1,20261104,1,20261105,1,20261106,1,20261109,1,20261110,1,20261111,1,20261112,1,20261113,1,20261116,1,20261117,1,20261118,1,20261119,1,20261120,1,20261123,1,20261124,1,20261125,1,20261126,1,20261127,1,20261130,1,20261201,1,20261202,1,20261203,1,20261204,1,20261207,1,20261208,1,20261209,1,20261210,1,20261211,1,20261214,1,20261215,1,20261216,1,20261217,1,20261218,1,20261221,1,20261222,1,20261223,1,20261224,1,20261225,1,20261228,1,20261229,1,20261230,1,20261231,1,20270101,1,20270104,1,20270105,1,20270106,1,20270107,1,20270108,1,20270111,1,20270112,1,20270113,1,20270114,1,20270115,1,20270118,1,20270119,1,20270120,1,20270121,1,20270122,1,20270125,1,20270126,1,20270127,1,20270128,1,20270129,1,20270201,1,20270202,1,20270203,1,20270204,1,20270205,1,20270208,1,20270209,1,20270210,1,20270211,1,20270212,1,20270215,1,20270216,1,20270217,1,20270218,1,20270219,1,20270222,1,20270223,1,20270224,1,20270225,1,20270226,1,20270301,1,20270302,1,20270303,1,20270304,1,20270305,1,20270308,1,20270309,1,20270310,1,20270311,1,20270312,1,20270315,1,20270316,1,20270317,1,20270318,1,20270319,1,20270322,1,20270323,1,20270324,1,20270325,1,20270326,1,20270329,1,20270330,1,20270331,1,20270401,1,20270402,1,20270405,1,20270406,1,20270407,1,20270408,1,20270409,1,20270412,1,20270413,1,20270414,1,20270415,1,20270416,1,20270419,1,20270420,1,20270421,1,20270422,1,20270423,1,20270426,1,20270427,1,20270428,1,20270429,1,20270430,1,20270503,1,20270504,1,20270505,1,20270506,1,20270507,1,20270510,1,20270511,1,20270512,1,20270513,1,20270514,1,20270517,1,20270518,1,20270519,1,20270520,1,20270521,1,20270524,1,20270525,1,20270526,1,20270527,1,20270528,1,20270531,1,20270601,1,20270602,1,20270603,1,20270604,1,20270607,1,20270608,1,20270609,1,20270610,1,20270611,1,20270614,1,20270615,1,20270616,1,20270617,1,20270618,1,20270621,1,20270622,1,20270623,1,20270624,1,20270625,1,20270628,1,20270629,1,20270630,1,20270701,1,20270702,1,20270705,1,20270706,1,20270707,1,20270708,1,20270709,1,20270712,1,20270713,1,20270714,1,20270715,1,20270716,1,20270719,1,20270720,1,20270721,1,20270722,1,20270723,1,20270726,1,20270727,1,20270728,1,20270729,1,20270730,1,20270802,1,20270803,1,20270804,1,20270805,1,20270806,1,20270809,1,20270810,1,20270811,1,20270812,1,20270813,1,20270816,1,20270817,1,20270818,1,20270819,1,20270820,1,20270823,1,20270824,1,20270825,1,20270826,1,20270827,1,20270830,1,20270831,1,20270901,1,20270902,1,20270903,1,20270906,1,20270907,1,20270908,1,20270909,1,20270910,1,20270913,1,20270914,1,20270915,1,20270916,1,20270917,1,20270920,1,20270921,1,20270922,1,20270923,1,20270924,1
'1282311',20260924,1,20260925,1,20260928,1,20260929,1,20260930,1,20261001,1,20261002,1,20261005,1,20261006,1,20261007,1,20261008,1,20261009,1,20261012,1,20261013,1,20261014,1,20261015,1,20261016,1,20261019,1,20261020,1,20261021,1,20261022,1,20261023,1,20261026,1,20261027,1,20261028,1,20261029,1,20261030,1,20261102,1,20261103,1,20261104,1,20261105,1,20261106,1,20261109,1,20261110,1,20261111,1,20261112,1,20261113,1,20261116,1,20261117,1,20261118,1,20261119,1,20261120,1,20261123,1,20261124,1,20261125,1,20261126,1,20261127,1,20261130,1,20261201,1,20261202,1,20261203,1,20261204,1,20261207,1,20261208,1,20261209,1,20261210,1,20261211,1,20261214,1,20261215,1,20261216,1,20261217,1,20261218,1,20261221,1,20261222,1,20261223,1,20261224,1,20261225,1,20261228,1,20261229,1,20261230,1,20261231,1,20270101,1,20270104,1,20270105,1,20270106,1,20270107,1,20270108,1,20270111,1,20270112,1,20270113,1,20270114,1,20270115,1,20270118,1,20270119,1,20270120,1,20270121,1,20270122,1,20270125,1,20270126,1,20270127,1,20270128,1,20270129,1,20270201,1,20270202,1,20270203,1,20270204,1,20270205,1,20270208,1,20270209,1,20270210,1,20270211,1,20270212,1,20270215,1,20270216,1,20270217,1,20270218,1,20270219,1,20270222,1,20270223,1,20270224,1,20270225,1,20270226,1,20270301,1,20270302,1,20270303,1,20270304,1,20270305,1,20270308,1,20270309,1,20270310,1,20270311,1,20270312,1,20270315,1,20270316,1,20270317,1,20270318,1,20270319,1,20270322,1,20270323,1,20270324,1,20270325,1,20270326,1,20270329,1,20270330,1,20270331,1,20270401,1,20270402,1,20270405,1,20270406,1,20270407,1,20270408,1,20270409,1,20270412,1,20270413,1,20270414,1,20270415,1,20270416,1,20270419,1,20270420,1,20270421,1,20270422,1,20270423,1,20270426,1,20270427,1,20270428,1,20270429,1,20270430,1,20270503,1,20270504,1,20270505,1,20270506,1,20270507,1,20270510,1,20270511,1,20270512,1,20270513,1,20270514,1,20270517,1,20270518,1,20270519,1,20270520,1,20270521,1,20270524,1,20270525,1,20270526,1,20270527,1,20270528,1,20270531,1,20270601,1,20270602,1,20270603,1,20270604,1,20270607,1,20270608,1,20270609,1,20270610,1,20270611,1,20270614,1,20270615,1,20270616,1,20270617,1,20270618,1,20270621,1,20270622,1,20270623,1,20270624,1,20270625,1,20270628,1,20270629,1,20270630,1,20270701,1,20270702,1,20270705,1,20270706,1,20270707,1,20270708,1,20270709,1,20270712,1,20270713,1,20270714,1,20270715,1,20270716,1,20270719,1,20270720,1,20270721,1,20270722,1,20270723,1,20270726,1,20270727,1,20270728,1,20270729,1,20270730,1,20270802,1,20270803,1,20270804,1,20270805,1,20270806,1,20270809,1,20270810,1,20270811,1,20270812,1,20270813,1,20270816,1,20270817,1,20270818,1,20270819,1,20270820,1,20270823,1,20270824,1,20270825,1,20270826,1,20270827,1,20270830,1,20270831,1,20270901,1,20270902,1,20270903,1,20270906,1,20270907,1,20270908,1,20270909,1,20270910,1,20270913,1,20270914,1,20270915,1,20270916,1,20270917,1,20270920,1,20270921,1,20270922,1,20270923,1,20270924,1
'1282401',20260924,1,20260925,1,20260928,1,20260929,1,20260930,1,20261001,1,20261002,1,20261005,1,20261006,1,20261007,1,20261008,1,20261009,1,20261012,1,20261013,1,20261014,1,20261015,1,20261016,1,20261019,1,20261020,1,20261021,1,20261022,1,20261023,1,20261026,1,20261027,1,20261028,1,20261029,1,20261030,1,20261102,1,20261103,1,20261104,1,20261105,1,20261106,1,20261109,1,20261110,1,20261111,1,20261112,1,20261113,1,20261116,1,20261117,1,20261118,1,20261119,1,20261120,1,20261123,1,20261124,1,20261125,1,20261126,1,20261127,1,20261130,1,20261201,1,20261202,1,20261203,1,20261204,1,20261207,1,20261208,1,20261209,1,20261210,1,20261211,1,20261214,1,20261215,1,20261216,1,20261217,1,20261218,1,20261221,1,20261222,1,20261223,1,20261224,1,20261225,1,20261228,1,20261229,1,20261230,1,20261231,1,20270101,1,20270104,1,20270105,1,20270106,1,20270107,1,20270108,1,20270111,1,20270112,1,20270113,1,20270114,1,20270115,1,20270118,1,20270119,1,20270120,1,20270121,1,20270122,1,20270125,1,20270126,1,20270127,1,20270128,1,20270129,1,20270201,1,20270202,1,20270203,1,20270204,1,20270205,1,20270208,1,20270209,1,20270210,1,20270211,1,20270212,1,20270215,1,20270216,1,20270217,1,20270218,1,20270219,1,20270222,1,20270223,1,20270224,1,20270225,1,20270226,1,20270301,1,20270302,1,20270303,1,20270304,1,20270305,1,20270308,1,20270309,1,20270310,1,20270311,1,20270312,1,20270315,1,20270316,1,20270317,1,20270318,1,20270319,1,20270322,1,20270323,1,20270324,1,20270325,1,20270326,1,20270329,1,20270330,1,20270331,1,20270401,1,20270402,1,20270405,1,20270406,1,20270407,1,20270408,1,20270409,1,20270412,1,20270413,1,20270414,1,20270415,1,20270416,1,20270419,1,20270420,1,20270421,1,20270422,1,20270423,1,20270426,1,20270427,1,20270428,1,20270429,1,20270430,1,20270503,1,20270504,1,20270505,1,20270506,1,20270507,1,20270510,1,20270511,1,20270512,1,20270513,1,20270514,1,20270517,1,20270518,1,20270519,1,20270520,1,20270521,1,20270524,1,20270525,1,20270526,1,20270527,1,20270528,1,20270531,1,20270601,1,20270602,1,20270603,1,20270604,1,20270607,1,20270608,1,20270609,1,20270610,1,20270611,1,20270614,1,20270615,1,20270616,1,20270617,1,20270618,1,20270621,1,20270622,1,20270623,1,20270624,1,20270625,1,20270628,1,20270629,1,20270630,1,20270701,1,20270702,1,20270705,1,20270706,1,20270707,1,20270708,1,20270709,1,20270712,1,20270713,1,20270714,1,20270715,1,20270716,1,20270719,1,20270720,1,20270721,1,20270722,1,20270723,1,20270726,1,20270727,1,20270728,1,20270729,1,20270730,1,20270802,1,20270803,1,20270804,1,20270805,1,20270806,1,20270809,1,20270810,1,20270811,1,20270812,1,20270813,1,20270816,1,20270817,1,20270818,1,20270819,1,20270820,1,20270823,1,20270824,1,20270825,1,20270826,1,20270827,1,20270830,1,20270831,1,20270901,1,20270902,1,20270903,1,20270906,1,20270907,1,20270908,1,20270909,1,20270910,1,20270913,1,20270914,1,20270915,1,20270916,1,20270917,1,20270920,1,20270921,1,20270922,1,20270923,1,20270924,1
'1282483',20260924,1,20260925,1,20260928,1,20260929,1,20260930,1,20261001,1,20261002,1,20261005,1,20261006,1,20261007,1,20261008,1,20261009,1,20261012,1,20261013,1,20261014,1,20261015,1,20261016,1,20261019,1,20261020,1,20261021,1,20261022,1,20261023,1,20261026,1,20261027,1,20261028,1,20261029,1,20261030,1,20261102,1,20261103,1,20261104,1,20261105,1,20261106,1,20261109,1,20261110,1,20261111,1,20261112,1,20261113,1,20261116,1,20261117,1,20261118,1,20261119,1,20261120,1,20261123,1,20261124,1,20261125,1,20261126,1,20261127,1,20261130,1,20261201,1,20261202,1,20261203,1,20261204,1,20261207,1,20261208,1,20261209,1,20261210,1,20261211,1,20261214,1,20261215,1,20261216,1,20261217,1,20261218,1,20261221,1,20261222,1,20261223,1,20261224,1,20261225,1,20261228,1,20261229,1,20261230,1,20261231,1,20270101,1,20270104,1,20270105,1,20270106,1,20270107,1,20270108,1,20270111,1,20270112,1,20270113,1,20270114,1,20270115,1,20270118,1,20270119,1,20270120,1,20270121,1,20270122,1,20270125,1,20270126,1,20270127,1,20270128,1,20270129,1,20270201,1,20270202,1,20270203,1,20270204,1,20270205,1,20270208,1,20270209,1,20270210,1,20270211,1,20270212,1,20270215,1,20270216,1,20270217,1,20270218,1,20270219,1,20270222,1,20270223,1,20270224,1,20270225,1,20270226,1,20270301,1,20270302,1,20270303,1,20270304,1,20270305,1,20270308,1,20270309,1,20270310,1,20270311,1,20270312,1,20270315,1,20270316,1,20270317,1,20270318,1,20270319,1,20270322,1,20270323,1,20270324,1,20270325,1,20270326,1,20270329,1,20270330,1,20270331,1,20270401,1,20270402,1,20270405,1,20270406,1,20270407,1,20270408,1,20270409,1,20270412,1,20270413,1,20270414,1,20270415,1,20270416,1,20270419,1,20270420,1,20270421,1,20270422,1,20270423,1,20270426,1,20270427,1,20270428,1,20270429,1,20270430,1,20270503,1,20270504,1,20270505,1,20270506,1,20270507,1,20270510,1,20270511,1,20270512,1,20270513,1,20270514,1,20270517,1,20270518,1,20270519,1,20270520,1,20270521,1,20270524,1,20270525,1,20270526,1,20270527,1,20270528,1,20270531,1,20270601,1,20270602,1,20270603,1,20270604,1,20270607,1,20270608,1,20270609,1,20270610,1,20270611,1,20270614,1,20270615,1,20270616,1,20270617,1,20270618,1,20270621,1,20270622,1,20270623,1,20270624,1,20270625,1,20270628,1,20270629,1,20270630,1,20270701,1,20270702,1,20270705,1,20270706,1,20270707,1,20270708,1,20270709,1,20270712,1,20270713,1,20270714,1,20270715,1,20270716,1,20270719,1,20270720,1,20270721,1,20270722,1,20270723,1,20270726,1,20270727,1,20270728,1,20270729,1,20270730,1,20270802,1,20270803,1,20270804,1,20270805,1,20270806,1,20270809,1,20270810,1,20270811,1,20270812,1,20270813,1,20270816,1,20270817,1,20270818,1,20270819,1,20270820,1,20270823,1,20270824,1,20270825,1,20270826,1,20270827,1,20270830,1,20270831,1,20270901,1,20270902,1,20270903,1,20270906,1,20270907,1,20270908,1,20270909,1,20270910,1,20270913,1,20270914,1,20270915,1,20270916,1,20270917,1,20270920,1,20270921,1,20270922,1,20270923,1,20270924,1
'1282695',20260924,1,20260925,1,20260928,1,20260929,1,20260930,1,20261001,1,20261002,1,20261005,1,20261006,1,20261007,1,20261008,1,20261009,1,20261012,1,20261013,1,20261014,1,20261015,1,20261016,1,20261019,1,20261020,1,20261021,1,20261022,1,20261023,1,20261026,1,20261027,1,20261028,1,20261029,1,20261030,1,20261102,1,20261103,1,20261104,1,20261105,1,20261106,1,20261109,1,20261110,1,20261111,1,20261112,1,20261113,1,20261116,1,20261117,1,20261118,1,20261119,1,20261120,1,20261123,1,20261124,1,20261125,1,20261126,1,20261127,1,20261130,1,20261201,1,20261202,1,20261203,1,20261204,1,20261207,1,20261208,1,20261209,1,20261210,1,20261211,1,20261214,1,20261215,1,20261216,1,20261217,1,20261218,1,20261221,1,20261222,1,20261223,1,20261224,1,20261225,1,20261228,1,20261229,1,20261230,1,20261231,1,20270101,1,20270104,1,20270105,1,20270106,1,20270107,1,20270108,1,20270111,1,20270112,1,20270113,1,20270114,1,20270115,1,20270118,1,20270119,1,20270120,1,20270121,1,20270122,1,20270125,1,20270126,1,20270127,1,20270128,1,20270129,1,20270201,1,20270202,1,20270203,1,20270204,1,20270205,1,20270208,1,20270209,1,20270210,1,20270211,1,20270212,1,20270215,1,20270216,1,20270217,1,20270218,1,20270219,1,20270222,1,20270223,1,20270224,1,20270225,1,20270226,1,20270301,1,20270302,1,20270303,1,20270304,1,20270305,1,20270308,1,20270309,1,20270310,1,20270311,1,20270312,1,20270315,1,20270316,1,20270317,1,20270318,1,20270319,1,20270322,1,20270323,1,20270324,1,20270325,1,20270326,1,20270329,1,20270330,1,20270331,1,20270401,1,20270402,1,20270405,1,20270406,1,20270407,1,20270408,1,20270409,1,20270412,1,20270413,1,20270414,1,20270415,1,20270416,1,20270419,1,20270420,1,20270421,1,20270422,1,20270423,1,20270426,1,20270427,1,20270428,1,20270429,1,20270430,1,20270503,1,20270504,1,20270505,1,20270506,1,20270507,1,20270510,1,20270511,1,20270512,1,20270513,1,20270514,1,20270517,1,20270518,1,20270519,1,20270520,1,20270521,1,20270524,1,20270525,1,20270526,1,20270527,1,20270528,1,20270531,1,20270601,1,20270602,1,20270603,1,20270604,1,20270607,1,20270608,1,20270609,1,20270610,1,20270611,1,20270614,1,20270615,1,20270616,1,20270617,1,20270618,1,20270621,1,20270622,1,20270623,1,20270624,1,20270625,1,20270628,1,20270629,1,20270630,1,20270701,1,20270702,1,20270705,1,20270706,1,20270707,1,20270708,1,20270709,1,20270712,1,20270713,1,20270714,1,20270715,1,20270716,1,20270719,1,20270720,1,20270721,1,20270722,1,20270723,1,20270726,1,20270727,1,20270728,1,20270729,1,20270730,1,20270802,1,20270803,1,20270804,1,20270805,1,20270806,1,20270809,1,20270810,1,20270811,1,20270812,1,20270813,1,20270816,1,20270817,1,20270818,1,20270819,1,20270820,1,20270823,1,20270824,1,20270825,1,20270826,1,20270827,1,20270830,1,20270831,1,20270901,1,20270902,1,20270903,1,20270906,1,20270907,1,20270908,1,20270909,1,20270910,1,20270913,1,20270914,1,20270915,1,20270916,1,20270917,1,20270920,1,20270921,1,20270922,1,20270923,1,20270924,1
'1282785',20260924,1,20260925,1,20260928,1,20260929,1,20260930,1,20261001,1,20261002,1,20261005,1,20261006,1,20261007,1,20261008,1,20261009,1,20261012,1,20261013,1,20261014,1,20261015,1,20261016,1,20261019,1,20261020,1,20261021,1,20261022,1,20261023,1,20261026,1,20261027,1,20261028,1,20261029,1,20261030,1,20261102,1,20261103,1,20261104,1,20261105,1,20261106,1,20261109,1,20261110,1,20261111,1,20261112,1,20261113,1,20261116,1,20261117,1,20261118,1,20261119,1,20261120,1,20261123,1,20261124,1,20261125,1,20261126,1,20261127,1,20261130,1,20261201,1,20261202,1,20261203,1,20261204,1,20261207,1,20261208,1,20261209,1,20261210,1,20261211,1,20261214,1,20261215,1,20261216,1,20261217,1,20261218,1,20261221,1,20261222,1,20261223,1,20261224,1,20261225,1,20261228,1,20261229,1,20261230,1,20261231,1,20270101,1,20270104,1,20270105,1,20270106,1,20270107,1,20270108,1,20270111,1,20270112,1,20270113,1,20270114,1,20270115,1,20270118,1,20270119,1,20270120,1,20270121,1,20270122,1,20270125,1,20270126,1,20270127,1,20270128,1,20270129,1,20270201,1,20270202,1,20270203,1,20270204,1,20270205,1,20270208,1,20270209,1,20270210,1,20270211,1,20270212,1,20270215,1,20270216,1,20270217,1,20270218,1,20270219,1,20270222,1,20270223,1,20270224,1,20270225,1,20270226,1,20270301,1,20270302,1,20270303,1,20270304,1,20270305,1,20270308,1,20270309,1,20270310,1,20270311,1,20270312,1,20270315,1,20270316,1,20270317,1,20270318,1,20270319,1,20270322,1,20270323,1,20270324,1,20270325,1,20270326,1,20270329,1,20270330,1,20270331,1,20270401,1,20270402,1,20270405,1,20270406,1,20270407,1,20270408,1,20270409,1,20270412,1,20270413,1,20270414,1,20270415,1,20270416,1,20270419,1,20270420,1,20270421,1,20270422,1,20270423,1,20270426,1,20270427,1,20270428,1,20270429,1,20270430,1,20270503,1,20270504,1,20270505,1,20270506,1,20270507,1,20270510,1,20270511,1,20270512,1,20270513,1,20270514,1,20270517,1,20270518,1,20270519,1,20270520,1,20270521,1,20270524,1,20270525,1,20270526,1,20270527,1,20270528,1,20270531,1,20270601,1,20270602,1,20270603,1,20270604,1,20270607,1,20270608,1,20270609,1,20270610,1,20270611,1,20270614,1,20270615,1,20270616,1,20270617,1,20270618,1,20270621,1,20270622,1,20270623,1,20270624,1,20270625,1,20270628,1,20270629,1,20270630,1,20270701,1,20270702,1,20270705,1,20270706,1,20270707,1,20270708,1,20270709,1,20270712,1,20270713,1,20270714,1,20270715,1,20270716,1,20270719,1,20270720,1,20270721,1,20270722,1,20270723,1,20270726,1,20270727,1,20270728,1,20270729,1,20270730,1,20270802,1,20270803,1,20270804,1,20270805,1,20270806,1,20270809,1,20270810,1,20270811,1,20270812,1,20270813,1,20270816,1,20270817,1,20270818,1,20270819,1,20270820,1,20270823,1,20270824,1,20270825,1,20270826,1,20270827,1,20270830,1,20270831,1,20270901,1,20270902,1,20270903,1,20270906,1,20270907,1,20270908,1,20270909,1,20270910,1,20270913,1,20270914,1,20270915,1,20270916,1,20270917,1,20270920,1,20270921,1,20270922,1,20270923,1,20270924,1
'1282867',20260924,1,20260925,1,20260928,1,20260929,1,20260930,1,20261001,1,20261002,1,20261005,1,20261006,1,20261007,1,20261008,1,20261009,1,20261012,1,20261013,1,20261014,1,20261015,1,20261016,1,20261019,1,20261020,1,20261021,1,20261022,1,20261023,1,20261026,1,20261027,1,20261028,1,20261029,1,20261030,1,20261102,1,20261103,1,20261104,1,20261105,1,20261106,1,20261109,1,20261110,1,20261111,1,20261112,1,20261113,1,20261116,1,20261117,1,20261118,1,20261119,1,20261120,1,20261123,1,20261124,1,20261125,1,20261126,1,20261127,1,20261130,1,20261201,1,20261202,1,20261203,1,20261204,1,20261207,1,20261208,1,20261209,1,20261210,1,20261211,1,20261214,1,20261215,1,20261216,1,20261217,1,20261218,1,20261221,1,20261222,1,20261223,1,20261224,1,20261225,1,20261228,1,20261229,1,20261230,1,20261231,1,20270101,1,20270104,1,20270105,1,20270106,1,20270107,1,20270108,1,20270111,1,20270112,1,20270113,1,20270114,1,20270115,1,20270118,1,20270119,1,20270120,1,20270121,1,20270122,1,20270125,1,20270126,1,20270127,1,20270128,1,20270129,1,20270201,1,20270202,1,20270203,1,20270204,1,20270205,1,20270208,1,20270209,1,20270210,1,20270211,1,20270212,1,20270215,1,20270216,1,20270217,1,20270218,1,20270219,1,20270222,1,20270223,1,20270224,1,20270225,1,20270226,1,20270301,1,20270302,1,20270303,1,20270304,1,20270305,1,20270308,1,20270309,1,20270310,1,20270311,1,20270312,1,20270315,1,20270316,1,20270317,1,20270318,1,20270319,1,20270322,1,20270323,1,20270324,1,20270325,1,20270326,1,20270329,1,20270330,1,20270331,1,20270401,1,20270402,1,20270405,1,20270406,1,20270407,1,20270408,1,20270409,1,20270412,1,20270413,1,20270414,1,20270415,1,20270416,1,20270419,1,20270420,1,20270421,1,20270422,1,20270423,1,20270426,1,20270427,1,20270428,1,20270429,1,20270430,1,20270503,1,20270504,1,20270505,1,20270506,1,20270507,1,20270510,1,20270511,1,20270512,1,20270513,1,20270514,1,20270517,1,20270518,1,20270519,1,20270520,1,20270521,1,20270524,1,20270525,1,20270526,1,20270527,1,20270528,1,20270531,1,20270601,1,20270602,1,20270603,1,20270604,1,20270607,1,20270608,1,20270609,1,20270610,1,20270611,1,20270614,1,20270615,1,20270616,1,20270617,1,20270618,1,20270621,1,20270622,1,20270623,1,20270624,1,20270625,1,20270628,1,20270629,1,20270630,1,20270701,1,20270702,1,20270705,1,20270706,1,20270707,1,20270708,1,20270709,1,20270712,1,20270713,1,20270714,1,20270715,1,20270716,1,20270719,1,20270720,1,20270721,1,20270722,1,20270723,1,20270726,1,20270727,1,20270728,1,20270729,1,20270730,1,20270802,1,20270803,1,20270804,1,20270805,1,20270806,1,20270809,1,20270810,1,20270811,1,20270812,1,20270813,1,20270816,1,20270817,1,20270818,1,20270819,1,20270820,1,20270823,1,20270824,1,20270825,1,20270826,1,20270827,1,20270830,1,20270831,1,20270901,1,20270902,1,20270903,1,20270906,1,20270907,1,20270908,1,20270909,1,20270910,1,20270913,1,20270914,1,20270915,1,20270916,1,20270917,1,20270920,1,20270921,1,20270922,1,20270923,1,20270924,1
'1282876',20260924,1,20260925,1,20260928,1,20260929,1,20260930,1,20261001,1,20261002,1,20261005,1,20261006,1,20261007,1,20261008,1,20261009,1,20261012,1,20261013,1,20261014,1,20261015,1,20261016,1,20261019,1,20261020,1,20261021,1,20261022,1,20261023,1,20261026,1,20261027,1,20261028,1,20261029,1,20261030,1,20261102,1,20261103,1,20261104,1,20261105,1,20261106,1,20261109,1,20261110,1,20261111,1,20261112,1,20261113,1,20261116,1,20261117,1,20261118,1,20261119,1,20261120,1,20261123,1,20261124,1,20261125,1,20261126,1,20261127,1,20261130,1,20261201,1,20261202,1,20261203,1,20261204,1,20261207,1,20261208,1,20261209,1,20261210,1,20261211,1,20261214,1,20261215,1,20261216,1,20261217,1,20261218,1,20261221,1,20261222,1,20261223,1,20261224,1,20261225,1,20261228,1,20261229,1,20261230,1,20261231,1,20270101,1,20270104,1,20270105,1,20270106,1,20270107,1,20270108,1,20270111,1,20270112,1,20270113,1,20270114,1,20270115,1,20270118,1,20270119,1,20270120,1,20270121,1,20270122,1,20270125,1,20270126,1,20270127,1,20270128,1,20270129,1,20270201,1,20270202,1,20270203,1,20270204,1,20270205,1,20270208,1,20270209,1,20270210,1,20270211,1,20270212,1,20270215,1,20270216,1,20270217,1,20270218,1,20270219,1,20270222,1,20270223,1,20270224,1,20270225,1,20270226,1,20270301,1,20270302,1,20270303,1,20270304,1,20270305,1,20270308,1,20270309,1,20270310,1,20270311,1,20270312,1,20270315,1,20270316,1,20270317,1,20270318,1,20270319,1,20270322,1,20270323,1,20270324,1,20270325,1,20270326,1,20270329,1,20270330,1,20270331,1,20270401,1,20270402,1,20270405,1,20270406,1,20270407,1,20270408,1,20270409,1,20270412,1,20270413,1,20270414,1,20270415,1,20270416,1,20270419,1,20270420,1,20270421,1,20270422,1,20270423,1,20270426,1,20270427,1,20270428,1,20270429,1,20270430,1,20270503,1,20270504,1,20270505,1,20270506,1,20270507,1,20270510,1,20270511,1,20270512,1,20270513,1,20270514,1,20270517,1,20270518,1,20270519,1,20270520,1,20270521,1,20270524,1,20270525,1,20270526,1,20270527,1,20270528,1,20270531,1,20270601,1,20270602,1,20270603,1,20270604,1,20270607,1,20270608,1,20270609,1,20270610,1,20270611,1,20270614,1,20270615,1,20270616,1,20270617,1,20270618,1,20270621,1,20270622,1,20270623,1,20270624,1,20270625,1,20270628,1,20270629,1,20270630,1,20270701,1,20270702,1,20270705,1,20270706,1,20270707,1,20270708,1,20270709,1,20270712,1,20270713,1,20270714,1,20270715,1,20270716,1,20270719,1,20270720,1,20270721,1,20270722,1,20270723,1,20270726,1,20270727,1,20270728,1,20270729,1,20270730,1,20270802,1,20270803,1,20270804,1,20270805,1,20270806,1,20270809,1,20270810,1,20270811,1,20270812,1,20270813,1,20270816,1,20270817,1,20270818,1,20270819,1,20270820,1,20270823,1,20270824,1,20270825,1,20270826,1,20270827,1,20270830,1,20270831,1,20270901,1,20270902,1,20270903,1,20270906,1,20270907,1,20270908,1,20270909,1,20270910,1,20270913,1,20270914,1,20270915,1,20270916,1,20270917,1,20270920,1,20270921,1,20270922,1,20270923,1,20270924,1
'1282877',20260924,1,20260925,1,20260928,1,20260929,1,20260930,1,20261001,1,20261002,1,20261005,1,20261006,1,20261007,1,20261008,1,20261009,1,20261012,1,20261013,1,20261014,1,20261015,1,20261016,1,20261019,1,20261020,1,20261021,1,20261022,1,20261023,1,20261026,1,20261027,1,20261028,1,20261029,1,20261030,1,20261102,1,20261103,1,20261104,1,20261105,1,20261106,1,20261109,1,20261110,1,20261111,1,20261112,1,20261113,1,20261116,1,20261117,1,20261118,1,20261119,1,20261120,1,20261123,1,20261124,1,20261125,1,20261126,1,20261127,1,20261130,1,20261201,1,20261202,1,20261203,1,20261204,1,20261207,1,20261208,1,20261209,1,20261210,1,20261211,1,20261214,1,20261215,1,20261216,1,20261217,1,20261218,1,20261221,1,20261222,1,20261223,1,20261224,1,20261225,1,20261228,1,20261229,1,20261230,1,20261231,1,20270101,1,20270104,1,20270105,1,20270106,1,20270107,1,20270108,1,20270111,1,20270112,1,20270113,1,20270114,1,20270115,1,20270118,1,20270119,1,20270120,1,20270121,1,20270122,1,20270125,1,20270126,1,20270127,1,20270128,1,20270129,1,20270201,1,20270202,1,20270203,1,20270204,1,20270205,1,20270208,1,20270209,1,20270210,1,20270211,1,20270212,1,20270215,1,20270216,1,20270217,1,20270218,1,20270219,1,20270222,1,20270223,1,20270224,1,20270225,1,20270226,1,20270301,1,20270302,1,20270303,1,20270304,1,20270305,1,20270308,1,20270309,1,20270310,1,20270311,1,20270312,1,20270315,1,20270316,1,20270317,1,20270318,1,20270319,1,20270322,1,20270323,1,20270324,1,20270325,1,20270326,1,20270329,1,20270330,1,20270331,1,20270401,1,20270402,1,20270405,1,20270406,1,20270407,1,20270408,1,20270409,1,20270412,1,20270413,1,20270414,1,20270415,1,20270416,1,20270419,1,20270420,1,20270421,1,20270422,1,20270423,1,20270426,1,20270427,1,20270428,1,20270429,1,20270430,1,20270503,1,20270504,1,20270505,1,20270506,1,20270507,1,20270510,1,20270511,1,20270512,1,20270513,1,20270514,1,20270517,1,20270518,1,20270519,1,20270520,1,20270521,1,20270524,1,20270525,1,20270526,1,20270527,1,20270528,1,20270531,1,20270601,1,20270602,1,20270603,1,20270604,1,20270607,1,20270608,1,20270609,1,20270610,1,20270611,1,20270614,1,20270615,1,20270616,1,20270617,1,20270618,1,20270621,1,20270622,1,20270623,1,20270624,1,20270625,1,20270628,1,20270629,1,20270630,1,20270701,1,20270702,1,20270705,1,20270706,1,20270707,1,20270708,1,20270709,1,20270712,1,20270713,1,20270714,1,20270715,1,20270716,1,20270719,1,20270720,1,20270721,1,20270722,1,20270723,1,20270726,1,20270727,1,20270728,1,20270729,1,20270730,1,20270802,1,20270803,1,20270804,1,20270805,1,20270806,1,20270809,1,20270810,1,20270811,1,20270812,1,20270813,1,20270816,1,20270817,1,20270818,1,20270819,1,20270820,1,20270823,1,20270824,1,20270825,1,20270826,1,20270827,1,20270830,1,20270831,1,20270901,1,20270902,1,20270903,1,20270906,1,20270907,1,20270908,1,20270909,1,20270910,1,20270913,1,20270914,1,20270915,1,20270916,1,20270917,1,20270920,1,20270921,1,20270922,1,20270923,1,20270924,1
'1283012',20260924,1,20260925,1,20260928,1,20260929,1,20260930,1,20261001,1,20261002,1,20261005,1,20261006,1,20261007,1,20261008,1,20261009,1,20261012,1,20261013,1,20261014,1,20261015,1,20261016,1,20261019,1,20261020,1,20261021,1,20261022,1,20261023,1,20261026,1,20261027,1,20261028,1,20261029,1,20261030,1,20261102,1,20261103,1,20261104,1,20261105,1,20261106,1,20261109,1,20261110,1,20261111,1,20261112,1,20261113,1,20261116,1,20261117,1,20261118,1,20261119,1,20261120,1,20261123,1,20261124,1,20261125,1,20261126,1,20261127,1,20261130,1,20261201,1,20261202,1,20261203,1,20261204,1,20261207,1,20261208,1,20261209,1,20261210,1,20261211,1,20261214,1,20261215,1,20261216,1,20261217,1,20261218,1,20261221,1,20261222,1,20261223,1,20261224,1,20261225,1,20261228,1,20261229,1,20261230,1,20261231,1,20270101,1,20270104,1,20270105,1,20270106,1,20270107,1,20270108,1,20270111,1,20270112,1,20270113,1,20270114,1,20270115,1,20270118,1,20270119,1,20270120,1,20270121,1,20270122,1,20270125,1,20270126,1,20270127,1,20270128,1,20270129,1,20270201,1,20270202,1,20270203,1,20270204,1,20270205,1,20270208,1,20270209,1,20270210,1,20270211,1,20270212,1,20270215,1,20270216,1,20270217,1,20270218,1,20270219,1,20270222,1,20270223,1,20270224,1,20270225,1,20270226,1,20270301,1,20270302,1,20270303,1,20270304,1,20270305,1,20270308,1,20270309,1,20270310,1,20270311,1,20270312,1,20270315,1,20270316,1,20270317,1,20270318,1,20270319,1,20270322,1,20270323,1,20270324,1,20270325,1,20270326,1,20270329,1,20270330,1,20270331,1,20270401,1,20270402,1,20270405,1,20270406,1,20270407,1,20270408,1,20270409,1,20270412,1,20270413,1,20270414,1,20270415,1,20270416,1,20270419,1,20270420,1,20270421,1,20270422,1,20270423,1,20270426,1,20270427,1,20270428,1,20270429,1,20270430,1,20270503,1,20270504,1,20270505,1,20270506,1,20270507,1,20270510,1,20270511,1,20270512,1,20270513,1,20270514,1,20270517,1,20270518,1,20270519,1,20270520,1,20270521,1,20270524,1,20270525,1,20270526,1,20270527,1,20270528,1,20270531,1,20270601,1,20270602,1,20270603,1,20270604,1,20270607,1,20270608,1,20270609,1,20270610,1,20270611,1,20270614,1,20270615,1,20270616,1,20270617,1,20270618,1,20270621,1,20270622,1,20270623,1,20270624,1,20270625,1,20270628,1,20270629,1,20270630,1,20270701,1,20270702,1,20270705,1,20270706,1,20270707,1,20270708,1,20270709,1,20270712,1,20270713,1,20270714,1,20270715,1,20270716,1,20270719,1,20270720,1,20270721,1,20270722,1,20270723,1,20270726,1,20270727,1,20270728,1,20270729,1,20270730,1,20270802,1,20270803,1,20270804,1,20270805,1,20270806,1,20270809,1,20270810,1,20270811,1,20270812,1,20270813,1,20270816,1,20270817,1,20270818,1,20270819,1,20270820,1,20270823,1,20270824,1,20270825,1,20270826,1,20270827,1,20270830,1,20270831,1,20270901,1,20270902,1,20270903,1,20270906,1,20270907,1,20270908,1,20270909,1,20270910,1,20270913,1,20270914,1,20270915,1,20270916,1,20270917,1,20270920,1,20270921,1,20270922,1,20270923,1,20270924,1
'1283160',20260924,1,20260925,1,20260928,1,20260929,1,20260930,1,20261001,1,20261002,1,20261005,1,20261006,1,20261007,1,20261008,1,20261009,1,20261012,1,20261013,1,20261014,1,20261015,1,20261016,1,20261019,1,20261020,1,20261021,1,20261022,1,20261023,1,20261026,1,20261027,1,20261028,1,20261029,1,20261030,1,20261102,1,20261103,1,20261104,1,20261105,1,20261106,1,20261109,1,20261110,1,20261111,1,20261112,1,20261113,1,20261116,1,20261117,1,20261118,1,20261119,1,20261120,1,20261123,1,20261124,1,20261125,1,20261126,1,20261127,1,20261130,1,20261201,1,20261202,1,20261203,1,20261204,1,20261207,1,20261208,1,20261209,1,20261210,1,20261211,1,20261214,1,20261215,1,20261216,1,20261217,1,20261218,1,20261221,1,20261222,1,20261223,1,20261224,1,20261225,1,20261228,1,20261229,1,20261230,1,20261231,1,20270101,1,20270104,1,20270105,1,20270106,1,20270107,1,20270108,1,20270111,1,20270112,1,20270113,1,20270114,1,20270115,1,20270118,1,20270119,1,20270120,1,20270121,1,20270122,1,20270125,1,20270126,1,20270127,1,20270128,1,20270129,1,20270201,1,20270202,1,20270203,1,20270204,1,20270205,1,20270208,1,20270209,1,20270210,1,20270211,1,20270212,1,20270215,1,20270216,1,20270217,1,20270218,1,20270219,1,20270222,1,20270223,1,20270224,1,20270225,1,20270226,1,20270301,1,20270302,1,20270303,1,20270304,1,20270305,1,20270308,1,20270309,1,20270310,1,20270311,1,20270312,1,20270315,1,20270316,1,20270317,1,20270318,1,20270319,1,20270322,1,20270323,1,20270324,1,20270325,1,20270326,1,20270329,1,20270330,1,20270331,1,20270401,1,20270402,1,20270405,1,20270406,1,20270407,1,20270408,1,20270409,1,20270412,1,20270413,1,20270414,1,20270415,1,20270416,1,20270419,1,20270420,1,20270421,1,20270422,1,20270423,1,20270426,1,20270427,1,20270428,1,20270429,1,20270430,1,20270503,1,20270504,1,20270505,1,20270506,1,20270507,1,20270510,1,20270511,1,20270512,1,20270513,1,20270514,1,20270517,1,20270518,1,20270519,1,20270520,1,20270521,1,20270524,1,20270525,1,20270526,1,20270527,1,20270528,1,20270531,1,20270601,1,20270602,1,20270603,1,20270604,1,20270607,1,20270608,1,20270609,1,20270610,1,20270611,1,20270614,1,20270615,1,20270616,1,20270617,1,20270618,1,20270621,1,20270622,1,20270623,1,20270624,1,20270625,1,20270628,1,20270629,1,20270630,1,20270701,1,20270702,1,20270705,1,20270706,1,20270707,1,20270708,1,20270709,1,20270712,1,20270713,1,20270714,1,20270715,1,20270716,1,20270719,1,20270720,1,20270721,1,20270722,1,20270723,1,20270726,1,20270727,1,20270728,1,20270729,1,20270730,1,20270802,1,20270803,1,20270804,1,20270805,1,20270806,1,20270809,1,20270810,1,20270811,1,20270812,1,20270813,1,20270816,1,20270817,1,20270818,1,20270819,1,20270820,1,20270823,1,20270824,1,20270825,1,20270826,1,20270827,1,20270830,1,20270831,1,20270901,1,20270902,1,20270903,1,20270906,1,20270907,1,20270908,1,20270909,1,20270910,1,20270913,1,20270914,1,20270915,1,20270916,1,20270917,1,20270920,1,20270921,1,20270922,1,20270923,1,20270924,1
'1283201',20260924,1,20260925,1,20260928,1,20260929,1,20260930,1,20261001,1,20261002,1,20261005,1,20261006,1,20261007,1,20261008,1,20261009,1,20261012,1,20261013,1,20261014,1,20261015,1,20261016,1,20261019,1,20261020,1,20261021,1,20261022,1,20261023,1,20261026,1,20261027,1,20261028,1,20261029,1,20261030,1,20261102,1,20261103,1,20261104,1,20261105,1,20261106,1,20261109,1,20261110,1,20261111,1,20261112,1,20261113,1,20261116,1,20261117,1,20261118,1,20261119,1,20261120,1,20261123,1,20261124,1,20261125,1,20261126,1,20261127,1,20261130,1,20261201,1,20261202,1,20261203,1,20261204,1,20261207,1,20261208,1,20261209,1,20261210,1,20261211,1,20261214,1,20261215,1,20261216,1,20261217,1,20261218,1,20261221,1,20261222,1,20261223,1,20261224,1,20261225,1,20261228,1,20261229,1,20261230,1,20261231,1,20270101,1,20270104,1,20270105,1,20270106,1,20270107,1,20270108,1,20270111,1,20270112,1,20270113,1,20270114,1,20270115,1,20270118,1,20270119,1,20270120,1,20270121,1,20270122,1,20270125,1,20270126,1,20270127,1,20270128,1,20270129,1,20270201,1,20270202,1,20270203,1,20270204,1,20270205,1,20270208,1,20270209,1,20270210,1,20270211,1,20270212,1,20270215,1,20270216,1,20270217,1,20270218,1,20270219,1,20270222,1,20270223,1,20270224,1,20270225,1,20270226,1,20270301,1,20270302,1,20270303,1,20270304,1,20270305,1,20270308,1,20270309,1,20270310,1,20270311,1,20270312,1,20270315,1,20270316,1,20270317,1,20270318,1,20270319,1,20270322,1,20270323,1,20270324,1,20270325,1,20270326,1,20270329,1,20270330,1,20270331,1,20270401,1,20270402,1,20270405,1,20270406,1,20270407,1,20270408,1,20270409,1,20270412,1,20270413,1,20270414,1,20270415,1,20270416,1,20270419,1,20270420,1,20270421,1,20270422,1,20270423,1,20270426,1,20270427,1,20270428,1,20270429,1,20270430,1,20270503,1,20270504,1,20270505,1,20270506,1,20270507,1,20270510,1,20270511,1,20270512,1,20270513,1,20270514,1,20270517,1,20270518,1,20270519,1,20270520,1,20270521,1,20270524,1,20270525,1,20270526,1,20270527,1,20270528,1,20270531,1,20270601,1,20270602,1,20270603,1,20270604,1,20270607,1,20270608,1,20270609,1,20270610,1,20270611,1,20270614,1,20270615,1,20270616,1,20270617,1,20270618,1,20270621,1,20270622,1,20270623,1,20270624,1,20270625,1,20270628,1,20270629,1,20270630,1,20270701,1,20270702,1,20270705,1,20270706,1,20270707,1,20270708,1,20270709,1,20270712,1,20270713,1,20270714,1,20270715,1,20270716,1,20270719,1,20270720,1,20270721,1,20270722,1,20270723,1,20270726,1,20270727,1,20270728,1,20270729,1,20270730,1,20270802,1,20270803,1,20270804,1,20270805,1,20270806,1,20270809,1,20270810,1,20270811,1,20270812,1,20270813,1,20270816,1,20270817,1,20270818,1,20270819,1,20270820,1,20270823,1,20270824,1,20270825,1,20270826,1,20270827,1,20270830,1,20270831,1,20270901,1,20270902,1,20270903,1,20270906,1,20270907,1,20270908,1,20270909,1,20270910,1,20270913,1,20270914,1,20270915,1,20270916,1,20270917,1,20270920,1,20270921,1,20270922,1,20270923,1,20270924,1
'1283397',20260924,1,20260925,1,20260928,1,20260929,1,20260930,1,20261001,1,20261002,1,20261005,1,20261006,1,20261007,1,20261008,1,20261009,1,20261012,1,20261013,1,20261014,1,20261015,1,20261016,1,20261019,1,20261020,1,20261021,1,20261022,1,20261023,1,20261026,1,20261027,1,20261028,1,20261029,1,20261030,1,20261102,1,20261103,1,20261104,1,20261105,1,20261106,1,20261109,1,20261110,1,20261111,1,20261112,1,20261113,1,20261116,1,20261117,1,20261118,1,20261119,1,20261120,1,20261123,1,20261124,1,20261125,1,20261126,1,20261127,1,20261130,1,20261201,1,20261202,1,20261203,1,20261204,1,20261207,1,20261208,1,20261209,1,20261210,1,20261211,1,20261214,1,20261215,1,20261216,1,20261217,1,20261218,1,20261221,1,20261222,1,20261223,1,20261224,1,20261225,1,20261228,1,20261229,1,20261230,1,20261231,1,20270101,1,20270104,1,20270105,1,20270106,1,20270107,1,20270108,1,20270111,1,20270112,1,20270113,1,20270114,1,20270115,1,20270118,1,20270119,1,20270120,1,20270121,1,20270122,1,20270125,1,20270126,1,20270127,1,20270128,1,20270129,1,20270201,1,20270202,1,20270203,1,20270204,1,20270205,1,20270208,1,20270209,1,20270210,1,20270211,1,20270212,1,20270215,1,20270216,1,20270217,1,20270218,1,20270219,1,20270222,1,20270223,1,20270224,1,20270225,1,20270226,1,20270301,1,20270302,1,20270303,1,20270304,1,20270305,1,20270308,1,20270309,1,20270310,1,20270311,1,20270312,1,20270315,1,20270316,1,20270317,1,20270318,1,20270319,1,20270322,1,20270323,1,20270324,1,20270325,1,20270326,1,20270329,1,20270330,1,20270331,1,20270401,1,20270402,1,20270405,1,20270406,1,20270407,1,20270408,1,20270409,1,20270412,1,20270413,1,20270414,1,20270415,1,20270416,1,20270419,1,20270420,1,20270421,1,20270422,1,20270423,1,20270426,1,20270427,1,20270428,1,20270429,1,20270430,1,20270503,1,20270504,1,20270505,1,20270506,1,20270507,1,20270510,1,20270511,1,20270512,1,20270513,1,20270514,1,20270517,1,20270518,1,20270519,1,20270520,1,20270521,1,20270524,1,20270525,1,20270526,1,20270527,1,20270528,1,20270531,1,20270601,1,20270602,1,20270603,1,20270604,1,20270607,1,20270608,1,20270609,1,20270610,1,20270611,1,20270614,1,20270615,1,20270616,1,20270617,1,20270618,1,20270621,1,20270622,1,20270623,1,20270624,1,20270625,1,20270628,1,20270629,1,20270630,1,20270701,1,20270702,1,20270705,1,20270706,1,20270707,1,20270708,1,20270709,1,20270712,1,20270713,1,20270714,1,20270715,1,20270716,1,20270719,1,20270720,1,20270721,1,20270722,1,20270723,1,20270726,1,20270727,1,20270728,1,20270729,1,20270730,1,20270802,1,20270803,1,20270804,1,20270805,1,20270806,1,20270809,1,20270810,1,20270811,1,20270812,1,20270813,1,20270816,1,20270817,1,20270818,1,20270819,1,20270820,1,20270823,1,20270824,1,20270825,1,20270826,1,20270827,1,20270830,1,20270831,1,20270901,1,20270902,1,20270903,1,20270906,1,20270907,1,20270908,1,20270909,1,20270910,1,20270913,1,20270914,1,20270915,1,20270916,1,20270917,1,20270920,1,20270921,1,20270922,1,20270923,1,20270924,1
'1283459',20260924,1,20260925,1,20260928,1,20260929,1,20260930,1,20261001,1,20261002,1,20261005,1,20261006,1,20261007,1,20261008,1,20261009,1,20261012,1,20261013,1,20261014,1,20261015,1,20261016,1,20261019,1,20261020,1,20261021,1,20261022,1,20261023,1,20261026,1,20261027,1,20261028,1,20261029,1,20261030,1,20261102,1,20261103,1,20261104,1,20261105,1,20261106,1,20261109,1,20261110,1,20261111,1,20261112,1,20261113,1,20261116,1,20261117,1,20261118,1,20261119,1,20261120,1,20261123,1,20261124,1,20261125,1,20261126,1,20261127,1,20261130,1,20261201,1,20261202,1,20261203,1,20261204,1,20261207,1,20261208,1,20261209,1,20261210,1,20261211,1,20261214,1,20261215,1,20261216,1,20261217,1,20261218,1,20261221,1,20261222,1,20261223,1,20261224,1,20261225,1,20261228,1,20261229,1,20261230,1,20261231,1,20270101,1,20270104,1,20270105,1,20270106,1,20270107,1,20270108,1,20270111,1,20270112,1,20270113,1,20270114,1,20270115,1,20270118,1,20270119,1,20270120,1,20270121,1,20270122,1,20270125,1,20270126,1,20270127,1,20270128,1,20270129,1,20270201,1,20270202,1,20270203,1,20270204,1,20270205,1,20270208,1,20270209,1,20270210,1,20270211,1,20270212,1,20270215,1,20270216,1,20270217,1,20270218,1,20270219,1,20270222,1,20270223,1,20270224,1,20270225,1,20270226,1,20270301,1,20270302,1,20270303,1,20270304,1,20270305,1,20270308,1,20270309,1,20270310,1,20270311,1,20270312,1,20270315,1,20270316,1,20270317,1,20270318,1,20270319,1,20270322,1,20270323,1,20270324,1,20270325,1,20270326,1,20270329,1,20270330,1,20270331,1,20270401,1,20270402,1,20270405,1,20270406,1,20270407,1,20270408,1,20270409,1,20270412,1,20270413,1,20270414,1,20270415,1,20270416,1,20270419,1,20270420,1,20270421,1,20270422,1,20270423,1,20270426,1,20270427,1,20270428,1,20270429,1,20270430,1,20270503,1,20270504,1,20270505,1,20270506,1,20270507,1,20270510,1,20270511,1,20270512,1,20270513,1,20270514,1,20270517,1,20270518,1,20270519,1,20270520,1,20270521,1,20270524,1,20270525,1,20270526,1,20270527,1,20270528,1,20270531,1,20270601,1,20270602,1,20270603,1,20270604,1,20270607,1,20270608,1,20270609,1,20270610,1,20270611,1,20270614,1,20270615,1,20270616,1,20270617,1,20270618,1,20270621,1,20270622,1,20270623,1,20270624,1,20270625,1,20270628,1,20270629,1,20270630,1,20270701,1,20270702,1,20270705,1,20270706,1,20270707,1,20270708,1,20270709,1,20270712,1,20270713,1,20270714,1,20270715,1,20270716,1,20270719,1,20270720,1,20270721,1,20270722,1,20270723,1,20270726,1,20270727,1,20270728,1,20270729,1,20270730,1,20270802,1,20270803,1,20270804,1,20270805,1,20270806,1,20270809,1,20270810,1,20270811,1,20270812,1,20270813,1,20270816,1,20270817,1,20270818,1,20270819,1,20270820,1,20270823,1,20270824,1,20270825,1,20270826,1,20270827,1,20270830,1,20270831,1,20270901,1,20270902,1,20270903,1,20270906,1,20270907,1,20270908,1,20270909,1,20270910,1,20270913,1,20270914,1,20270915,1,20270916,1,20270917,1,20270920,1,20270921,1,20270922,1,20270923,1,20270924,1
'1283530',20260924,1,20260925,1,20260928,1,20260929,1,20260930,1,20261001,1,20261002,1,20261005,1,20261006,1,20261007,1,20261008,1,20261009,1,20261012,1,20261013,1,20261014,1,20261015,1,20261016,1,20261019,1,20261020,1,20261021,1,20261022,1,20261023,1,20261026,1,20261027,1,20261028,1,20261029,1,20261030,1,20261102,1,20261103,1,20261104,1,20261105,1,20261106,1,20261109,1,20261110,1,20261111,1,20261112,1,20261113,1,20261116,1,20261117,1,20261118,1,20261119,1,20261120,1,20261123,1,20261124,1,20261125,1,20261126,1,20261127,1,20261130,1,20261201,1,20261202,1,20261203,1,20261204,1,20261207,1,20261208,1,20261209,1,20261210,1,20261211,1,20261214,1,20261215,1,20261216,1,20261217,1,20261218,1,20261221,1,20261222,1,20261223,1,20261224,1,20261225,1,20261228,1,20261229,1,20261230,1,20261231,1,20270101,1,20270104,1,20270105,1,20270106,1,20270107,1,20270108,1,20270111,1,20270112,1,20270113,1,20270114,1,20270115,1,20270118,1,20270119,1,20270120,1,20270121,1,20270122,1,20270125,1,20270126,1,20270127,1,20270128,1,20270129,1,20270201,1,20270202,1,20270203,1,20270204,1,20270205,1,20270208,1,20270209,1,20270210,1,20270211,1,20270212,1,20270215,1,20270216,1,20270217,1,20270218,1,20270219,1,20270222,1,20270223,1,20270224,1,20270225,1,20270226,1,20270301,1,20270302,1,20270303,1,20270304,1,20270305,1,20270308,1,20270309,1,20270310,1,20270311,1,20270312,1,20270315,1,20270316,1,20270317,1,20270318,1,20270319,1,20270322,1,20270323,1,20270324,1,20270325,1,20270326,1,20270329,1,20270330,1,20270331,1,20270401,1,20270402,1,20270405,1,20270406,1,20270407,1,20270408,1,20270409,1,20270412,1,20270413,1,20270414,1,20270415,1,20270416,1,20270419,1,20270420,1,20270421,1,20270422,1,20270423,1,20270426,1,20270427,1,20270428,1,20270429,1,20270430,1,20270503,1,20270504,1,20270505,1,20270506,1,20270507,1,20270510,1,20270511,1,20270512,1,20270513,1,20270514,1,20270517,1,20270518,1,20270519,1,20270520,1,20270521,1,20270524,1,20270525,1,20270526,1,20270527,1,20270528,1,20270531,1,20270601,1,20270602,1,20270603,1,20270604,1,20270607,1,20270608,1,20270609,1,20270610,1,20270611,1,20270614,1,20270615,1,20270616,1,20270617,1,20270618,1,20270621,1,20270622,1,20270623,1,20270624,1,20270625,1,20270628,1,20270629,1,20270630,1,20270701,1,20270702,1,20270705,1,20270706,1,20270707,1,20270708,1,20270709,1,20270712,1,20270713,1,20270714,1,20270715,1,20270716,1,20270719,1,20270720,1,20270721,1,20270722,1,20270723,1,20270726,1,20270727,1,20270728,1,20270729,1,20270730,1,20270802,1,20270803,1,20270804,1,20270805,1,20270806,1,20270809,1,20270810,1,20270811,1,20270812,1,20270813,1,20270816,1,20270817,1,20270818,1,20270819,1,20270820,1,20270823,1,20270824,1,20270825,1,20270826,1,20270827,1,20270830,1,20270831,1,20270901,1,20270902,1,20270903,1,20270906,1,20270907,1,20270908,1,20270909,1,20270910,1,20270913,1,20270914,1,20270915,1,20270916,1,20270917,1,20270920,1,20270921,1,20270922,1,20270923,1,20270924,1
'1283542',20260924,1,20260925,1,20260928,1,20260929,1,20260930,1,20261001,1,20261002,1,20261005,1,20261006,1,20261007,1,20261008,1,20261009,1,20261012,1,20261013,1,20261014,1,20261015,1,20261016,1,20261019,1,20261020,1,20261021,1,20261022,1,20261023,1,20261026,1,20261027,1,20261028,1,20261029,1,20261030,1,20261102,1,20261103,1,20261104,1,20261105,1,20261106,1,20261109,1,20261110,1,20261111,1,20261112,1,20261113,1,20261116,1,20261117,1,20261118,1,20261119,1,20261120,1,20261123,1,20261124,1,20261125,1,20261126,1,20261127,1,20261130,1,20261201,1,20261202,1,20261203,1,20261204,1,20261207,1,20261208,1,20261209,1,20261210,1,20261211,1,20261214,1,20261215,1,20261216,1,20261217,1,20261218,1,20261221,1,20261222,1,20261223,1,20261224,1,20261225,1,20261228,1,20261229,1,20261230,1,20261231,1,20270101,1,20270104,1,20270105,1,20270106,1,20270107,1,20270108,1,20270111,1,20270112,1,20270113,1,20270114,1,20270115,1,20270118,1,20270119,1,20270120,1,20270121,1,20270122,1,20270125,1,20270126,1,20270127,1,20270128,1,20270129,1,20270201,1,20270202,1,20270203,1,20270204,1,20270205,1,20270208,1,20270209,1,20270210,1,20270211,1,20270212,1,20270215,1,20270216,1,20270217,1,20270218,1,20270219,1,20270222,1,20270223,1,20270224,1,20270225,1,20270226,1,20270301,1,20270302,1,20270303,1,20270304,1,20270305,1,20270308,1,20270309,1,20270310,1,20270311,1,20270312,1,20270315,1,20270316,1,20270317,1,20270318,1,20270319,1,20270322,1,20270323,1,20270324,1,20270325,1,20270326,1,20270329,1,20270330,1,20270331,1,20270401,1,20270402,1,20270405,1,20270406,1,20270407,1,20270408,1,20270409,1,20270412,1,20270413,1,20270414,1,20270415,1,20270416,1,20270419,1,20270420,1,20270421,1,20270422,1,20270423,1,20270426,1,20270427,1,20270428,1,20270429,1,20270430,1,20270503,1,20270504,1,20270505,1,20270506,1,20270507,1,20270510,1,20270511,1,20270512,1,20270513,1,20270514,1,20270517,1,20270518,1,20270519,1,20270520,1,20270521,1,20270524,1,20270525,1,20270526,1,20270527,1,20270528,1,20270531,1,20270601,1,20270602,1,20270603,1,20270604,1,20270607,1,20270608,1,20270609,1,20270610,1,20270611,1,20270614,1,20270615,1,20270616,1,20270617,1,20270618,1,20270621,1,20270622,1,20270623,1,20270624,1,20270625,1,20270628,1,20270629,1,20270630,1,20270701,1,20270702,1,20270705,1,20270706,1,20270707,1,20270708,1,20270709,1,20270712,1,20270713,1,20270714,1,20270715,1,20270716,1,20270719,1,20270720,1,20270721,1,20270722,1,20270723,1,20270726,1,20270727,1,20270728,1,20270729,1,20270730,1,20270802,1,20270803,1,20270804,1,20270805,1,20270806,1,20270809,1,20270810,1,20270811,1,20270812,1,20270813,1,20270816,1,20270817,1,20270818,1,20270819,1,20270820,1,20270823,1,20270824,1,20270825,1,20270826,1,20270827,1,20270830,1,20270831,1,20270901,1,20270902,1,20270903,1,20270906,1,20270907,1,20270908,1,20270909,1,20270910,1,20270913,1,20270914,1,20270915,1,20270916,1,20270917,1,20270920,1,20270921,1,20270922,1,20270923,1,20270924,1
'1283577',20260924,1,20260925,1,20260928,1,20260929,1,20260930,1,20261001,1,20261002,1,20261005,1,20261006,1,20261007,1,20261008,1,20261009,1,20261012,1,20261013,1,20261014,1,20261015,1,20261016,1,20261019,1,20261020,1,20261021,1,20261022,1,20261023,1,20261026,1,20261027,1,20261028,1,20261029,1,20261030,1,20261102,1,20261103,1,20261104,1,20261105,1,20261106,1,20261109,1,20261110,1,20261111,1,20261112,1,20261113,1,20261116,1,20261117,1,20261118,1,20261119,1,20261120,1,20261123,1,20261124,1,20261125,1,20261126,1,20261127,1,20261130,1,20261201,1,20261202,1,20261203,1,20261204,1,20261207,1,20261208,1,20261209,1,20261210,1,20261211,1,20261214,1,20261215,1,20261216,1,20261217,1,20261218,1,20261221,1,20261222,1,20261223,1,20261224,1,20261225,1,20261228,1,20261229,1,20261230,1,20261231,1,20270101,1,20270104,1,20270105,1,20270106,1,20270107,1,20270108,1,20270111,1,20270112,1,20270113,1,20270114,1,20270115,1,20270118,1,20270119,1,20270120,1,20270121,1,20270122,1,20270125,1,20270126,1,20270127,1,20270128,1,20270129,1,20270201,1,20270202,1,20270203,1,20270204,1,20270205,1,20270208,1,20270209,1,20270210,1,20270211,1,20270212,1,20270215,1,20270216,1,20270217,1,20270218,1,20270219,1,20270222,1,20270223,1,20270224,1,20270225,1,20270226,1,20270301,1,20270302,1,20270303,1,20270304,1,20270305,1,20270308,1,20270309,1,20270310,1,20270311,1,20270312,1,20270315,1,20270316,1,20270317,1,20270318,1,20270319,1,20270322,1,20270323,1,20270324,1,20270325,1,20270326,1,20270329,1,20270330,1,20270331,1,20270401,1,20270402,1,20270405,1,20270406,1,20270407,1,20270408,1,20270409,1,20270412,1,20270413,1,20270414,1,20270415,1,20270416,1,20270419,1,20270420,1,20270421,1,20270422,1,20270423,1,20270426,1,20270427,1,20270428,1,20270429,1,20270430,1,20270503,1,20270504,1,20270505,1,20270506,1,20270507,1,20270510,1,20270511,1,20270512,1,20270513,1,20270514,1,20270517,1,20270518,1,20270519,1,20270520,1,20270521,1,20270524,1,20270525,1,20270526,1,20270527,1,20270528,1,20270531,1,20270601,1,20270602,1,20270603,1,20270604,1,20270607,1,20270608,1,20270609,1,20270610,1,20270611,1,20270614,1,20270615,1,20270616,1,20270617,1,20270618,1,20270621,1,20270622,1,20270623,1,20270624,1,20270625,1,20270628,1,20270629,1,20270630,1,20270701,1,20270702,1,20270705,1,20270706,1,20270707,1,20270708,1,20270709,1,20270712,1,20270713,1,20270714,1,20270715,1,20270716,1,20270719,1,20270720,1,20270721,1,20270722,1,20270723,1,20270726,1,20270727,1,20270728,1,20270729,1,20270730,1,20270802,1,20270803,1,20270804,1,20270805,1,20270806,1,20270809,1,20270810,1,20270811,1,20270812,1,20270813,1,20270816,1,20270817,1,20270818,1,20270819,1,20270820,1,20270823,1,20270824,1,20270825,1,20270826,1,20270827,1,20270830,1,20270831,1,20270901,1,20270902,1,20270903,1,20270906,1,20270907,1,20270908,1,20270909,1,20270910,1,20270913,1,20270914,1,20270915,1,20270916,1,20270917,1,20270920,1,20270921,1,20270922,1,20270923,1,20270924,1
'1283657',20260924,1,20260925,1,20260928,1,20260929,1,20260930,1,20261001,1,20261002,1,20261005,1,20261006,1,20261007,1,20261008,1,20261009,1,20261012,1,20261013,1,20261014,1,20261015,1,20261016,1,20261019,1,20261020,1,20261021,1,20261022,1,20261023,1,20261026,1,20261027,1,20261028,1,20261029,1,20261030,1,20261102,1,20261103,1,20261104,1,20261105,1,20261106,1,20261109,1,20261110,1,20261111,1,20261112,1,20261113,1,20261116,1,20261117,1,20261118,1,20261119,1,20261120,1,20261123,1,20261124,1,20261125,1,20261126,1,20261127,1,20261130,1,20261201,1,20261202,1,20261203,1,20261204,1,20261207,1,20261208,1,20261209,1,20261210,1,20261211,1,20261214,1,20261215,1,20261216,1,20261217,1,20261218,1,20261221,1,20261222,1,20261223,1,20261224,1,20261225,1,20261228,1,20261229,1,20261230,1,20261231,1,20270101,1,20270104,1,20270105,1,20270106,1,20270107,1,20270108,1,20270111,1,20270112,1,20270113,1,20270114,1,20270115,1,20270118,1,20270119,1,20270120,1,20270121,1,20270122,1,20270125,1,20270126,1,20270127,1,20270128,1,20270129,1,20270201,1,20270202,1,20270203,1,20270204,1,20270205,1,20270208,1,20270209,1,20270210,1,20270211,1,20270212,1,20270215,1,20270216,1,20270217,1,20270218,1,20270219,1,20270222,1,20270223,1,20270224,1,20270225,1,20270226,1,20270301,1,20270302,1,20270303,1,20270304,1,20270305,1,20270308,1,20270309,1,20270310,1,20270311,1,20270312,1,20270315,1,20270316,1,20270317,1,20270318,1,20270319,1,20270322,1,20270323,1,20270324,1,20270325,1,20270326,1,20270329,1,20270330,1,20270331,1,20270401,1,20270402,1,20270405,1,20270406,1,20270407,1,20270408,1,20270409,1,20270412,1,20270413,1,20270414,1,20270415,1,20270416,1,20270419,1,20270420,1,20270421,1,20270422,1,20270423,1,20270426,1,20270427,1,20270428,1,20270429,1,20270430,1,20270503,1,20270504,1,20270505,1,20270506,1,20270507,1,20270510,1,20270511,1,20270512,1,20270513,1,20270514,1,20270517,1,20270518,1,20270519,1,20270520,1,20270521,1,20270524,1,20270525,1,20270526,1,20270527,1,20270528,1,20270531,1,20270601,1,20270602,1,20270603,1,20270604,1,20270607,1,20270608,1,20270609,1,20270610,1,20270611,1,20270614,1,20270615,1,20270616,1,20270617,1,20270618,1,20270621,1,20270622,1,20270623,1,20270624,1,20270625,1,20270628,1,20270629,1,20270630,1,20270701,1,20270702,1,20270705,1,20270706,1,20270707,1,20270708,1,20270709,1,20270712,1,20270713,1,20270714,1,20270715,1,20270716,1,20270719,1,20270720,1,20270721,1,20270722,1,20270723,1,20270726,1,20270727,1,20270728,1,20270729,1,20270730,1,20270802,1,20270803,1,20270804,1,20270805,1,20270806,1,20270809,1,20270810,1,20270811,1,20270812,1,20270813,1,20270816,1,20270817,1,20270818,1,20270819,1,20270820,1,20270823,1,20270824,1,20270825,1,20270826,1,20270827,1,20270830,1,20270831,1,20270901,1,20270902,1,20270903,1,20270906,1,20270907,1,20270908,1,20270909,1,20270910,1,20270913,1,20270914,1,20270915,1,20270916,1,20270917,1,20270920,1,20270921,1,20270922,1,20270923,1,20270924,1
'1283849',20260924,1,20260925,1,20260928,1,20260929,1,20260930,1,20261001,1,20261002,1,20261005,1,20261006,1,20261007,1,20261008,1,20261009,1,20261012,1,20261013,1,20261014,1,20261015,1,20261016,1,20261019,1,20261020,1,20261021,1,20261022,1,20261023,1,20261026,1,20261027,1,20261028,1,20261029,1,20261030,1,20261102,1,20261103,1,20261104,1,20261105,1,20261106,1,20261109,1,20261110,1,20261111,1,20261112,1,20261113,1,20261116,1,20261117,1,20261118,1,20261119,1,20261120,1,20261123,1,20261124,1,20261125,1,20261126,1,20261127,1,20261130,1,20261201,1,20261202,1,20261203,1,20261204,1,20261207,1,20261208,1,20261209,1,20261210,1,20261211,1,20261214,1,20261215,1,20261216,1,20261217,1,20261218,1,20261221,1,20261222,1,20261223,1,20261224,1,20261225,1,20261228,1,20261229,1,20261230,1,20261231,1,20270101,1,20270104,1,20270105,1,20270106,1,20270107,1,20270108,1,20270111,1,20270112,1,20270113,1,20270114,1,20270115,1,20270118,1,20270119,1,20270120,1,20270121,1,20270122,1,20270125,1,20270126,1,20270127,1,20270128,1,20270129,1,20270201,1,20270202,1,20270203,1,20270204,1,20270205,1,20270208,1,20270209,1,20270210,1,20270211,1,20270212,1,20270215,1,20270216,1,20270217,1,20270218,1,20270219,1,20270222,1,20270223,1,20270224,1,20270225,1,20270226,1,20270301,1,20270302,1,20270303,1,20270304,1,20270305,1,20270308,1,20270309,1,20270310,1,20270311,1,20270312,1,20270315,1,20270316,1,20270317,1,20270318,1,20270319,1,20270322,1,20270323,1,20270324,1,20270325,1,20270326,1,20270329,1,20270330,1,20270331,1,20270401,1,20270402,1,20270405,1,20270406,1,20270407,1,20270408,1,20270409,1,20270412,1,20270413,1,20270414,1,20270415,1,20270416,1,20270419,1,20270420,1,20270421,1,20270422,1,20270423,1,20270426,1,20270427,1,20270428,1,20270429,1,20270430,1,20270503,1,20270504,1,20270505,1,20270506,1,20270507,1,20270510,1,20270511,1,20270512,1,20270513,1,20270514,1,20270517,1,20270518,1,20270519,1,20270520,1,20270521,1,20270524,1,20270525,1,20270526,1,20270527,1,20270528,1,20270531,1,20270601,1,20270602,1,20270603,1,20270604,1,20270607,1,20270608,1,20270609,1,20270610,1,20270611,1,20270614,1,20270615,1,20270616,1,20270617,1,20270618,1,20270621,1,20270622,1,20270623,1,20270624,1,20270625,1,20270628,1,20270629,1,20270630,1,20270701,1,20270702,1,20270705,1,20270706,1,20270707,1,20270708,1,20270709,1,20270712,1,20270713,1,20270714,1,20270715,1,20270716,1,20270719,1,20270720,1,20270721,1,20270722,1,20270723,1,20270726,1,20270727,1,20270728,1,20270729,1,20270730,1,20270802,1,20270803,1,20270804,1,20270805,1,20270806,1,20270809,1,20270810,1,20270811,1,20270812,1,20270813,1,20270816,1,20270817,1,20270818,1,20270819,1,20270820,1,20270823,1,20270824,1,20270825,1,20270826,1,20270827,1,20270830,1,20270831,1,20270901,1,20270902,1,20270903,1,20270906,1,20270907,1,20270908,1,20270909,1,20270910,1,20270913,1,20270914,1,20270915,1,20270916,1,20270917,1,20270920,1,20270921,1,20270922,1,20270923,1,20270924,1
'1284100',20260924,1,20260925,1,20260928,1,20260929,1,20260930,1,20261001,1,20261002,1,20261005,1,20261006,1,20261007,1,20261008,1,20261009,1,20261012,1,20261013,1,20261014,1,20261015,1,20261016,1,20261019,1,20261020,1,20261021,1,20261022,1,20261023,1,20261026,1,20261027,1,20261028,1,20261029,1,20261030,1,20261102,1,20261103,1,20261104,1,20261105,1,20261106,1,20261109,1,20261110,1,20261111,1,20261112,1,20261113,1,20261116,1,20261117,1,20261118,1,20261119,1,20261120,1,20261123,1,20261124,1,20261125,1,20261126,1,20261127,1,20261130,1,20261201,1,20261202,1,20261203,1,20261204,1,20261207,1,20261208,1,20261209,1,20261210,1,20261211,1,20261214,1,20261215,1,20261216,1,20261217,1,20261218,1,20261221,1,20261222,1,20261223,1,20261224,1,20261225,1,20261228,1,20261229,1,20261230,1,20261231,1,20270101,1,20270104,1,20270105,1,20270106,1,20270107,1,20270108,1,20270111,1,20270112,1,20270113,1,20270114,1,20270115,1,20270118,1,20270119,1,20270120,1,20270121,1,20270122,1,20270125,1,20270126,1,20270127,1,20270128,1,20270129,1,20270201,1,20270202,1,20270203,1,20270204,1,20270205,1,20270208,1,20270209,1,20270210,1,20270211,1,20270212,1,20270215,1,20270216,1,20270217,1,20270218,1,20270219,1,20270222,1,20270223,1,20270224,1,20270225,1,20270226,1,20270301,1,20270302,1,20270303,1,20270304,1,20270305,1,20270308,1,20270309,1,20270310,1,20270311,1,20270312,1,20270315,1,20270316,1,20270317,1,20270318,1,20270319,1,20270322,1,20270323,1,20270324,1,20270325,1,20270326,1,20270329,1,20270330,1,20270331,1,20270401,1,20270402,1,20270405,1,20270406,1,20270407,1,20270408,1,20270409,1,20270412,1,20270413,1,20270414,1,20270415,1,20270416,1,20270419,1,20270420,1,20270421,1,20270422,1,20270423,1,20270426,1,20270427,1,20270428,1,20270429,1,20270430,1,20270503,1,20270504,1,20270505,1,20270506,1,20270507,1,20270510,1,20270511,1,20270512,1,20270513,1,20270514,1,20270517,1,20270518,1,20270519,1,20270520,1,20270521,1,20270524,1,20270525,1,20270526,1,20270527,1,20270528,1,20270531,1,20270601,1,20270602,1,20270603,1,20270604,1,20270607,1,20270608,1,20270609,1,20270610,1,20270611,1,20270614,1,20270615,1,20270616,1,20270617,1,20270618,1,20270621,1,20270622,1,20270623,1,20270624,1,20270625,1,20270628,1,20270629,1,20270630,1,20270701,1,20270702,1,20270705,1,20270706,1,20270707,1,20270708,1,20270709,1,20270712,1,20270713,1,20270714,1,20270715,1,20270716,1,20270719,1,20270720,1,20270721,1,20270722,1,20270723,1,20270726,1,20270727,1,20270728,1,20270729,1,20270730,1,20270802,1,20270803,1,20270804,1,20270805,1,20270806,1,20270809,1,20270810,1,20270811,1,20270812,1,20270813,1,20270816,1,20270817,1,20270818,1,20270819,1,20270820,1,20270823,1,20270824,1,20270825,1,20270826,1,20270827,1,20270830,1,20270831,1,20270901,1,20270902,1,20270903,1,20270906,1,20270907,1,20270908,1,20270909,1,20270910,1,20270913,1,20270914,1,20270915,1,20270916,1,20270917,1,20270920,1,20270921,1,20270922,1,20270923,1,20270924,1
'1297024',20260924,1
'1297026',20260924,1
'1297027',20260924,1
'1297030',20260924,1
'1297031',20260924,1
'1297034',20260924,1
'1297036',20260924,1
'1297037',20260924,1
'1297039',20260924,1
'1297041',20260924,1
'1297043',20260924,1
'1297046',20260924,1
'1297047',20260924,1
'1297048',20260924,1
'1297049',20260924,1
'1297050',20260924,1
'1297051',20260924,1
'1297053',20260924,1
'1297057',20260924,1
'1297058',20260924,1
'1297059',20260924,1
'1297061',20260924,1
'1297062',20260924,1
'1297064',20260924,1
'1297065',20260924,1
'1297069',20260924,1
'1297073',20260924,1
'1297078',20260924,1
'1297079',20260924,1
'1297080',20260924,1
'1297082',20260924,1
'1297083',20260924,1
'1309124',20260924,1,20260925,1,20260928,1,20260929,1,20260930,1,20261001,1,20261002,1,20261005,1,20261006,1,20261007,1,20261008,1,20261009,1,20261012,1,20261013,1,20261014,1,20261015,1,20261016,1,20261019,1,20261020,1,20261021,1,20261022,1,20261023,1,20261026,1,20261027,1,20261028,1,20261029,1,20261030,1,20261102,1,20261103,1,20261104,1,20261105,1,20261106,1,20261109,1,20261110,1,20261111,1,20261112,1,20261113,1,20261116,1,20261117,1,20261118,1,20261119,1,20261120,1,20261123,1,20261124,1,20261125,1,20261126,1,20261127,1,20261130,1,20261201,1,20261202,1,20261203,1,20261204,1,20261207,1,20261208,1,20261209,1,20261210,1,20261211,1,20261214,1,20261215,1,20261216,1,20261217,1,20261218,1,20261221,1,20261222,1,20261223,1,20261224,1,20261225,1,20261228,1,20261229,1,20261230,1,20261231,1,20270101,1,20270104,1,20270105,1,20270106,1,20270107,1,20270108,1,20270111,1,20270112,1,20270113,1,20270114,1,20270115,1,20270118,1,20270119,1,20270120,1,20270121,1,20270122,1,20270125,1,20270126,1,20270127,1,20270128,1,20270129,1,20270201,1,20270202,1,20270203,1,20270204,1,20270205,1,20270208,1,20270209,1,20270210,1,20270211,1,20270212,1,20270215,1,20270216,1,20270217,1,20270218,1,20270219,1,20270222,1,20270223,1,20270224,1,20270225,1,20270226,1,20270301,1,20270302,1,20270303,1,20270304,1,20270305,1,20270308,1,20270309,1,20270310,1,20270311,1,20270312,1,20270315,1,20270316,1,20270317,1,20270318,1,20270319,1,20270322,1,20270323,1,20270324,1,20270325,1,20270326,1,20270329,1,20270330,1,20270331,1,20270401,1,20270402,1,20270405,1,20270406,1,20270407,1,20270408,1,20270409,1,20270412,1,20270413,1,20270414,1,20270415,1,20270416,1,20270419,1,20270420,1,20270421,1,20270422,1,20270423,1,20270426,1,20270427,1,20270428,1,20270429,1,20270430,1,20270503,1,20270504,1,20270505,1,20270506,1,20270507,1,20270510,1,20270511,1,20270512,1,20270513,1,20270514,1,20270517,1,20270518,1,20270519,1,20270520,1,20270521,1,20270524,1,20270525,1,20270526,1,20270527,1,20270528,1,20270531,1,20270601,1,20270602,1,20270603,1,20270604,1,20270607,1,20270608,1,20270609,1,20270610,1,20270611,1,20270614,1,20270615,1,20270616,1,20270617,1,20270618,1,20270621,1,20270622,1,20270623,1,20270624,1,20270625,1,20270628,1,20270629,1,20270630,1,20270701,1,20270702,1,20270705,1,20270706,1,20270707,1,20270708,1,20270709,1,20270712,1,20270713,1,20270714,1,20270715,1,20270716,1,20270719,1,20270720,1,20270721,1,20270722,1,20270723,1,20270726,1,20270727,1,20270728,1,20270729,1,20270730,1,20270802,1,20270803,1,20270804,1,20270805,1,20270806,1,20270809,1,20270810,1,20270811,1,20270812,1,20270813,1,20270816,1,20270817,1,20270818,1,20270819,1,20270820,1,20270823,1,20270824,1,20270825,1,20270826,1,20270827,1,20270830,1,20270831,1,20270901,1,20270902,1,20270903,1,20270906,1,20270907,1,20270908,1,20270909,1,20270910,1,20270913,1,20270914,1,20270915,1,20270916,1,20270917,1,20270920,1,20270921,1,20270922,1,20270923,1,20270924,1
'1309218',20260924,1,20260925,1,20260928,1,20260929,1,20260930,1,20261001,1,20261002,1,20261005,1,20261006,1,20261007,1,20261008,1,20261009,1,20261012,1,20261013,1,20261014,1,20261015,1,20261016,1,20261019,1,20261020,1,20261021,1,20261022,1,20261023,1,20261026,1,20261027,1,20261028,1,20261029,1,20261030,1,20261102,1,20261103,1,20261104,1,20261105,1,20261106,1,20261109,1,20261110,1,20261111,1,20261112,1,20261113,1,20261116,1,20261117,1,20261118,1,20261119,1,20261120,1,20261123,1,20261124,1,20261125,1,20261126,1,20261127,1,20261130,1,20261201,1,20261202,1,20261203,1,20261204,1,20261207,1,20261208,1,20261209,1,20261210,1,20261211,1,20261214,1,20261215,1,20261216,1,20261217,1,20261218,1,20261221,1,20261222,1,20261223,1,20261224,1,20261225,1,20261228,1,20261229,1,20261230,1,20261231,1,20270101,1,20270104,1,20270105,1,20270106,1,20270107,1,20270108,1,20270111,1,20270112,1,20270113,1,20270114,1,20270115,1,20270118,1,20270119,1,20270120,1,20270121,1,20270122,1,20270125,1,20270126,1,20270127,1,20270128,1,20270129,1,20270201,1,20270202,1,20270203,1,20270204,1,20270205,1,20270208,1,20270209,1,20270210,1,20270211,1,20270212,1,20270215,1,20270216,1,20270217,1,20270218,1,20270219,1,20270222,1,20270223,1,20270224,1,20270225,1,20270226,1,20270301,1,20270302,1,20270303,1,20270304,1,20270305,1,20270308,1,20270309,1,20270310,1,20270311,1,20270312,1,20270315,1,20270316,1,20270317,1,20270318,1,20270319,1,20270322,1,20270323,1,20270324,1,20270325,1,20270326,1,20270329,1,20270330,1,20270331,1,20270401,1,20270402,1,20270405,1,20270406,1,20270407,1,20270408,1,20270409,1,20270412,1,20270413,1,20270414,1,20270415,1,20270416,1,20270419,1,20270420,1,20270421,1,20270422,1,20270423,1,20270426,1,20270427,1,20270428,1,20270429,1,20270430,1,20270503,1,20270504,1,20270505,1,20270506,1,20270507,1,20270510,1,20270511,1,20270512,1,20270513,1,20270514,1,20270517,1,20270518,1,20270519,1,20270520,1,20270521,1,20270524,1,20270525,1,20270526,1,20270527,1,20270528,1,20270531,1,20270601,1,20270602,1,20270603,1,20270604,1,20270607,1,20270608,1,20270609,1,20270610,1,20270611,1,20270614,1,20270615,1,20270616,1,20270617,1,20270618,1,20270621,1,20270622,1,20270623,1,20270624,1,20270625,1,20270628,1,20270629,1,20270630,1,20270701,1,20270702,1,20270705,1,20270706,1,20270707,1,20270708,1,20270709,1,20270712,1,20270713,1,20270714,1,20270715,1,20270716,1,20270719,1,20270720,1,20270721,1,20270722,1,20270723,1,20270726,1,20270727,1,20270728,1,20270729,1,20270730,1,20270802,1,20270803,1,20270804,1,20270805,1,20270806,1,20270809,1,20270810,1,20270811,1,20270812,1,20270813,1,20270816,1,20270817,1,20270818,1,20270819,1,20270820,1,20270823,1,20270824,1,20270825,1,20270826,1,20270827,1,20270830,1,20270831,1,20270901,1,20270902,1,20270903,1,20270906,1,20270907,1,20270908,1,20270909,1,20270910,1,20270913,1,20270914,1,20270915,1,20270916,1,20270917,1,20270920,1,20270921,1,20270922,1,20270923,1,20270924,1
'1309753',20260924,1,20260925,1,20260928,1,20260929,1,20260930,1,20261001,1,20261002,1,20261005,1,20261006,1,20261007,1,20261008,1,20261009,1,20261012,1,20261013,1,20261014,1,20261015,1,20261016,1,20261019,1,20261020,1,20261021,1,20261022,1,20261023,1,20261026,1,20261027,1,20261028,1,20261029,1,20261030,1,20261102,1,20261103,1,20261104,1,20261105,1,20261106,1,20261109,1,20261110,1,20261111,1,20261112,1,20261113,1,20261116,1,20261117,1,20261118,1,20261119,1,20261120,1,20261123,1,20261124,1,20261125,1,20261126,1,20261127,1,20261130,1,20261201,1,20261202,1,20261203,1,20261204,1,20261207,1,20261208,1,20261209,1,20261210,1,20261211,1,20261214,1,20261215,1,20261216,1,20261217,1,20261218,1,20261221,1,20261222,1,20261223,1,20261224,1,20261225,1,20261228,1,20261229,1,20261230,1,20261231,1,20270101,1,20270104,1,20270105,1,20270106,1,20270107,1,20270108,1,20270111,1,20270112,1,20270113,1,20270114,1,20270115,1,20270118,1,20270119,1,20270120,1,20270121,1,20270122,1,20270125,1,20270126,1,20270127,1,20270128,1,20270129,1,20270201,1,20270202,1,20270203,1,20270204,1,20270205,1,20270208,1,20270209,1,20270210,1,20270211,1,20270212,1,20270215,1,20270216,1,20270217,1,20270218,1,20270219,1,20270222,1,20270223,1,20270224,1,20270225,1,20270226,1,20270301,1,20270302,1,20270303,1,20270304,1,20270305,1,20270308,1,20270309,1,20270310,1,20270311,1,20270312,1,20270315,1,20270316,1,20270317,1,20270318,1,20270319,1,20270322,1,20270323,1,20270324,1,20270325,1,20270326,1,20270329,1,20270330,1,20270331,1,20270401,1,20270402,1,20270405,1,20270406,1,20270407,1,20270408,1,20270409,1,20270412,1,20270413,1,20270414,1,20270415,1,20270416,1,20270419,1,20270420,1,20270421,1,20270422,1,20270423,1,20270426,1,20270427,1,20270428,1,20270429,1,20270430,1,20270503,1,20270504,1,20270505,1,20270506,1,20270507,1,20270510,1,20270511,1,20270512,1,20270513,1,20270514,1,20270517,1,20270518,1,20270519,1,20270520,1,20270521,1,20270524,1,20270525,1,20270526,1,20270527,1,20270528,1,20270531,1,20270601,1,20270602,1,20270603,1,20270604,1,20270607,1,20270608,1,20270609,1,20270610,1,20270611,1,20270614,1,20270615,1,20270616,1,20270617,1,20270618,1,20270621,1,20270622,1,20270623,1,20270624,1,20270625,1,20270628,1,20270629,1,20270630,1,20270701,1,20270702,1,20270705,1,20270706,1,20270707,1,20270708,1,20270709,1,20270712,1,20270713,1,20270714,1,20270715,1,20270716,1,20270719,1,20270720,1,20270721,1,20270722,1,20270723,1,20270726,1,20270727,1,20270728,1,20270729,1,20270730,1,20270802,1,20270803,1,20270804,1,20270805,1,20270806,1,20270809,1,20270810,1,20270811,1,20270812,1,20270813,1,20270816,1,20270817,1,20270818,1,20270819,1,20270820,1,20270823,1,20270824,1,20270825,1,20270826,1,20270827,1,20270830,1,20270831,1,20270901,1,20270902,1,20270903,1,20270906,1,20270907,1,20270908,1,20270909,1,20270910,1,20270913,1,20270914,1,20270915,1,20270916,1,20270917,1,20270920,1,20270921,1,20270922,1,20270923,1,20270924,1
'1309755',20260924,1,20260925,1,20260928,1,20260929,1,20260930,1,20261001,1,20261002,1,20261005,1,20261006,1,20261007,1,20261008,1,20261009,1,20261012,1,20261013,1,20261014,1,20261015,1,20261016,1,20261019,1,20261020,1,20261021,1,20261022,1,20261023,1,20261026,1,20261027,1,20261028,1,20261029,1,20261030,1,20261102,1,20261103,1,20261104,1,20261105,1,20261106,1,20261109,1,20261110,1,20261111,1,20261112,1,20261113,1,20261116,1,20261117,1,20261118,1,20261119,1,20261120,1,20261123,1,20261124,1,20261125,1,20261126,1,20261127,1,20261130,1,20261201,1,20261202,1,20261203,1,20261204,1,20261207,1,20261208,1,20261209,1,20261210,1,20261211,1,20261214,1,20261215,1,20261216,1,20261217,1,20261218,1,20261221,1,20261222,1,20261223,1,20261224,1,20261225,1,20261228,1,20261229,1,20261230,1,20261231,1,20270101,1,20270104,1,20270105,1,20270106,1,20270107,1,20270108,1,20270111,1,20270112,1,20270113,1,20270114,1,20270115,1,20270118,1,20270119,1,20270120,1,20270121,1,20270122,1,20270125,1,20270126,1,20270127,1,20270128,1,20270129,1,20270201,1,20270202,1,20270203,1,20270204,1,20270205,1,20270208,1,20270209,1,20270210,1,20270211,1,20270212,1,20270215,1,20270216,1,20270217,1,20270218,1,20270219,1,20270222,1,20270223,1,20270224,1,20270225,1,20270226,1,20270301,1,20270302,1,20270303,1,20270304,1,20270305,1,20270308,1,20270309,1,20270310,1,20270311,1,20270312,1,20270315,1,20270316,1,20270317,1,20270318,1,20270319,1,20270322,1,20270323,1,20270324,1,20270325,1,20270326,1,20270329,1,20270330,1,20270331,1,20270401,1,20270402,1,20270405,1,20270406,1,20270407,1,20270408,1,20270409,1,20270412,1,20270413,1,20270414,1,20270415,1,20270416,1,20270419,1,20270420,1,20270421,1,20270422,1,20270423,1,20270426,1,20270427,1,20270428,1,20270429,1,20270430,1,20270503,1,20270504,1,20270505,1,20270506,1,20270507,1,20270510,1,20270511,1,20270512,1,20270513,1,20270514,1,20270517,1,20270518,1,20270519,1,20270520,1,20270521,1,20270524,1,20270525,1,20270526,1,20270527,1,20270528,1,20270531,1,20270601,1,20270602,1,20270603,1,20270604,1,20270607,1,20270608,1,20270609,1,20270610,1,20270611,1,20270614,1,20270615,1,20270616,1,20270617,1,20270618,1,20270621,1,20270622,1,20270623,1,20270624,1,20270625,1,20270628,1,20270629,1,20270630,1,20270701,1,20270702,1,20270705,1,20270706,1,20270707,1,20270708,1,20270709,1,20270712,1,20270713,1,20270714,1,20270715,1,20270716,1,20270719,1,20270720,1,20270721,1,20270722,1,20270723,1,20270726,1,20270727,1,20270728,1,20270729,1,20270730,1,20270802,1,20270803,1,20270804,1,20270805,1,20270806,1,20270809,1,20270810,1,20270811,1,20270812,1,20270813,1,20270816,1,20270817,1,20270818,1,20270819,1,20270820,1,20270823,1,20270824,1,20270825,1,20270826,1,20270827,1,20270830,1,20270831,1,20270901,1,20270902,1,20270903,1,20270906,1,20270907,1,20270908,1,20270909,1,20270910,1,20270913,1,20270914,1,20270915,1,20270916,1,20270917,1,20270920,1,20270921,1,20270922,1,20270923,1,20270924,1
'1400344',20260924,1,20260925,1,20260928,1,20260929,1,20260930,1,20261001,1,20261002,1,20261005,1,20261006,1,20261007,1,20261008,1,20261009,1,20261012,1,20261013,1,20261014,1,20261015,1,20261016,1,20261019,1,20261020,1,20261021,1,20261022,1,20261023,1,20261026,1,20261027,1,20261028,1,20261029,1,20261030,1,20261102,1,20261103,1,20261104,1,20261105,1,20261106,1,20261109,1,20261110,1,20261111,1,20261112,1,20261113,1,20261116,1,20261117,1,20261118,1,20261119,1,20261120,1,20261123,1,20261124,1,20261125,1,20261126,1,20261127,1,20261130,1,20261201,1,20261202,1,20261203,1,20261204,1,20261207,1,20261208,1,20261209,1,20261210,1,20261211,1,20261214,1,20261215,1,20261216,1,20261217,1,20261218,1,20261221,1,20261222,1,20261223,1,20261224,1,20261225,1,20261228,1,20261229,1,20261230,1,20261231,1,20270101,1,20270104,1,20270105,1,20270106,1,20270107,1,20270108,1,20270111,1,20270112,1,20270113,1,20270114,1,20270115,1,20270118,1,20270119,1,20270120,1,20270121,1,20270122,1,20270125,1,20270126,1,20270127,1,20270128,1,20270129,1,20270201,1,20270202,1,20270203,1,20270204,1,20270205,1,20270208,1,20270209,1,20270210,1,20270211,1,20270212,1,20270215,1,20270216,1,20270217,1,20270218,1,20270219,1,20270222,1,20270223,1,20270224,1,20270225,1,20270226,1,20270301,1,20270302,1,20270303,1,20270304,1,20270305,1,20270308,1,20270309,1,20270310,1,20270311,1,20270312,1,20270315,1,20270316,1,20270317,1,20270318,1,20270319,1,20270322,1,20270323,1,20270324,1,20270325,1,20270326,1,20270329,1,20270330,1,20270331,1,20270401,1,20270402,1,20270405,1,20270406,1,20270407,1,20270408,1,20270409,1,20270412,1,20270413,1,20270414,1,20270415,1,20270416,1,20270419,1,20270420,1,20270421,1,20270422,1,20270423,1,20270426,1,20270427,1,20270428,1,20270429,1,20270430,1,20270503,1,20270504,1,20270505,1,20270506,1,20270507,1,20270510,1,20270511,1,20270512,1,20270513,1,20270514,1,20270517,1,20270518,1,20270519,1,20270520,1,20270521,1,20270524,1,20270525,1,20270526,1,20270527,1,20270528,1,20270531,1,20270601,1,20270602,1,20270603,1,20270604,1,20270607,1,20270608,1,20270609,1,20270610,1,20270611,1,20270614,1,20270615,1,20270616,1,20270617,1,20270618,1,20270621,1,20270622,1,20270623,1,20270624,1,20270625,1,20270628,1,20270629,1,20270630,1,20270701,1,20270702,1,20270705,1,20270706,1,20270707,1,20270708,1,20270709,1,20270712,1,20270713,1,20270714,1,20270715,1,20270716,1,20270719,1,20270720,1,20270721,1,20270722,1,20270723,1,20270726,1,20270727,1,20270728,1,20270729,1,20270730,1,20270802,1,20270803,1,20270804,1,20270805,1,20270806,1,20270809,1,20270810,1,20270811,1,20270812,1,20270813,1,20270816,1,20270817,1,20270818,1,20270819,1,20270820,1,20270823,1,20270824,1,20270825,1,20270826,1,20270827,1,20270830,1,20270831,1,20270901,1,20270902,1,20270903,1,20270906,1,20270907,1,20270908,1,20270909,1,20270910,1,20270913,1,20270914,1,20270915,1,20270916,1,20270917,1,20270920,1,20270921,1,20270922,1,20270923,1,20270924,1
'1400361',20260924,1,20260925,1,20260928,1,20260929,1,20260930,1,20261001,1,20261002,1,20261005,1,20261006,1,20261007,1,20261008,1,20261009,1,20261012,1,20261013,1,20261014,1,20261015,1,20261016,1,20261019,1,20261020,1,20261021,1,20261022,1,20261023,1,20261026,1,20261027,1,20261028,1,20261029,1,20261030,1,20261102,1,20261103,1,20261104,1,20261105,1,20261106,1,20261109,1,20261110,1,20261111,1,20261112,1,20261113,1,20261116,1,20261117,1,20261118,1,20261119,1,20261120,1,20261123,1,20261124,1,20261125,1,20261126,1,20261127,1,20261130,1,20261201,1,20261202,1,20261203,1,20261204,1,20261207,1,20261208,1,20261209,1,20261210,1,20261211,1,20261214,1,20261215,1,20261216,1,20261217,1,20261218,1,20261221,1,20261222,1,20261223,1,20261224,1,20261225,1,20261228,1,20261229,1,20261230,1,20261231,1,20270101,1,20270104,1,20270105,1,20270106,1,20270107,1,20270108,1,20270111,1,20270112,1,20270113,1,20270114,1,20270115,1,20270118,1,20270119,1,20270120,1,20270121,1,20270122,1,20270125,1,20270126,1,20270127,1,20270128,1,20270129,1,20270201,1,20270202,1,20270203,1,20270204,1,20270205,1,20270208,1,20270209,1,20270210,1,20270211,1,20270212,1,20270215,1,20270216,1,20270217,1,20270218,1,20270219,1,20270222,1,20270223,1,20270224,1,20270225,1,20270226,1,20270301,1,20270302,1,20270303,1,20270304,1,20270305,1,20270308,1,20270309,1,20270310,1,20270311,1,20270312,1,20270315,1,20270316,1,20270317,1,20270318,1,20270319,1,20270322,1,20270323,1,20270324,1,20270325,1,20270326,1,20270329,1,20270330,1,20270331,1,20270401,1,20270402,1,20270405,1,20270406,1,20270407,1,20270408,1,20270409,1,20270412,1,20270413,1,20270414,1,20270415,1,20270416,1,20270419,1,20270420,1,20270421,1,20270422,1,20270423,1,20270426,1,20270427,1,20270428,1,20270429,1,20270430,1,20270503,1,20270504,1,20270505,1,20270506,1,20270507,1,20270510,1,20270511,1,20270512,1,20270513,1,20270514,1,20270517,1,20270518,1,20270519,1,20270520,1,20270521,1,20270524,1,20270525,1,20270526,1,20270527,1,20270528,1,20270531,1,20270601,1,20270602,1,20270603,1,20270604,1,20270607,1,20270608,1,20270609,1,20270610,1,20270611,1,20270614,1,20270615,1,20270616,1,20270617,1,20270618,1,20270621,1,20270622,1,20270623,1,20270624,1,20270625,1,20270628,1,20270629,1,20270630,1,20270701,1,20270702,1,20270705,1,20270706,1,20270707,1,20270708,1,20270709,1,20270712,1,20270713,1,20270714,1,20270715,1,20270716,1,20270719,1,20270720,1,20270721,1,20270722,1,20270723,1,20270726,1,20270727,1,20270728,1,20270729,1,20270730,1,20270802,1,20270803,1,20270804,1,20270805,1,20270806,1,20270809,1,20270810,1,20270811,1,20270812,1,20270813,1,20270816,1,20270817,1,20270818,1,20270819,1,20270820,1,20270823,1,20270824,1,20270825,1,20270826,1,20270827,1,20270830,1,20270831,1,20270901,1,20270902,1,20270903,1,20270906,1,20270907,1,20270908,1,20270909,1,20270910,1,20270913,1,20270914,1,20270915,1,20270916,1,20270917,1,20270920,1,20270921,1,20270922,1,20270923,1,20270924,1
'1400396',20260924,1,20260925,1,20260928,1,20260929,1,20260930,1,20261001,1,20261002,1,20261005,1,20261006,1,20261007,1,20261008,1,20261009,1,20261012,1,20261013,1,20261014,1,20261015,1,20261016,1,20261019,1,20261020,1,20261021,1,20261022,1,20261023,1,20261026,1,20261027,1,20261028,1,20261029,1,20261030,1,20261102,1,20261103,1,20261104,1,20261105,1,20261106,1,20261109,1,20261110,1,20261111,1,20261112,1,20261113,1,20261116,1,20261117,1,20261118,1,20261119,1,20261120,1,20261123,1,20261124,1,20261125,1,20261126,1,20261127,1,20261130,1,20261201,1,20261202,1,20261203,1,20261204,1,20261207,1,20261208,1,20261209,1,20261210,1,20261211,1,20261214,1,20261215,1,20261216,1,20261217,1,20261218,1,20261221,1,20261222,1,20261223,1,20261224,1,20261225,1,20261228,1,20261229,1,20261230,1,20261231,1,20270101,1,20270104,1,20270105,1,20270106,1,20270107,1,20270108,1,20270111,1,20270112,1,20270113,1,20270114,1,20270115,1,20270118,1,20270119,1,20270120,1,20270121,1,20270122,1,20270125,1,20270126,1,20270127,1,20270128,1,20270129,1,20270201,1,20270202,1,20270203,1,20270204,1,20270205,1,20270208,1,20270209,1,20270210,1,20270211,1,20270212,1,20270215,1,20270216,1,20270217,1,20270218,1,20270219,1,20270222,1,20270223,1,20270224,1,20270225,1,20270226,1,20270301,1,20270302,1,20270303,1,20270304,1,20270305,1,20270308,1,20270309,1,20270310,1,20270311,1,20270312,1,20270315,1,20270316,1,20270317,1,20270318,1,20270319,1,20270322,1,20270323,1,20270324,1,20270325,1,20270326,1,20270329,1,20270330,1,20270331,1,20270401,1,20270402,1,20270405,1,20270406,1,20270407,1,20270408,1,20270409,1,20270412,1,20270413,1,20270414,1,20270415,1,20270416,1,20270419,1,20270420,1,20270421,1,20270422,1,20270423,1,20270426,1,20270427,1,20270428,1,20270429,1,20270430,1,20270503,1,20270504,1,20270505,1,20270506,1,20270507,1,20270510,1,20270511,1,20270512,1,20270513,1,20270514,1,20270517,1,20270518,1,20270519,1,20270520,1,20270521,1,20270524,1,20270525,1,20270526,1,20270527,1,20270528,1,20270531,1,20270601,1,20270602,1,20270603,1,20270604,1,20270607,1,20270608,1,20270609,1,20270610,1,20270611,1,20270614,1,20270615,1,20270616,1,20270617,1,20270618,1,20270621,1,20270622,1,20270623,1,20270624,1,20270625,1,20270628,1,20270629,1,20270630,1,20270701,1,20270702,1,20270705,1,20270706,1,20270707,1,20270708,1,20270709,1,20270712,1,20270713,1,20270714,1,20270715,1,20270716,1,20270719,1,20270720,1,20270721,1,20270722,1,20270723,1,20270726,1,20270727,1,20270728,1,20270729,1,20270730,1,20270802,1,20270803,1,20270804,1,20270805,1,20270806,1,20270809,1,20270810,1,20270811,1,20270812,1,20270813,1,20270816,1,20270817,1,20270818,1,20270819,1,20270820,1,20270823,1,20270824,1,20270825,1,20270826,1,20270827,1,20270830,1,20270831,1,20270901,1,20270902,1,20270903,1,20270906,1,20270907,1,20270908,1,20270909,1,20270910,1,20270913,1,20270914,1,20270915,1,20270916,1,20270917,1,20270920,1,20270921,1,20270922,1,20270923,1,20270924,1
'1400410',20260924,1,20260925,1,20260928,1,20260929,1,20260930,1,20261001,1,20261002,1,20261005,1,20261006,1,20261007,1,20261008,1,20261009,1,20261012,1,20261013,1,20261014,1,20261015,1,20261016,1,20261019,1,20261020,1,20261021,1,20261022,1,20261023,1,20261026,1,20261027,1,20261028,1,20261029,1,20261030,1,20261102,1,20261103,1,20261104,1,20261105,1,20261106,1,20261109,1,20261110,1,20261111,1,20261112,1,20261113,1,20261116,1,20261117,1,20261118,1,20261119,1,20261120,1,20261123,1,20261124,1,20261125,1,20261126,1,20261127,1,20261130,1,20261201,1,20261202,1,20261203,1,20261204,1,20261207,1,20261208,1,20261209,1,20261210,1,20261211,1,20261214,1,20261215,1,20261216,1,20261217,1,20261218,1,20261221,1,20261222,1,20261223,1,20261224,1,20261225,1,20261228,1,20261229,1,20261230,1,20261231,1,20270101,1,20270104,1,20270105,1,20270106,1,20270107,1,20270108,1,20270111,1,20270112,1,20270113,1,20270114,1,20270115,1,20270118,1,20270119,1,20270120,1,20270121,1,20270122,1,20270125,1,20270126,1,20270127,1,20270128,1,20270129,1,20270201,1,20270202,1,20270203,1,20270204,1,20270205,1,20270208,1,20270209,1,20270210,1,20270211,1,20270212,1,20270215,1,20270216,1,20270217,1,20270218,1,20270219,1,20270222,1,20270223,1,20270224,1,20270225,1,20270226,1,20270301,1,20270302,1,20270303,1,20270304,1,20270305,1,20270308,1,20270309,1,20270310,1,20270311,1,20270312,1,20270315,1,20270316,1,20270317,1,20270318,1,20270319,1,20270322,1,20270323,1,20270324,1,20270325,1,20270326,1,20270329,1,20270330,1,20270331,1,20270401,1,20270402,1,20270405,1,20270406,1,20270407,1,20270408,1,20270409,1,20270412,1,20270413,1,20270414,1,20270415,1,20270416,1,20270419,1,20270420,1,20270421,1,20270422,1,20270423,1,20270426,1,20270427,1,20270428,1,20270429,1,20270430,1,20270503,1,20270504,1,20270505,1,20270506,1,20270507,1,20270510,1,20270511,1,20270512,1,20270513,1,20270514,1,20270517,1,20270518,1,20270519,1,20270520,1,20270521,1,20270524,1,20270525,1,20270526,1,20270527,1,20270528,1,20270531,1,20270601,1,20270602,1,20270603,1,20270604,1,20270607,1,20270608,1,20270609,1,20270610,1,20270611,1,20270614,1,20270615,1,20270616,1,20270617,1,20270618,1,20270621,1,20270622,1,20270623,1,20270624,1,20270625,1,20270628,1,20270629,1,20270630,1,20270701,1,20270702,1,20270705,1,20270706,1,20270707,1,20270708,1,20270709,1,20270712,1,20270713,1,20270714,1,20270715,1,20270716,1,20270719,1,20270720,1,20270721,1,20270722,1,20270723,1,20270726,1,20270727,1,20270728,1,20270729,1,20270730,1,20270802,1,20270803,1,20270804,1,20270805,1,20270806,1,20270809,1,20270810,1,20270811,1,20270812,1,20270813,1,20270816,1,20270817,1,20270818,1,20270819,1,20270820,1,20270823,1,20270824,1,20270825,1,20270826,1,20270827,1,20270830,1,20270831,1,20270901,1,20270902,1,20270903,1,20270906,1,20270907,1,20270908,1,20270909,1,20270910,1,20270913,1,20270914,1,20270915,1,20270916,1,20270917,1,20270920,1,20270921,1,20270922,1,20270923,1,20270924,1
'1400427',20260924,1,20260925,1,20260928,1,20260929,1,20260930,1,20261001,1,20261002,1,20261005,1,20261006,1,20261007,1,20261008,1,20261009,1,20261012,1,20261013,1,20261014,1,20261015,1,20261016,1,20261019,1,20261020,1,20261021,1,20261022,1,20261023,1,20261026,1,20261027,1,20261028,1,20261029,1,20261030,1,20261102,1,20261103,1,20261104,1,20261105,1,20261106,1,20261109,1,20261110,1,20261111,1,20261112,1,20261113,1,20261116,1,20261117,1,20261118,1,20261119,1,20261120,1,20261123,1,20261124,1,20261125,1,20261126,1,20261127,1,20261130,1,20261201,1,20261202,1,20261203,1,20261204,1,20261207,1,20261208,1,20261209,1,20261210,1,20261211,1,20261214,1,20261215,1,20261216,1,20261217,1,20261218,1,20261221,1,20261222,1,20261223,1,20261224,1,20261225,1,20261228,1,20261229,1,20261230,1,20261231,1,20270101,1,20270104,1,20270105,1,20270106,1,20270107,1,20270108,1,20270111,1,20270112,1,20270113,1,20270114,1,20270115,1,20270118,1,20270119,1,20270120,1,20270121,1,20270122,1,20270125,1,20270126,1,20270127,1,20270128,1,20270129,1,20270201,1,20270202,1,20270203,1,20270204,1,20270205,1,20270208,1,20270209,1,20270210,1,20270211,1,20270212,1,20270215,1,20270216,1,20270217,1,20270218,1,20270219,1,20270222,1,20270223,1,20270224,1,20270225,1,20270226,1,20270301,1,20270302,1,20270303,1,20270304,1,20270305,1,20270308,1,20270309,1,20270310,1,20270311,1,20270312,1,20270315,1,20270316,1,20270317,1,20270318,1,20270319,1,20270322,1,20270323,1,20270324,1,20270325,1,20270326,1,20270329,1,20270330,1,20270331,1,20270401,1,20270402,1,20270405,1,20270406,1,20270407,1,20270408,1,20270409,1,20270412,1,20270413,1,20270414,1,20270415,1,20270416,1,20270419,1,20270420,1,20270421,1,20270422,1,20270423,1,20270426,1,20270427,1,20270428,1,20270429,1,20270430,1,20270503,1,20270504,1,20270505,1,20270506,1,20270507,1,20270510,1,20270511,1,20270512,1,20270513,1,20270514,1,20270517,1,20270518,1,20270519,1,20270520,1,20270521,1,20270524,1,20270525,1,20270526,1,20270527,1,20270528,1,20270531,1,20270601,1,20270602,1,20270603,1,20270604,1,20270607,1,20270608,1,20270609,1,20270610,1,20270611,1,20270614,1,20270615,1,20270616,1,20270617,1,20270618,1,20270621,1,20270622,1,20270623,1,20270624,1,20270625,1,20270628,1,20270629,1,20270630,1,20270701,1,20270702,1,20270705,1,20270706,1,20270707,1,20270708,1,20270709,1,20270712,1,20270713,1,20270714,1,20270715,1,20270716,1,20270719,1,20270720,1,20270721,1,20270722,1,20270723,1,20270726,1,20270727,1,20270728,1,20270729,1,20270730,1,20270802,1,20270803,1,20270804,1,20270805,1,20270806,1,20270809,1,20270810,1,20270811,1,20270812,1,20270813,1,20270816,1,20270817,1,20270818,1,20270819,1,20270820,1,20270823,1,20270824,1,20270825,1,20270826,1,20270827,1,20270830,1,20270831,1,20270901,1,20270902,1,20270903,1,20270906,1,20270907,1,20270908,1,20270909,1,20270910,1,20270913,1,20270914,1,20270915,1,20270916,1,20270917,1,20270920,1,20270921,1,20270922,1,20270923,1,20270924,1
'1400428',20260924,1,20260925,1,20260928,1,20260929,1,20260930,1,20261001,1,20261002,1,20261005,1,20261006,1,20261007,1,20261008,1,20261009,1,20261012,1,20261013,1,20261014,1,20261015,1,20261016,1,20261019,1,20261020,1,20261021,1,20261022,1,20261023,1,20261026,1,20261027,1,20261028,1,20261029,1,20261030,1,20261102,1,20261103,1,20261104,1,20261105,1,20261106,1,20261109,1,20261110,1,20261111,1,20261112,1,20261113,1,20261116,1,20261117,1,20261118,1,20261119,1,20261120,1,20261123,1,20261124,1,20261125,1,20261126,1,20261127,1,20261130,1,20261201,1,20261202,1,20261203,1,20261204,1,20261207,1,20261208,1,20261209,1,20261210,1,20261211,1,20261214,1,20261215,1,20261216,1,20261217,1,20261218,1,20261221,1,20261222,1,20261223,1,20261224,1,20261225,1,20261228,1,20261229,1,20261230,1,20261231,1,20270101,1,20270104,1,20270105,1,20270106,1,20270107,1,20270108,1,20270111,1,20270112,1,20270113,1,20270114,1,20270115,1,20270118,1,20270119,1,20270120,1,20270121,1,20270122,1,20270125,1,20270126,1,20270127,1,20270128,1,20270129,1,20270201,1,20270202,1,20270203,1,20270204,1,20270205,1,20270208,1,20270209,1,20270210,1,20270211,1,20270212,1,20270215,1,20270216,1,20270217,1,20270218,1,20270219,1,20270222,1,20270223,1,20270224,1,20270225,1,20270226,1,20270301,1,20270302,1,20270303,1,20270304,1,20270305,1,20270308,1,20270309,1,20270310,1,20270311,1,20270312,1,20270315,1,20270316,1,20270317,1,20270318,1,20270319,1,20270322,1,20270323,1,20270324,1,20270325,1,20270326,1,20270329,1,20270330,1,20270331,1,20270401,1,20270402,1,20270405,1,20270406,1,20270407,1,20270408,1,20270409,1,20270412,1,20270413,1,20270414,1,20270415,1,20270416,1,20270419,1,20270420,1,20270421,1,20270422,1,20270423,1,20270426,1,20270427,1,20270428,1,20270429,1,20270430,1,20270503,1,20270504,1,20270505,1,20270506,1,20270507,1,20270510,1,20270511,1,20270512,1,20270513,1,20270514,1,20270517,1,20270518,1,20270519,1,20270520,1,20270521,1,20270524,1,20270525,1,20270526,1,20270527,1,20270528,1,20270531,1,20270601,1,20270602,1,20270603,1,20270604,1,20270607,1,20270608,1,20270609,1,20270610,1,20270611,1,20270614,1,20270615,1,20270616,1,20270617,1,20270618,1,20270621,1,20270622,1,20270623,1,20270624,1,20270625,1,20270628,1,20270629,1,20270630,1,20270701,1,20270702,1,20270705,1,20270706,1,20270707,1,20270708,1,20270709,1,20270712,1,20270713,1,20270714,1,20270715,1,20270716,1,20270719,1,20270720,1,20270721,1,20270722,1,20270723,1,20270726,1,20270727,1,20270728,1,20270729,1,20270730,1,20270802,1,20270803,1,20270804,1,20270805,1,20270806,1,20270809,1,20270810,1,20270811,1,20270812,1,20270813,1,20270816,1,20270817,1,20270818,1,20270819,1,20270820,1,20270823,1,20270824,1,20270825,1,20270826,1,20270827,1,20270830,1,20270831,1,20270901,1,20270902,1,20270903,1,20270906,1,20270907,1,20270908,1,20270909,1,20270910,1,20270913,1,20270914,1,20270915,1,20270916,1,20270917,1,20270920,1,20270921,1,20270922,1,20270923,1,20270924,1
'1400533',20260924,1,20260925,1,20260928,1,20260929,1,20260930,1,20261001,1,20261002,1,20261005,1,20261006,1,20261007,1,20261008,1,20261009,1,20261012,1,20261013,1,20261014,1,20261015,1,20261016,1,20261019,1,20261020,1,20261021,1,20261022,1,20261023,1,20261026,1,20261027,1,20261028,1,20261029,1,20261030,1,20261102,1,20261103,1,20261104,1,20261105,1,20261106,1,20261109,1,20261110,1,20261111,1,20261112,1,20261113,1,20261116,1,20261117,1,20261118,1,20261119,1,20261120,1,20261123,1,20261124,1,20261125,1,20261126,1,20261127,1,20261130,1,20261201,1,20261202,1,20261203,1,20261204,1,20261207,1,20261208,1,20261209,1,20261210,1,20261211,1,20261214,1,20261215,1,20261216,1,20261217,1,20261218,1,20261221,1,20261222,1,20261223,1,20261224,1,20261225,1,20261228,1,20261229,1,20261230,1,20261231,1,20270101,1,20270104,1,20270105,1,20270106,1,20270107,1,20270108,1,20270111,1,20270112,1,20270113,1,20270114,1,20270115,1,20270118,1,20270119,1,20270120,1,20270121,1,20270122,1,20270125,1,20270126,1,20270127,1,20270128,1,20270129,1,20270201,1,20270202,1,20270203,1,20270204,1,20270205,1,20270208,1,20270209,1,20270210,1,20270211,1,20270212,1,20270215,1,20270216,1,20270217,1,20270218,1,20270219,1,20270222,1,20270223,1,20270224,1,20270225,1,20270226,1,20270301,1,20270302,1,20270303,1,20270304,1,20270305,1,20270308,1,20270309,1,20270310,1,20270311,1,20270312,1,20270315,1,20270316,1,20270317,1,20270318,1,20270319,1,20270322,1,20270323,1,20270324,1,20270325,1,20270326,1,20270329,1,20270330,1,20270331,1,20270401,1,20270402,1,20270405,1,20270406,1,20270407,1,20270408,1,20270409,1,20270412,1,20270413,1,20270414,1,20270415,1,20270416,1,20270419,1,20270420,1,20270421,1,20270422,1,20270423,1,20270426,1,20270427,1,20270428,1,20270429,1,20270430,1,20270503,1,20270504,1,20270505,1,20270506,1,20270507,1,20270510,1,20270511,1,20270512,1,20270513,1,20270514,1,20270517,1,20270518,1,20270519,1,20270520,1,20270521,1,20270524,1,20270525,1,20270526,1,20270527,1,20270528,1,20270531,1,20270601,1,20270602,1,20270603,1,20270604,1,20270607,1,20270608,1,20270609,1,20270610,1,20270611,1,20270614,1,20270615,1,20270616,1,20270617,1,20270618,1,20270621,1,20270622,1,20270623,1,20270624,1,20270625,1,20270628,1,20270629,1,20270630,1,20270701,1,20270702,1,20270705,1,20270706,1,20270707,1,20270708,1,20270709,1,20270712,1,20270713,1,20270714,1,20270715,1,20270716,1,20270719,1,20270720,1,20270721,1,20270722,1,20270723,1,20270726,1,20270727,1,20270728,1,20270729,1,20270730,1,20270802,1,20270803,1,20270804,1,20270805,1,20270806,1,20270809,1,20270810,1,20270811,1,20270812,1,20270813,1,20270816,1,20270817,1,20270818,1,20270819,1,20270820,1,20270823,1,20270824,1,20270825,1,20270826,1,20270827,1,20270830,1,20270831,1,20270901,1,20270902,1,20270903,1,20270906,1,20270907,1,20270908,1,20270909,1,20270910,1,20270913,1,20270914,1,20270915,1,20270916,1,20270917,1,20270920,1,20270921,1,20270922,1,20270923,1,20270924,1
'1400589',20260924,1,20260925,1,20260928,1,20260929,1,20260930,1,20261001,1,20261002,1,20261005,1,20261006,1,20261007,1,20261008,1,20261009,1,20261012,1,20261013,1,20261014,1,20261015,1,20261016,1,20261019,1,20261020,1,20261021,1,20261022,1,20261023,1,20261026,1,20261027,1,20261028,1,20261029,1,20261030,1,20261102,1,20261103,1,20261104,1,20261105,1,20261106,1,20261109,1,20261110,1,20261111,1,20261112,1,20261113,1,20261116,1,20261117,1,20261118,1,20261119,1,20261120,1,20261123,1,20261124,1,20261125,1,20261126,1,20261127,1,20261130,1,20261201,1,20261202,1,20261203,1,20261204,1,20261207,1,20261208,1,20261209,1,20261210,1,20261211,1,20261214,1,20261215,1,20261216,1,20261217,1,20261218,1,20261221,1,20261222,1,20261223,1,20261224,1,20261225,1,20261228,1,20261229,1,20261230,1,20261231,1,20270101,1,20270104,1,20270105,1,20270106,1,20270107,1,20270108,1,20270111,1,20270112,1,20270113,1,20270114,1,20270115,1,20270118,1,20270119,1,20270120,1,20270121,1,20270122,1,20270125,1,20270126,1,20270127,1,20270128,1,20270129,1,20270201,1,20270202,1,20270203,1,20270204,1,20270205,1,20270208,1,20270209,1,20270210,1,20270211,1,20270212,1,20270215,1,20270216,1,20270217,1,20270218,1,20270219,1,20270222,1,20270223,1,20270224,1,20270225,1,20270226,1,20270301,1,20270302,1,20270303,1,20270304,1,20270305,1,20270308,1,20270309,1,20270310,1,20270311,1,20270312,1,20270315,1,20270316,1,20270317,1,20270318,1,20270319,1,20270322,1,20270323,1,20270324,1,20270325,1,20270326,1,20270329,1,20270330,1,20270331,1,20270401,1,20270402,1,20270405,1,20270406,1,20270407,1,20270408,1,20270409,1,20270412,1,20270413,1,20270414,1,20270415,1,20270416,1,20270419,1,20270420,1,20270421,1,20270422,1,20270423,1,20270426,1,20270427,1,20270428,1,20270429,1,20270430,1,20270503,1,20270504,1,20270505,1,20270506,1,20270507,1,20270510,1,20270511,1,20270512,1,20270513,1,20270514,1,20270517,1,20270518,1,20270519,1,20270520,1,20270521,1,20270524,1,20270525,1,20270526,1,20270527,1,20270528,1,20270531,1,20270601,1,20270602,1,20270603,1,20270604,1,20270607,1,20270608,1,20270609,1,20270610,1,20270611,1,20270614,1,20270615,1,20270616,1,20270617,1,20270618,1,20270621,1,20270622,1,20270623,1,20270624,1,20270625,1,20270628,1,20270629,1,20270630,1,20270701,1,20270702,1,20270705,1,20270706,1,20270707,1,20270708,1,20270709,1,20270712,1,20270713,1,20270714,1,20270715,1,20270716,1,20270719,1,20270720,1,20270721,1,20270722,1,20270723,1,20270726,1,20270727,1,20270728,1,20270729,1,20270730,1,20270802,1,20270803,1,20270804,1,20270805,1,20270806,1,20270809,1,20270810,1,20270811,1,20270812,1,20270813,1,20270816,1,20270817,1,20270818,1,20270819,1,20270820,1,20270823,1,20270824,1,20270825,1,20270826,1,20270827,1,20270830,1,20270831,1,20270901,1,20270902,1,20270903,1,20270906,1,20270907,1,20270908,1,20270909,1,20270910,1,20270913,1,20270914,1,20270915,1,20270916,1,20270917,1,20270920,1,20270921,1,20270922,1,20270923,1,20270924,1
'1400639',20260924,1,20260925,1,20260928,1,20260929,1,20260930,1,20261001,1,20261002,1,20261005,1,20261006,1,20261007,1,20261008,1,20261009,1,20261012,1,20261013,1,20261014,1,20261015,1,20261016,1,20261019,1,20261020,1,20261021,1,20261022,1,20261023,1,20261026,1,20261027,1,20261028,1,20261029,1,20261030,1,20261102,1,20261103,1,20261104,1,20261105,1,20261106,1,20261109,1,20261110,1,20261111,1,20261112,1,20261113,1,20261116,1,20261117,1,20261118,1,20261119,1,20261120,1,20261123,1,20261124,1,20261125,1,20261126,1,20261127,1,20261130,1,20261201,1,20261202,1,20261203,1,20261204,1,20261207,1,20261208,1,20261209,1,20261210,1,20261211,1,20261214,1,20261215,1,20261216,1,20261217,1,20261218,1,20261221,1,20261222,1,20261223,1,20261224,1,20261225,1,20261228,1,20261229,1,20261230,1,20261231,1,20270101,1,20270104,1,20270105,1,20270106,1,20270107,1,20270108,1,20270111,1,20270112,1,20270113,1,20270114,1,20270115,1,20270118,1,20270119,1,20270120,1,20270121,1,20270122,1,20270125,1,20270126,1,20270127,1,20270128,1,20270129,1,20270201,1,20270202,1,20270203,1,20270204,1,20270205,1,20270208,1,20270209,1,20270210,1,20270211,1,20270212,1,20270215,1,20270216,1,20270217,1,20270218,1,20270219,1,20270222,1,20270223,1,20270224,1,20270225,1,20270226,1,20270301,1,20270302,1,20270303,1,20270304,1,20270305,1,20270308,1,20270309,1,20270310,1,20270311,1,20270312,1,20270315,1,20270316,1,20270317,1,20270318,1,20270319,1,20270322,1,20270323,1,20270324,1,20270325,1,20270326,1,20270329,1,20270330,1,20270331,1,20270401,1,20270402,1,20270405,1,20270406,1,20270407,1,20270408,1,20270409,1,20270412,1,20270413,1,20270414,1,20270415,1,20270416,1,20270419,1,20270420,1,20270421,1,20270422,1,20270423,1,20270426,1,20270427,1,20270428,1,20270429,1,20270430,1,20270503,1,20270504,1,20270505,1,20270506,1,20270507,1,20270510,1,20270511,1,20270512,1,20270513,1,20270514,1,20270517,1,20270518,1,20270519,1,20270520,1,20270521,1,20270524,1,20270525,1,20270526,1,20270527,1,20270528,1,20270531,1,20270601,1,20270602,1,20270603,1,20270604,1,20270607,1,20270608,1,20270609,1,20270610,1,20270611,1,20270614,1,20270615,1,20270616,1,20270617,1,20270618,1,20270621,1,20270622,1,20270623,1,20270624,1,20270625,1,20270628,1,20270629,1,20270630,1,20270701,1,20270702,1,20270705,1,20270706,1,20270707,1,20270708,1,20270709,1,20270712,1,20270713,1,20270714,1,20270715,1,20270716,1,20270719,1,20270720,1,20270721,1,20270722,1,20270723,1,20270726,1,20270727,1,20270728,1,20270729,1,20270730,1,20270802,1,20270803,1,20270804,1,20270805,1,20270806,1,20270809,1,20270810,1,20270811,1,20270812,1,20270813,1,20270816,1,20270817,1,20270818,1,20270819,1,20270820,1,20270823,1,20270824,1,20270825,1,20270826,1,20270827,1,20270830,1,20270831,1,20270901,1,20270902,1,20270903,1,20270906,1,20270907,1,20270908,1,20270909,1,20270910,1,20270913,1,20270914,1,20270915,1,20270916,1,20270917,1,20270920,1,20270921,1,20270922,1,20270923,1,20270924,1
'1400662',20260924,1,20260925,1,20260928,1,20260929,1,20260930,1,20261001,1,20261002,1,20261005,1,20261006,1,20261007,1,20261008,1,20261009,1,20261012,1,20261013,1,20261014,1,20261015,1,20261016,1,20261019,1,20261020,1,20261021,1,20261022,1,20261023,1,20261026,1,20261027,1,20261028,1,20261029,1,20261030,1,20261102,1,20261103,1,20261104,1,20261105,1,20261106,1,20261109,1,20261110,1,20261111,1,20261112,1,20261113,1,20261116,1,20261117,1,20261118,1,20261119,1,20261120,1,20261123,1,20261124,1,20261125,1,20261126,1,20261127,1,20261130,1,20261201,1,20261202,1,20261203,1,20261204,1,20261207,1,20261208,1,20261209,1,20261210,1,20261211,1,20261214,1,20261215,1,20261216,1,20261217,1,20261218,1,20261221,1,20261222,1,20261223,1,20261224,1,20261225,1,20261228,1,20261229,1,20261230,1,20261231,1,20270101,1,20270104,1,20270105,1,20270106,1,20270107,1,20270108,1,20270111,1,20270112,1,20270113,1,20270114,1,20270115,1,20270118,1,20270119,1,20270120,1,20270121,1,20270122,1,20270125,1,20270126,1,20270127,1,20270128,1,20270129,1,20270201,1,20270202,1,20270203,1,20270204,1,20270205,1,20270208,1,20270209,1,20270210,1,20270211,1,20270212,1,20270215,1,20270216,1,20270217,1,20270218,1,20270219,1,20270222,1,20270223,1,20270224,1,20270225,1,20270226,1,20270301,1,20270302,1,20270303,1,20270304,1,20270305,1,20270308,1,20270309,1,20270310,1,20270311,1,20270312,1,20270315,1,20270316,1,20270317,1,20270318,1,20270319,1,20270322,1,20270323,1,20270324,1,20270325,1,20270326,1,20270329,1,20270330,1,20270331,1,20270401,1,20270402,1,20270405,1,20270406,1,20270407,1,20270408,1,20270409,1,20270412,1,20270413,1,20270414,1,20270415,1,20270416,1,20270419,1,20270420,1,20270421,1,20270422,1,20270423,1,20270426,1,20270427,1,20270428,1,20270429,1,20270430,1,20270503,1,20270504,1,20270505,1,20270506,1,20270507,1,20270510,1,20270511,1,20270512,1,20270513,1,20270514,1,20270517,1,20270518,1,20270519,1,20270520,1,20270521,1,20270524,1,20270525,1,20270526,1,20270527,1,20270528,1,20270531,1,20270601,1,20270602,1,20270603,1,20270604,1,20270607,1,20270608,1,20270609,1,20270610,1,20270611,1,20270614,1,20270615,1,20270616,1,20270617,1,20270618,1,20270621,1,20270622,1,20270623,1,20270624,1,20270625,1,20270628,1,20270629,1,20270630,1,20270701,1,20270702,1,20270705,1,20270706,1,20270707,1,20270708,1,20270709,1,20270712,1,20270713,1,20270714,1,20270715,1,20270716,1,20270719,1,20270720,1,20270721,1,20270722,1,20270723,1,20270726,1,20270727,1,20270728,1,20270729,1,20270730,1,20270802,1,20270803,1,20270804,1,20270805,1,20270806,1,20270809,1,20270810,1,20270811,1,20270812,1,20270813,1,20270816,1,20270817,1,20270818,1,20270819,1,20270820,1,20270823,1,20270824,1,20270825,1,20270826,1,20270827,1,20270830,1,20270831,1,20270901,1,20270902,1,20270903,1,20270906,1,20270907,1,20270908,1,20270909,1,20270910,1,20270913,1,20270914,1,20270915,1,20270916,1,20270917,1,20270920,1,20270921,1,20270922,1,20270923,1,20270924,1
'1400683',20260924,1,20260925,1,20260928,1,20260929,1,20260930,1,20261001,1,20261002,1,20261005,1,20261006,1,20261007,1,20261008,1,20261009,1,20261012,1,20261013,1,20261014,1,20261015,1,20261016,1,20261019,1,20261020,1,20261021,1,20261022,1,20261023,1,20261026,1,20261027,1,20261028,1,20261029,1,20261030,1,20261102,1,20261103,1,20261104,1,20261105,1,20261106,1,20261109,1,20261110,1,20261111,1,20261112,1,20261113,1,20261116,1,20261117,1,20261118,1,20261119,1,20261120,1,20261123,1,20261124,1,20261125,1,20261126,1,20261127,1,20261130,1,20261201,1,20261202,1,20261203,1,20261204,1,20261207,1,20261208,1,20261209,1,20261210,1,20261211,1,20261214,1,20261215,1,20261216,1,20261217,1,20261218,1,20261221,1,20261222,1,20261223,1,20261224,1,20261225,1,20261228,1,20261229,1,20261230,1,20261231,1,20270101,1,20270104,1,20270105,1,20270106,1,20270107,1,20270108,1,20270111,1,20270112,1,20270113,1,20270114,1,20270115,1,20270118,1,20270119,1,20270120,1,20270121,1,20270122,1,20270125,1,20270126,1,20270127,1,20270128,1,20270129,1,20270201,1,20270202,1,20270203,1,20270204,1,20270205,1,20270208,1,20270209,1,20270210,1,20270211,1,20270212,1,20270215,1,20270216,1,20270217,1,20270218,1,20270219,1,20270222,1,20270223,1,20270224,1,20270225,1,20270226,1,20270301,1,20270302,1,20270303,1,20270304,1,20270305,1,20270308,1,20270309,1,20270310,1,20270311,1,20270312,1,20270315,1,20270316,1,20270317,1,20270318,1,20270319,1,20270322,1,20270323,1,20270324,1,20270325,1,20270326,1,20270329,1,20270330,1,20270331,1,20270401,1,20270402,1,20270405,1,20270406,1,20270407,1,20270408,1,20270409,1,20270412,1,20270413,1,20270414,1,20270415,1,20270416,1,20270419,1,20270420,1,20270421,1,20270422,1,20270423,1,20270426,1,20270427,1,20270428,1,20270429,1,20270430,1,20270503,1,20270504,1,20270505,1,20270506,1,20270507,1,20270510,1,20270511,1,20270512,1,20270513,1,20270514,1,20270517,1,20270518,1,20270519,1,20270520,1,20270521,1,20270524,1,20270525,1,20270526,1,20270527,1,20270528,1,20270531,1,20270601,1,20270602,1,20270603,1,20270604,1,20270607,1,20270608,1,20270609,1,20270610,1,20270611,1,20270614,1,20270615,1,20270616,1,20270617,1,20270618,1,20270621,1,20270622,1,20270623,1,20270624,1,20270625,1,20270628,1,20270629,1,20270630,1,20270701,1,20270702,1,20270705,1,20270706,1,20270707,1,20270708,1,20270709,1,20270712,1,20270713,1,20270714,1,20270715,1,20270716,1,20270719,1,20270720,1,20270721,1,20270722,1,20270723,1,20270726,1,20270727,1,20270728,1,20270729,1,20270730,1,20270802,1,20270803,1,20270804,1,20270805,1,20270806,1,20270809,1,20270810,1,20270811,1,20270812,1,20270813,1,20270816,1,20270817,1,20270818,1,20270819,1,20270820,1,20270823,1,20270824,1,20270825,1,20270826,1,20270827,1,20270830,1,20270831,1,20270901,1,20270902,1,20270903,1,20270906,1,20270907,1,20270908,1,20270909,1,20270910,1,20270913,1,20270914,1,20270915,1,20270916,1,20270917,1,20270920,1,20270921,1,20270922,1,20270923,1,20270924,1
'1400688',20260924,1,20260925,1,20260928,1,20260929,1,20260930,1,20261001,1,20261002,1,20261005,1,20261006,1,20261007,1,20261008,1,20261009,1,20261012,1,20261013,1,20261014,1,20261015,1,20261016,1,20261019,1,20261020,1,20261021,1,20261022,1,20261023,1,20261026,1,20261027,1,20261028,1,20261029,1,20261030,1,20261102,1,20261103,1,20261104,1,20261105,1,20261106,1,20261109,1,20261110,1,20261111,1,20261112,1,20261113,1,20261116,1,20261117,1,20261118,1,20261119,1,20261120,1,20261123,1,20261124,1,20261125,1,20261126,1,20261127,1,20261130,1,20261201,1,20261202,1,20261203,1,20261204,1,20261207,1,20261208,1,20261209,1,20261210,1,20261211,1,20261214,1,20261215,1,20261216,1,20261217,1,20261218,1,20261221,1,20261222,1,20261223,1,20261224,1,20261225,1,20261228,1,20261229,1,20261230,1,20261231,1,20270101,1,20270104,1,20270105,1,20270106,1,20270107,1,20270108,1,20270111,1,20270112,1,20270113,1,20270114,1,20270115,1,20270118,1,20270119,1,20270120,1,20270121,1,20270122,1,20270125,1,20270126,1,20270127,1,20270128,1,20270129,1,20270201,1,20270202,1,20270203,1,20270204,1,20270205,1,20270208,1,20270209,1,20270210,1,20270211,1,20270212,1,20270215,1,20270216,1,20270217,1,20270218,1,20270219,1,20270222,1,20270223,1,20270224,1,20270225,1,20270226,1,20270301,1,20270302,1,20270303,1,20270304,1,20270305,1,20270308,1,20270309,1,20270310,1,20270311,1,20270312,1,20270315,1,20270316,1,20270317,1,20270318,1,20270319,1,20270322,1,20270323,1,20270324,1,20270325,1,20270326,1,20270329,1,20270330,1,20270331,1,20270401,1,20270402,1,20270405,1,20270406,1,20270407,1,20270408,1,20270409,1,20270412,1,20270413,1,20270414,1,20270415,1,20270416,1,20270419,1,20270420,1,20270421,1,20270422,1,20270423,1,20270426,1,20270427,1,20270428,1,20270429,1,20270430,1,20270503,1,20270504,1,20270505,1,20270506,1,20270507,1,20270510,1,20270511,1,20270512,1,20270513,1,20270514,1,20270517,1,20270518,1,20270519,1,20270520,1,20270521,1,20270524,1,20270525,1,20270526,1,20270527,1,20270528,1,20270531,1,20270601,1,20270602,1,20270603,1,20270604,1,20270607,1,20270608,1,20270609,1,20270610,1,20270611,1,20270614,1,20270615,1,20270616,1,20270617,1,20270618,1,20270621,1,20270622,1,20270623,1,20270624,1,20270625,1,20270628,1,20270629,1,20270630,1,20270701,1,20270702,1,20270705,1,20270706,1,20270707,1,20270708,1,20270709,1,20270712,1,20270713,1,20270714,1,20270715,1,20270716,1,20270719,1,20270720,1,20270721,1,20270722,1,20270723,1,20270726,1,20270727,1,20270728,1,20270729,1,20270730,1,20270802,1,20270803,1,20270804,1,20270805,1,20270806,1,20270809,1,20270810,1,20270811,1,20270812,1,20270813,1,20270816,1,20270817,1,20270818,1,20270819,1,20270820,1,20270823,1,20270824,1,20270825,1,20270826,1,20270827,1,20270830,1,20270831,1,20270901,1,20270902,1,20270903,1,20270906,1,20270907,1,20270908,1,20270909,1,20270910,1,20270913,1,20270914,1,20270915,1,20270916,1,20270917,1,20270920,1,20270921,1,20270922,1,20270923,1,20270924,1
'1400738',20260924,1,20260925,1,20260928,1,20260929,1,20260930,1,20261001,1,20261002,1,20261005,1,20261006,1,20261007,1,20261008,1,20261009,1,20261012,1,20261013,1,20261014,1,20261015,1,20261016,1,20261019,1,20261020,1,20261021,1,20261022,1,20261023,1,20261026,1,20261027,1,20261028,1,20261029,1,20261030,1,20261102,1,20261103,1,20261104,1,20261105,1,20261106,1,20261109,1,20261110,1,20261111,1,20261112,1,20261113,1,20261116,1,20261117,1,20261118,1,20261119,1,20261120,1,20261123,1,20261124,1,20261125,1,20261126,1,20261127,1,20261130,1,20261201,1,20261202,1,20261203,1,20261204,1,20261207,1,20261208,1,20261209,1,20261210,1,20261211,1,20261214,1,20261215,1,20261216,1,20261217,1,20261218,1,20261221,1,20261222,1,20261223,1,20261224,1,20261225,1,20261228,1,20261229,1,20261230,1,20261231,1,20270101,1,20270104,1,20270105,1,20270106,1,20270107,1,20270108,1,20270111,1,20270112,1,20270113,1,20270114,1,20270115,1,20270118,1,20270119,1,20270120,1,20270121,1,20270122,1,20270125,1,20270126,1,20270127,1,20270128,1,20270129,1,20270201,1,20270202,1,20270203,1,20270204,1,20270205,1,20270208,1,20270209,1,20270210,1,20270211,1,20270212,1,20270215,1,20270216,1,20270217,1,20270218,1,20270219,1,20270222,1,20270223,1,20270224,1,20270225,1,20270226,1,20270301,1,20270302,1,20270303,1,20270304,1,20270305,1,20270308,1,20270309,1,20270310,1,20270311,1,20270312,1,20270315,1,20270316,1,20270317,1,20270318,1,20270319,1,20270322,1,20270323,1,20270324,1,20270325,1,20270326,1,20270329,1,20270330,1,20270331,1,20270401,1,20270402,1,20270405,1,20270406,1,20270407,1,20270408,1,20270409,1,20270412,1,20270413,1,20270414,1,20270415,1,20270416,1,20270419,1,20270420,1,20270421,1,20270422,1,20270423,1,20270426,1,20270427,1,20270428,1,20270429,1,20270430,1,20270503,1,20270504,1,20270505,1,20270506,1,20270507,1,20270510,1,20270511,1,20270512,1,20270513,1,20270514,1,20270517,1,20270518,1,20270519,1,20270520,1,20270521,1,20270524,1,20270525,1,20270526,1,20270527,1,20270528,1,20270531,1,20270601,1,20270602,1,20270603,1,20270604,1,20270607,1,20270608,1,20270609,1,20270610,1,20270611,1,20270614,1,20270615,1,20270616,1,20270617,1,20270618,1,20270621,1,20270622,1,20270623,1,20270624,1,20270625,1,20270628,1,20270629,1,20270630,1,20270701,1,20270702,1,20270705,1,20270706,1,20270707,1,20270708,1,20270709,1,20270712,1,20270713,1,20270714,1,20270715,1,20270716,1,20270719,1,20270720,1,20270721,1,20270722,1,20270723,1,20270726,1,20270727,1,20270728,1,20270729,1,20270730,1,20270802,1,20270803,1,20270804,1,20270805,1,20270806,1,20270809,1,20270810,1,20270811,1,20270812,1,20270813,1,20270816,1,20270817,1,20270818,1,20270819,1,20270820,1,20270823,1,20270824,1,20270825,1,20270826,1,20270827,1,20270830,1,20270831,1,20270901,1,20270902,1,20270903,1,20270906,1,20270907,1,20270908,1,20270909,1,20270910,1,20270913,1,20270914,1,20270915,1,20270916,1,20270917,1,20270920,1,20270921,1,20270922,1,20270923,1,20270924,1
'1400743',20260924,1,20260925,1,20260928,1,20260929,1,20260930,1,20261001,1,20261002,1,20261005,1,20261006,1,20261007,1,20261008,1,20261009,1,20261012,1,20261013,1,20261014,1,20261015,1,20261016,1,20261019,1,20261020,1,20261021,1,20261022,1,20261023,1,20261026,1,20261027,1,20261028,1,20261029,1,20261030,1,20261102,1,20261103,1,20261104,1,20261105,1,20261106,1,20261109,1,20261110,1,20261111,1,20261112,1,20261113,1,20261116,1,20261117,1,20261118,1,20261119,1,20261120,1,20261123,1,20261124,1,20261125,1,20261126,1,20261127,1,20261130,1,20261201,1,20261202,1,20261203,1,20261204,1,20261207,1,20261208,1,20261209,1,20261210,1,20261211,1,20261214,1,20261215,1,20261216,1,20261217,1,20261218,1,20261221,1,20261222,1,20261223,1,20261224,1,20261225,1,20261228,1,20261229,1,20261230,1,20261231,1,20270101,1,20270104,1,20270105,1,20270106,1,20270107,1,20270108,1,20270111,1,20270112,1,20270113,1,20270114,1,20270115,1,20270118,1,20270119,1,20270120,1,20270121,1,20270122,1,20270125,1,20270126,1,20270127,1,20270128,1,20270129,1,20270201,1,20270202,1,20270203,1,20270204,1,20270205,1,20270208,1,20270209,1,20270210,1,20270211,1,20270212,1,20270215,1,20270216,1,20270217,1,20270218,1,20270219,1,20270222,1,20270223,1,20270224,1,20270225,1,20270226,1,20270301,1,20270302,1,20270303,1,20270304,1,20270305,1,20270308,1,20270309,1,20270310,1,20270311,1,20270312,1,20270315,1,20270316,1,20270317,1,20270318,1,20270319,1,20270322,1,20270323,1,20270324,1,20270325,1,20270326,1,20270329,1,20270330,1,20270331,1,20270401,1,20270402,1,20270405,1,20270406,1,20270407,1,20270408,1,20270409,1,20270412,1,20270413,1,20270414,1,20270415,1,20270416,1,20270419,1,20270420,1,20270421,1,20270422,1,20270423,1,20270426,1,20270427,1,20270428,1,20270429,1,20270430,1,20270503,1,20270504,1,20270505,1,20270506,1,20270507,1,20270510,1,20270511,1,20270512,1,20270513,1,20270514,1,20270517,1,20270518,1,20270519,1,20270520,1,20270521,1,20270524,1,20270525,1,20270526,1,20270527,1,20270528,1,20270531,1,20270601,1,20270602,1,20270603,1,20270604,1,20270607,1,20270608,1,20270609,1,20270610,1,20270611,1,20270614,1,20270615,1,20270616,1,20270617,1,20270618,1,20270621,1,20270622,1,20270623,1,20270624,1,20270625,1,20270628,1,20270629,1,20270630,1,20270701,1,20270702,1,20270705,1,20270706,1,20270707,1,20270708,1,20270709,1,20270712,1,20270713,1,20270714,1,20270715,1,20270716,1,20270719,1,20270720,1,20270721,1,20270722,1,20270723,1,20270726,1,20270727,1,20270728,1,20270729,1,20270730,1,20270802,1,20270803,1,20270804,1,20270805,1,20270806,1,20270809,1,20270810,1,20270811,1,20270812,1,20270813,1,20270816,1,20270817,1,20270818,1,20270819,1,20270820,1,20270823,1,20270824,1,20270825,1,20270826,1,20270827,1,20270830,1,20270831,1,20270901,1,20270902,1,20270903,1,20270906,1,20270907,1,20270908,1,20270909,1,20270910,1,20270913,1,20270914,1,20270915,1,20270916,1,20270917,1,20270920,1,20270921,1,20270922,1,20270923,1,20270924,1
'1400763',20260924,1,20260925,1,20260928,1,20260929,1,20260930,1,20261001,1,20261002,1,20261005,1,20261006,1,20261007,1,20261008,1,20261009,1,20261012,1,20261013,1,20261014,1,20261015,1,20261016,1,20261019,1,20261020,1,20261021,1,20261022,1,20261023,1,20261026,1,20261027,1,20261028,1,20261029,1,20261030,1,20261102,1,20261103,1,20261104,1,20261105,1,20261106,1,20261109,1,20261110,1,20261111,1,20261112,1,20261113,1,20261116,1,20261117,1,20261118,1,20261119,1,20261120,1,20261123,1,20261124,1,20261125,1,20261126,1,20261127,1,20261130,1,20261201,1,20261202,1,20261203,1,20261204,1,20261207,1,20261208,1,20261209,1,20261210,1,20261211,1,20261214,1,20261215,1,20261216,1,20261217,1,20261218,1,20261221,1,20261222,1,20261223,1,20261224,1,20261225,1,20261228,1,20261229,1,20261230,1,20261231,1,20270101,1,20270104,1,20270105,1,20270106,1,20270107,1,20270108,1,20270111,1,20270112,1,20270113,1,20270114,1,20270115,1,20270118,1,20270119,1,20270120,1,20270121,1,20270122,1,20270125,1,20270126,1,20270127,1,20270128,1,20270129,1,20270201,1,20270202,1,20270203,1,20270204,1,20270205,1,20270208,1,20270209,1,20270210,1,20270211,1,20270212,1,20270215,1,20270216,1,20270217,1,20270218,1,20270219,1,20270222,1,20270223,1,20270224,1,20270225,1,20270226,1,20270301,1,20270302,1,20270303,1,20270304,1,20270305,1,20270308,1,20270309,1,20270310,1,20270311,1,20270312,1,20270315,1,20270316,1,20270317,1,20270318,1,20270319,1,20270322,1,20270323,1,20270324,1,20270325,1,20270326,1,20270329,1,20270330,1,20270331,1,20270401,1,20270402,1,20270405,1,20270406,1,20270407,1,20270408,1,20270409,1,20270412,1,20270413,1,20270414,1,20270415,1,20270416,1,20270419,1,20270420,1,20270421,1,20270422,1,20270423,1,20270426,1,20270427,1,20270428,1,20270429,1,20270430,1,20270503,1,20270504,1,20270505,1,20270506,1,20270507,1,20270510,1,20270511,1,20270512,1,20270513,1,20270514,1,20270517,1,20270518,1,20270519,1,20270520,1,20270521,1,20270524,1,20270525,1,20270526,1,20270527,1,20270528,1,20270531,1,20270601,1,20270602,1,20270603,1,20270604,1,20270607,1,20270608,1,20270609,1,20270610,1,20270611,1,20270614,1,20270615,1,20270616,1,20270617,1,20270618,1,20270621,1,20270622,1,20270623,1,20270624,1,20270625,1,20270628,1,20270629,1,20270630,1,20270701,1,20270702,1,20270705,1,20270706,1,20270707,1,20270708,1,20270709,1,20270712,1,20270713,1,20270714,1,20270715,1,20270716,1,20270719,1,20270720,1,20270721,1,20270722,1,20270723,1,20270726,1,20270727,1,20270728,1,20270729,1,20270730,1,20270802,1,20270803,1,20270804,1,20270805,1,20270806,1,20270809,1,20270810,1,20270811,1,20270812,1,20270813,1,20270816,1,20270817,1,20270818,1,20270819,1,20270820,1,20270823,1,20270824,1,20270825,1,20270826,1,20270827,1,20270830,1,20270831,1,20270901,1,20270902,1,20270903,1,20270906,1,20270907,1,20270908,1,20270909,1,20270910,1,20270913,1,20270914,1,20270915,1,20270916,1,20270917,1,20270920,1,20270921,1,20270922,1,20270923,1,20270924,1
'1400766',20260924,1,20260925,1,20260928,1,20260929,1,20260930,1,20261001,1,20261002,1,20261005,1,20261006,1,20261007,1,20261008,1,20261009,1,20261012,1,20261013,1,20261014,1,20261015,1,20261016,1,20261019,1,20261020,1,20261021,1,20261022,1,20261023,1,20261026,1,20261027,1,20261028,1,20261029,1,20261030,1,20261102,1,20261103,1,20261104,1,20261105,1,20261106,1,20261109,1,20261110,1,20261111,1,20261112,1,20261113,1,20261116,1,20261117,1,20261118,1,20261119,1,20261120,1,20261123,1,20261124,1,20261125,1,20261126,1,20261127,1,20261130,1,20261201,1,20261202,1,20261203,1,20261204,1,20261207,1,20261208,1,20261209,1,20261210,1,20261211,1,20261214,1,20261215,1,20261216,1,20261217,1,20261218,1,20261221,1,20261222,1,20261223,1,20261224,1,20261225,1,20261228,1,20261229,1,20261230,1,20261231,1,20270101,1,20270104,1,20270105,1,20270106,1,20270107,1,20270108,1,20270111,1,20270112,1,20270113,1,20270114,1,20270115,1,20270118,1,20270119,1,20270120,1,20270121,1,20270122,1,20270125,1,20270126,1,20270127,1,20270128,1,20270129,1,20270201,1,20270202,1,20270203,1,20270204,1,20270205,1,20270208,1,20270209,1,20270210,1,20270211,1,20270212,1,20270215,1,20270216,1,20270217,1,20270218,1,20270219,1,20270222,1,20270223,1,20270224,1,20270225,1,20270226,1,20270301,1,20270302,1,20270303,1,20270304,1,20270305,1,20270308,1,20270309,1,20270310,1,20270311,1,20270312,1,20270315,1,20270316,1,20270317,1,20270318,1,20270319,1,20270322,1,20270323,1,20270324,1,20270325,1,20270326,1,20270329,1,20270330,1,20270331,1,20270401,1,20270402,1,20270405,1,20270406,1,20270407,1,20270408,1,20270409,1,20270412,1,20270413,1,20270414,1,20270415,1,20270416,1,20270419,1,20270420,1,20270421,1,20270422,1,20270423,1,20270426,1,20270427,1,20270428,1,20270429,1,20270430,1,20270503,1,20270504,1,20270505,1,20270506,1,20270507,1,20270510,1,20270511,1,20270512,1,20270513,1,20270514,1,20270517,1,20270518,1,20270519,1,20270520,1,20270521,1,20270524,1,20270525,1,20270526,1,20270527,1,20270528,1,20270531,1,20270601,1,20270602,1,20270603,1,20270604,1,20270607,1,20270608,1,20270609,1,20270610,1,20270611,1,20270614,1,20270615,1,20270616,1,20270617,1,20270618,1,20270621,1,20270622,1,20270623,1,20270624,1,20270625,1,20270628,1,20270629,1,20270630,1,20270701,1,20270702,1,20270705,1,20270706,1,20270707,1,20270708,1,20270709,1,20270712,1,20270713,1,20270714,1,20270715,1,20270716,1,20270719,1,20270720,1,20270721,1,20270722,1,20270723,1,20270726,1,20270727,1,20270728,1,20270729,1,20270730,1,20270802,1,20270803,1,20270804,1,20270805,1,20270806,1,20270809,1,20270810,1,20270811,1,20270812,1,20270813,1,20270816,1,20270817,1,20270818,1,20270819,1,20270820,1,20270823,1,20270824,1,20270825,1,20270826,1,20270827,1,20270830,1,20270831,1,20270901,1,20270902,1,20270903,1,20270906,1,20270907,1,20270908,1,20270909,1,20270910,1,20270913,1,20270914,1,20270915,1,20270916,1,20270917,1,20270920,1,20270921,1,20270922,1,20270923,1,20270924,1
'1400797',20260924,1,20260925,1,20260928,1,20260929,1,20260930,1,20261001,1,20261002,1,20261005,1,20261006,1,20261007,1,20261008,1,20261009,1,20261012,1,20261013,1,20261014,1,20261015,1,20261016,1,20261019,1,20261020,1,20261021,1,20261022,1,20261023,1,20261026,1,20261027,1,20261028,1,20261029,1,20261030,1,20261102,1,20261103,1,20261104,1,20261105,1,20261106,1,20261109,1,20261110,1,20261111,1,20261112,1,20261113,1,20261116,1,20261117,1,20261118,1,20261119,1,20261120,1,20261123,1,20261124,1,20261125,1,20261126,1,20261127,1,20261130,1,20261201,1,20261202,1,20261203,1,20261204,1,20261207,1,20261208,1,20261209,1,20261210,1,20261211,1,20261214,1,20261215,1,20261216,1,20261217,1,20261218,1,20261221,1,20261222,1,20261223,1,20261224,1,20261225,1,20261228,1,20261229,1,20261230,1,20261231,1,20270101,1,20270104,1,20270105,1,20270106,1,20270107,1,20270108,1,20270111,1,20270112,1,20270113,1,20270114,1,20270115,1,20270118,1,20270119,1,20270120,1,20270121,1,20270122,1,20270125,1,20270126,1,20270127,1,20270128,1,20270129,1,20270201,1,20270202,1,20270203,1,20270204,1,20270205,1,20270208,1,20270209,1,20270210,1,20270211,1,20270212,1,20270215,1,20270216,1,20270217,1,20270218,1,20270219,1,20270222,1,20270223,1,20270224,1,20270225,1,20270226,1,20270301,1,20270302,1,20270303,1,20270304,1,20270305,1,20270308,1,20270309,1,20270310,1,20270311,1,20270312,1,20270315,1,20270316,1,20270317,1,20270318,1,20270319,1,20270322,1,20270323,1,20270324,1,20270325,1,20270326,1,20270329,1,20270330,1,20270331,1,20270401,1,20270402,1,20270405,1,20270406,1,20270407,1,20270408,1,20270409,1,20270412,1,20270413,1,20270414,1,20270415,1,20270416,1,20270419,1,20270420,1,20270421,1,20270422,1,20270423,1,20270426,1,20270427,1,20270428,1,20270429,1,20270430,1,20270503,1,20270504,1,20270505,1,20270506,1,20270507,1,20270510,1,20270511,1,20270512,1,20270513,1,20270514,1,20270517,1,20270518,1,20270519,1,20270520,1,20270521,1,20270524,1,20270525,1,20270526,1,20270527,1,20270528,1,20270531,1,20270601,1,20270602,1,20270603,1,20270604,1,20270607,1,20270608,1,20270609,1,20270610,1,20270611,1,20270614,1,20270615,1,20270616,1,20270617,1,20270618,1,20270621,1,20270622,1,20270623,1,20270624,1,20270625,1,20270628,1,20270629,1,20270630,1,20270701,1,20270702,1,20270705,1,20270706,1,20270707,1,20270708,1,20270709,1,20270712,1,20270713,1,20270714,1,20270715,1,20270716,1,20270719,1,20270720,1,20270721,1,20270722,1,20270723,1,20270726,1,20270727,1,20270728,1,20270729,1,20270730,1,20270802,1,20270803,1,20270804,1,20270805,1,20270806,1,20270809,1,20270810,1,20270811,1,20270812,1,20270813,1,20270816,1,20270817,1,20270818,1,20270819,1,20270820,1,20270823,1,20270824,1,20270825,1,20270826,1,20270827,1,20270830,1,20270831,1,20270901,1,20270902,1,20270903,1,20270906,1,20270907,1,20270908,1,20270909,1,20270910,1,20270913,1,20270914,1,20270915,1,20270916,1,20270917,1,20270920,1,20270921,1,20270922,1,20270923,1,20270924,1
'1400808',20260924,1,20260925,1,20260928,1,20260929,1,20260930,1,20261001,1,20261002,1,20261005,1,20261006,1,20261007,1,20261008,1,20261009,1,20261012,1,20261013,1,20261014,1,20261015,1,20261016,1,20261019,1,20261020,1,20261021,1,20261022,1,20261023,1,20261026,1,20261027,1,20261028,1,20261029,1,20261030,1,20261102,1,20261103,1,20261104,1,20261105,1,20261106,1,20261109,1,20261110,1,20261111,1,20261112,1,20261113,1,20261116,1,20261117,1,20261118,1,20261119,1,20261120,1,20261123,1,20261124,1,20261125,1,20261126,1,20261127,1,20261130,1,20261201,1,20261202,1,20261203,1,20261204,1,20261207,1,20261208,1,20261209,1,20261210,1,20261211,1,20261214,1,20261215,1,20261216,1,20261217,1,20261218,1,20261221,1,20261222,1,20261223,1,20261224,1,20261225,1,20261228,1,20261229,1,20261230,1,20261231,1,20270101,1,20270104,1,20270105,1,20270106,1,20270107,1,20270108,1,20270111,1,20270112,1,20270113,1,20270114,1,20270115,1,20270118,1,20270119,1,20270120,1,20270121,1,20270122,1,20270125,1,20270126,1,20270127,1,20270128,1,20270129,1,20270201,1,20270202,1,20270203,1,20270204,1,20270205,1,20270208,1,20270209,1,20270210,1,20270211,1,20270212,1,20270215,1,20270216,1,20270217,1,20270218,1,20270219,1,20270222,1,20270223,1,20270224,1,20270225,1,20270226,1,20270301,1,20270302,1,20270303,1,20270304,1,20270305,1,20270308,1,20270309,1,20270310,1,20270311,1,20270312,1,20270315,1,20270316,1,20270317,1,20270318,1,20270319,1,20270322,1,20270323,1,20270324,1,20270325,1,20270326,1,20270329,1,20270330,1,20270331,1,20270401,1,20270402,1,20270405,1,20270406,1,20270407,1,20270408,1,20270409,1,20270412,1,20270413,1,20270414,1,20270415,1,20270416,1,20270419,1,20270420,1,20270421,1,20270422,1,20270423,1,20270426,1,20270427,1,20270428,1,20270429,1,20270430,1,20270503,1,20270504,1,20270505,1,20270506,1,20270507,1,20270510,1,20270511,1,20270512,1,20270513,1,20270514,1,20270517,1,20270518,1,20270519,1,20270520,1,20270521,1,20270524,1,20270525,1,20270526,1,20270527,1,20270528,1,20270531,1,20270601,1,20270602,1,20270603,1,20270604,1,20270607,1,20270608,1,20270609,1,20270610,1,20270611,1,20270614,1,20270615,1,20270616,1,20270617,1,20270618,1,20270621,1,20270622,1,20270623,1,20270624,1,20270625,1,20270628,1,20270629,1,20270630,1,20270701,1,20270702,1,20270705,1,20270706,1,20270707,1,20270708,1,20270709,1,20270712,1,20270713,1,20270714,1,20270715,1,20270716,1,20270719,1,20270720,1,20270721,1,20270722,1,20270723,1,20270726,1,20270727,1,20270728,1,20270729,1,20270730,1,20270802,1,20270803,1,20270804,1,20270805,1,20270806,1,20270809,1,20270810,1,20270811,1,20270812,1,20270813,1,20270816,1,20270817,1,20270818,1,20270819,1,20270820,1,20270823,1,20270824,1,20270825,1,20270826,1,20270827,1,20270830,1,20270831,1,20270901,1,20270902,1,20270903,1,20270906,1,20270907,1,20270908,1,20270909,1,20270910,1,20270913,1,20270914,1,20270915,1,20270916,1,20270917,1,20270920,1,20270921,1,20270922,1,20270923,1,20270924,1
'1400818',20260924,1,20260925,1,20260928,1,20260929,1,20260930,1,20261001,1,20261002,1,20261005,1,20261006,1,20261007,1,20261008,1,20261009,1,20261012,1,20261013,1,20261014,1,20261015,1,20261016,1,20261019,1,20261020,1,20261021,1,20261022,1,20261023,1,20261026,1,20261027,1,20261028,1,20261029,1,20261030,1,20261102,1,20261103,1,20261104,1,20261105,1,20261106,1,20261109,1,20261110,1,20261111,1,20261112,1,20261113,1,20261116,1,20261117,1,20261118,1,20261119,1,20261120,1,20261123,1,20261124,1,20261125,1,20261126,1,20261127,1,20261130,1,20261201,1,20261202,1,20261203,1,20261204,1,20261207,1,20261208,1,20261209,1,20261210,1,20261211,1,20261214,1,20261215,1,20261216,1,20261217,1,20261218,1,20261221,1,20261222,1,20261223,1,20261224,1,20261225,1,20261228,1,20261229,1,20261230,1,20261231,1,20270101,1,20270104,1,20270105,1,20270106,1,20270107,1,20270108,1,20270111,1,20270112,1,20270113,1,20270114,1,20270115,1,20270118,1,20270119,1,20270120,1,20270121,1,20270122,1,20270125,1,20270126,1,20270127,1,20270128,1,20270129,1,20270201,1,20270202,1,20270203,1,20270204,1,20270205,1,20270208,1,20270209,1,20270210,1,20270211,1,20270212,1,20270215,1,20270216,1,20270217,1,20270218,1,20270219,1,20270222,1,20270223,1,20270224,1,20270225,1,20270226,1,20270301,1,20270302,1,20270303,1,20270304,1,20270305,1,20270308,1,20270309,1,20270310,1,20270311,1,20270312,1,20270315,1,20270316,1,20270317,1,20270318,1,20270319,1,20270322,1,20270323,1,20270324,1,20270325,1,20270326,1,20270329,1,20270330,1,20270331,1,20270401,1,20270402,1,20270405,1,20270406,1,20270407,1,20270408,1,20270409,1,20270412,1,20270413,1,20270414,1,20270415,1,20270416,1,20270419,1,20270420,1,20270421,1,20270422,1,20270423,1,20270426,1,20270427,1,20270428,1,20270429,1,20270430,1,20270503,1,20270504,1,20270505,1,20270506,1,20270507,1,20270510,1,20270511,1,20270512,1,20270513,1,20270514,1,20270517,1,20270518,1,20270519,1,20270520,1,20270521,1,20270524,1,20270525,1,20270526,1,20270527,1,20270528,1,20270531,1,20270601,1,20270602,1,20270603,1,20270604,1,20270607,1,20270608,1,20270609,1,20270610,1,20270611,1,20270614,1,20270615,1,20270616,1,20270617,1,20270618,1,20270621,1,20270622,1,20270623,1,20270624,1,20270625,1,20270628,1,20270629,1,20270630,1,20270701,1,20270702,1,20270705,1,20270706,1,20270707,1,20270708,1,20270709,1,20270712,1,20270713,1,20270714,1,20270715,1,20270716,1,20270719,1,20270720,1,20270721,1,20270722,1,20270723,1,20270726,1,20270727,1,20270728,1,20270729,1,20270730,1,20270802,1,20270803,1,20270804,1,20270805,1,20270806,1,20270809,1,20270810,1,20270811,1,20270812,1,20270813,1,20270816,1,20270817,1,20270818,1,20270819,1,20270820,1,20270823,1,20270824,1,20270825,1,20270826,1,20270827,1,20270830,1,20270831,1,20270901,1,20270902,1,20270903,1,20270906,1,20270907,1,20270908,1,20270909,1,20270910,1,20270913,1,20270914,1,20270915,1,20270916,1,20270917,1,20270920,1,20270921,1,20270922,1,20270923,1,20270924,1
'1400821',20260924,1,20260925,1,20260928,1,20260929,1,20260930,1,20261001,1,20261002,1,20261005,1,20261006,1,20261007,1,20261008,1,20261009,1,20261012,1,20261013,1,20261014,1,20261015,1,20261016,1,20261019,1,20261020,1,20261021,1,20261022,1,20261023,1,20261026,1,20261027,1,20261028,1,20261029,1,20261030,1,20261102,1,20261103,1,20261104,1,20261105,1,20261106,1,20261109,1,20261110,1,20261111,1,20261112,1,20261113,1,20261116,1,20261117,1,20261118,1,20261119,1,20261120,1,20261123,1,20261124,1,20261125,1,20261126,1,20261127,1,20261130,1,20261201,1,20261202,1,20261203,1,20261204,1,20261207,1,20261208,1,20261209,1,20261210,1,20261211,1,20261214,1,20261215,1,20261216,1,20261217,1,20261218,1,20261221,1,20261222,1,20261223,1,20261224,1,20261225,1,20261228,1,20261229,1,20261230,1,20261231,1,20270101,1,20270104,1,20270105,1,20270106,1,20270107,1,20270108,1,20270111,1,20270112,1,20270113,1,20270114,1,20270115,1,20270118,1,20270119,1,20270120,1,20270121,1,20270122,1,20270125,1,20270126,1,20270127,1,20270128,1,20270129,1,20270201,1,20270202,1,20270203,1,20270204,1,20270205,1,20270208,1,20270209,1,20270210,1,20270211,1,20270212,1,20270215,1,20270216,1,20270217,1,20270218,1,20270219,1,20270222,1,20270223,1,20270224,1,20270225,1,20270226,1,20270301,1,20270302,1,20270303,1,20270304,1,20270305,1,20270308,1,20270309,1,20270310,1,20270311,1,20270312,1,20270315,1,20270316,1,20270317,1,20270318,1,20270319,1,20270322,1,20270323,1,20270324,1,20270325,1,20270326,1,20270329,1,20270330,1,20270331,1,20270401,1,20270402,1,20270405,1,20270406,1,20270407,1,20270408,1,20270409,1,20270412,1,20270413,1,20270414,1,20270415,1,20270416,1,20270419,1,20270420,1,20270421,1,20270422,1,20270423,1,20270426,1,20270427,1,20270428,1,20270429,1,20270430,1,20270503,1,20270504,1,20270505,1,20270506,1,20270507,1,20270510,1,20270511,1,20270512,1,20270513,1,20270514,1,20270517,1,20270518,1,20270519,1,20270520,1,20270521,1,20270524,1,20270525,1,20270526,1,20270527,1,20270528,1,20270531,1,20270601,1,20270602,1,20270603,1,20270604,1,20270607,1,20270608,1,20270609,1,20270610,1,20270611,1,20270614,1,20270615,1,20270616,1,20270617,1,20270618,1,20270621,1,20270622,1,20270623,1,20270624,1,20270625,1,20270628,1,20270629,1,20270630,1,20270701,1,20270702,1,20270705,1,20270706,1,20270707,1,20270708,1,20270709,1,20270712,1,20270713,1,20270714,1,20270715,1,20270716,1,20270719,1,20270720,1,20270721,1,20270722,1,20270723,1,20270726,1,20270727,1,20270728,1,20270729,1,20270730,1,20270802,1,20270803,1,20270804,1,20270805,1,20270806,1,20270809,1,20270810,1,20270811,1,20270812,1,20270813,1,20270816,1,20270817,1,20270818,1,20270819,1,20270820,1,20270823,1,20270824,1,20270825,1,20270826,1,20270827,1,20270830,1,20270831,1,20270901,1,20270902,1,20270903,1,20270906,1,20270907,1,20270908,1,20270909,1,20270910,1,20270913,1,20270914,1,20270915,1,20270916,1,20270917,1,20270920,1,20270921,1,20270922,1,20270923,1,20270924,1
'1400822',20260924,1,20260925,1,20260928,1,20260929,1,20260930,1,20261001,1,20261002,1,20261005,1,20261006,1,20261007,1,20261008,1,20261009,1,20261012,1,20261013,1,20261014,1,20261015,1,20261016,1,20261019,1,20261020,1,20261021,1,20261022,1,20261023,1,20261026,1,20261027,1,20261028,1,20261029,1,20261030,1,20261102,1,20261103,1,20261104,1,20261105,1,20261106,1,20261109,1,20261110,1,20261111,1,20261112,1,20261113,1,20261116,1,20261117,1,20261118,1,20261119,1,20261120,1,20261123,1,20261124,1,20261125,1,20261126,1,20261127,1,20261130,1,20261201,1,20261202,1,20261203,1,20261204,1,20261207,1,20261208,1,20261209,1,20261210,1,20261211,1,20261214,1,20261215,1,20261216,1,20261217,1,20261218,1,20261221,1,20261222,1,20261223,1,20261224,1,20261225,1,20261228,1,20261229,1,20261230,1,20261231,1,20270101,1,20270104,1,20270105,1,20270106,1,20270107,1,20270108,1,20270111,1,20270112,1,20270113,1,20270114,1,20270115,1,20270118,1,20270119,1,20270120,1,20270121,1,20270122,1,20270125,1,20270126,1,20270127,1,20270128,1,20270129,1,20270201,1,20270202,1,20270203,1,20270204,1,20270205,1,20270208,1,20270209,1,20270210,1,20270211,1,20270212,1,20270215,1,20270216,1,20270217,1,20270218,1,20270219,1,20270222,1,20270223,1,20270224,1,20270225,1,20270226,1,20270301,1,20270302,1,20270303,1,20270304,1,20270305,1,20270308,1,20270309,1,20270310,1,20270311,1,20270312,1,20270315,1,20270316,1,20270317,1,20270318,1,20270319,1,20270322,1,20270323,1,20270324,1,20270325,1,20270326,1,20270329,1,20270330,1,20270331,1,20270401,1,20270402,1,20270405,1,20270406,1,20270407,1,20270408,1,20270409,1,20270412,1,20270413,1,20270414,1,20270415,1,20270416,1,20270419,1,20270420,1,20270421,1,20270422,1,20270423,1,20270426,1,20270427,1,20270428,1,20270429,1,20270430,1,20270503,1,20270504,1,20270505,1,20270506,1,20270507,1,20270510,1,20270511,1,20270512,1,20270513,1,20270514,1,20270517,1,20270518,1,20270519,1,20270520,1,20270521,1,20270524,1,20270525,1,20270526,1,20270527,1,20270528,1,20270531,1,20270601,1,20270602,1,20270603,1,20270604,1,20270607,1,20270608,1,20270609,1,20270610,1,20270611,1,20270614,1,20270615,1,20270616,1,20270617,1,20270618,1,20270621,1,20270622,1,20270623,1,20270624,1,20270625,1,20270628,1,20270629,1,20270630,1,20270701,1,20270702,1,20270705,1,20270706,1,20270707,1,20270708,1,20270709,1,20270712,1,20270713,1,20270714,1,20270715,1,20270716,1,20270719,1,20270720,1,20270721,1,20270722,1,20270723,1,20270726,1,20270727,1,20270728,1,20270729,1,20270730,1,20270802,1,20270803,1,20270804,1,20270805,1,20270806,1,20270809,1,20270810,1,20270811,1,20270812,1,20270813,1,20270816,1,20270817,1,20270818,1,20270819,1,20270820,1,20270823,1,20270824,1,20270825,1,20270826,1,20270827,1,20270830,1,20270831,1,20270901,1,20270902,1,20270903,1,20270906,1,20270907,1,20270908,1,20270909,1,20270910,1,20270913,1,20270914,1,20270915,1,20270916,1,20270917,1,20270920,1,20270921,1,20270922,1,20270923,1,20270924,1
'1400845',20260924,1,20260925,1,20260928,1,20260929,1,20260930,1,20261001,1,20261002,1,20261005,1,20261006,1,20261007,1,20261008,1,20261009,1,20261012,1,20261013,1,20261014,1,20261015,1,20261016,1,20261019,1,20261020,1,20261021,1,20261022,1,20261023,1,20261026,1,20261027,1,20261028,1,20261029,1,20261030,1,20261102,1,20261103,1,20261104,1,20261105,1,20261106,1,20261109,1,20261110,1,20261111,1,20261112,1,20261113,1,20261116,1,20261117,1,20261118,1,20261119,1,20261120,1,20261123,1,20261124,1,20261125,1,20261126,1,20261127,1,20261130,1,20261201,1,20261202,1,20261203,1,20261204,1,20261207,1,20261208,1,20261209,1,20261210,1,20261211,1,20261214,1,20261215,1,20261216,1,20261217,1,20261218,1,20261221,1,20261222,1,20261223,1,20261224,1,20261225,1,20261228,1,20261229,1,20261230,1,20261231,1,20270101,1,20270104,1,20270105,1,20270106,1,20270107,1,20270108,1,20270111,1,20270112,1,20270113,1,20270114,1,20270115,1,20270118,1,20270119,1,20270120,1,20270121,1,20270122,1,20270125,1,20270126,1,20270127,1,20270128,1,20270129,1,20270201,1,20270202,1,20270203,1,20270204,1,20270205,1,20270208,1,20270209,1,20270210,1,20270211,1,20270212,1,20270215,1,20270216,1,20270217,1,20270218,1,20270219,1,20270222,1,20270223,1,20270224,1,20270225,1,20270226,1,20270301,1,20270302,1,20270303,1,20270304,1,20270305,1,20270308,1,20270309,1,20270310,1,20270311,1,20270312,1,20270315,1,20270316,1,20270317,1,20270318,1,20270319,1,20270322,1,20270323,1,20270324,1,20270325,1,20270326,1,20270329,1,20270330,1,20270331,1,20270401,1,20270402,1,20270405,1,20270406,1,20270407,1,20270408,1,20270409,1,20270412,1,20270413,1,20270414,1,20270415,1,20270416,1,20270419,1,20270420,1,20270421,1,20270422,1,20270423,1,20270426,1,20270427,1,20270428,1,20270429,1,20270430,1,20270503,1,20270504,1,20270505,1,20270506,1,20270507,1,20270510,1,20270511,1,20270512,1,20270513,1,20270514,1,20270517,1,20270518,1,20270519,1,20270520,1,20270521,1,20270524,1,20270525,1,20270526,1,20270527,1,20270528,1,20270531,1,20270601,1,20270602,1,20270603,1,20270604,1,20270607,1,20270608,1,20270609,1,20270610,1,20270611,1,20270614,1,20270615,1,20270616,1,20270617,1,20270618,1,20270621,1,20270622,1,20270623,1,20270624,1,20270625,1,20270628,1,20270629,1,20270630,1,20270701,1,20270702,1,20270705,1,20270706,1,20270707,1,20270708,1,20270709,1,20270712,1,20270713,1,20270714,1,20270715,1,20270716,1,20270719,1,20270720,1,20270721,1,20270722,1,20270723,1,20270726,1,20270727,1,20270728,1,20270729,1,20270730,1,20270802,1,20270803,1,20270804,1,20270805,1,20270806,1,20270809,1,20270810,1,20270811,1,20270812,1,20270813,1,20270816,1,20270817,1,20270818,1,20270819,1,20270820,1,20270823,1,20270824,1,20270825,1,20270826,1,20270827,1,20270830,1,20270831,1,20270901,1,20270902,1,20270903,1,20270906,1,20270907,1,20270908,1,20270909,1,20270910,1,20270913,1,20270914,1,20270915,1,20270916,1,20270917,1,20270920,1,20270921,1,20270922,1,20270923,1,20270924,1
'1400859',20260924,1,20260925,1,20260928,1,20260929,1,20260930,1,20261001,1,20261002,1,20261005,1,20261006,1,20261007,1,20261008,1,20261009,1,20261012,1,20261013,1,20261014,1,20261015,1,20261016,1,20261019,1,20261020,1,20261021,1,20261022,1,20261023,1,20261026,1,20261027,1,20261028,1,20261029,1,20261030,1,20261102,1,20261103,1,20261104,1,20261105,1,20261106,1,20261109,1,20261110,1,20261111,1,20261112,1,20261113,1,20261116,1,20261117,1,20261118,1,20261119,1,20261120,1,20261123,1,20261124,1,20261125,1,20261126,1,20261127,1,20261130,1,20261201,1,20261202,1,20261203,1,20261204,1,20261207,1,20261208,1,20261209,1,20261210,1,20261211,1,20261214,1,20261215,1,20261216,1,20261217,1,20261218,1,20261221,1,20261222,1,20261223,1,20261224,1,20261225,1,20261228,1,20261229,1,20261230,1,20261231,1,20270101,1,20270104,1,20270105,1,20270106,1,20270107,1,20270108,1,20270111,1,20270112,1,20270113,1,20270114,1,20270115,1,20270118,1,20270119,1,20270120,1,20270121,1,20270122,1,20270125,1,20270126,1,20270127,1,20270128,1,20270129,1,20270201,1,20270202,1,20270203,1,20270204,1,20270205,1,20270208,1,20270209,1,20270210,1,20270211,1,20270212,1,20270215,1,20270216,1,20270217,1,20270218,1,20270219,1,20270222,1,20270223,1,20270224,1,20270225,1,20270226,1,20270301,1,20270302,1,20270303,1,20270304,1,20270305,1,20270308,1,20270309,1,20270310,1,20270311,1,20270312,1,20270315,1,20270316,1,20270317,1,20270318,1,20270319,1,20270322,1,20270323,1,20270324,1,20270325,1,20270326,1,20270329,1,20270330,1,20270331,1,20270401,1,20270402,1,20270405,1,20270406,1,20270407,1,20270408,1,20270409,1,20270412,1,20270413,1,20270414,1,20270415,1,20270416,1,20270419,1,20270420,1,20270421,1,20270422,1,20270423,1,20270426,1,20270427,1,20270428,1,20270429,1,20270430,1,20270503,1,20270504,1,20270505,1,20270506,1,20270507,1,20270510,1,20270511,1,20270512,1,20270513,1,20270514,1,20270517,1,20270518,1,20270519,1,20270520,1,20270521,1,20270524,1,20270525,1,20270526,1,20270527,1,20270528,1,20270531,1,20270601,1,20270602,1,20270603,1,20270604,1,20270607,1,20270608,1,20270609,1,20270610,1,20270611,1,20270614,1,20270615,1,20270616,1,20270617,1,20270618,1,20270621,1,20270622,1,20270623,1,20270624,1,20270625,1,20270628,1,20270629,1,20270630,1,20270701,1,20270702,1,20270705,1,20270706,1,20270707,1,20270708,1,20270709,1,20270712,1,20270713,1,20270714,1,20270715,1,20270716,1,20270719,1,20270720,1,20270721,1,20270722,1,20270723,1,20270726,1,20270727,1,20270728,1,20270729,1,20270730,1,20270802,1,20270803,1,20270804,1,20270805,1,20270806,1,20270809,1,20270810,1,20270811,1,20270812,1,20270813,1,20270816,1,20270817,1,20270818,1,20270819,1,20270820,1,20270823,1,20270824,1,20270825,1,20270826,1,20270827,1,20270830,1,20270831,1,20270901,1,20270902,1,20270903,1,20270906,1,20270907,1,20270908,1,20270909,1,20270910,1,20270913,1,20270914,1,20270915,1,20270916,1,20270917,1,20270920,1,20270921,1,20270922,1,20270923,1,20270924,1
'1400866',20260924,1,20260925,1,20260928,1,20260929,1,20260930,1,20261001,1,20261002,1,20261005,1,20261006,1,20261007,1,20261008,1,20261009,1,20261012,1,20261013,1,20261014,1,20261015,1,20261016,1,20261019,1,20261020,1,20261021,1,20261022,1,20261023,1,20261026,1,20261027,1,20261028,1,20261029,1,20261030,1,20261102,1,20261103,1,20261104,1,20261105,1,20261106,1,20261109,1,20261110,1,20261111,1,20261112,1,20261113,1,20261116,1,20261117,1,20261118,1,20261119,1,20261120,1,20261123,1,20261124,1,20261125,1,20261126,1,20261127,1,20261130,1,20261201,1,20261202,1,20261203,1,20261204,1,20261207,1,20261208,1,20261209,1,20261210,1,20261211,1,20261214,1,20261215,1,20261216,1,20261217,1,20261218,1,20261221,1,20261222,1,20261223,1,20261224,1,20261225,1,20261228,1,20261229,1,20261230,1,20261231,1,20270101,1,20270104,1,20270105,1,20270106,1,20270107,1,20270108,1,20270111,1,20270112,1,20270113,1,20270114,1,20270115,1,20270118,1,20270119,1,20270120,1,20270121,1,20270122,1,20270125,1,20270126,1,20270127,1,20270128,1,20270129,1,20270201,1,20270202,1,20270203,1,20270204,1,20270205,1,20270208,1,20270209,1,20270210,1,20270211,1,20270212,1,20270215,1,20270216,1,20270217,1,20270218,1,20270219,1,20270222,1,20270223,1,20270224,1,20270225,1,20270226,1,20270301,1,20270302,1,20270303,1,20270304,1,20270305,1,20270308,1,20270309,1,20270310,1,20270311,1,20270312,1,20270315,1,20270316,1,20270317,1,20270318,1,20270319,1,20270322,1,20270323,1,20270324,1,20270325,1,20270326,1,20270329,1,20270330,1,20270331,1,20270401,1,20270402,1,20270405,1,20270406,1,20270407,1,20270408,1,20270409,1,20270412,1,20270413,1,20270414,1,20270415,1,20270416,1,20270419,1,20270420,1,20270421,1,20270422,1,20270423,1,20270426,1,20270427,1,20270428,1,20270429,1,20270430,1,20270503,1,20270504,1,20270505,1,20270506,1,20270507,1,20270510,1,20270511,1,20270512,1,20270513,1,20270514,1,20270517,1,20270518,1,20270519,1,20270520,1,20270521,1,20270524,1,20270525,1,20270526,1,20270527,1,20270528,1,20270531,1,20270601,1,20270602,1,20270603,1,20270604,1,20270607,1,20270608,1,20270609,1,20270610,1,20270611,1,20270614,1,20270615,1,20270616,1,20270617,1,20270618,1,20270621,1,20270622,1,20270623,1,20270624,1,20270625,1,20270628,1,20270629,1,20270630,1,20270701,1,20270702,1,20270705,1,20270706,1,20270707,1,20270708,1,20270709,1,20270712,1,20270713,1,20270714,1,20270715,1,20270716,1,20270719,1,20270720,1,20270721,1,20270722,1,20270723,1,20270726,1,20270727,1,20270728,1,20270729,1,20270730,1,20270802,1,20270803,1,20270804,1,20270805,1,20270806,1,20270809,1,20270810,1,20270811,1,20270812,1,20270813,1,20270816,1,20270817,1,20270818,1,20270819,1,20270820,1,20270823,1,20270824,1,20270825,1,20270826,1,20270827,1,20270830,1,20270831,1,20270901,1,20270902,1,20270903,1,20270906,1,20270907,1,20270908,1,20270909,1,20270910,1,20270913,1,20270914,1,20270915,1,20270916,1,20270917,1,20270920,1,20270921,1,20270922,1,20270923,1,20270924,1
'1400880',20260924,1,20260925,1,20260928,1,20260929,1,20260930,1,20261001,1,20261002,1,20261005,1,20261006,1,20261007,1,20261008,1,20261009,1,20261012,1,20261013,1,20261014,1,20261015,1,20261016,1,20261019,1,20261020,1,20261021,1,20261022,1,20261023,1,20261026,1,20261027,1,20261028,1,20261029,1,20261030,1,20261102,1,20261103,1,20261104,1,20261105,1,20261106,1,20261109,1,20261110,1,20261111,1,20261112,1,20261113,1,20261116,1,20261117,1,20261118,1,20261119,1,20261120,1,20261123,1,20261124,1,20261125,1,20261126,1,20261127,1,20261130,1,20261201,1,20261202,1,20261203,1,20261204,1,20261207,1,20261208,1,20261209,1,20261210,1,20261211,1,20261214,1,20261215,1,20261216,1,20261217,1,20261218,1,20261221,1,20261222,1,20261223,1,20261224,1,20261225,1,20261228,1,20261229,1,20261230,1,20261231,1,20270101,1,20270104,1,20270105,1,20270106,1,20270107,1,20270108,1,20270111,1,20270112,1,20270113,1,20270114,1,20270115,1,20270118,1,20270119,1,20270120,1,20270121,1,20270122,1,20270125,1,20270126,1,20270127,1,20270128,1,20270129,1,20270201,1,20270202,1,20270203,1,20270204,1,20270205,1,20270208,1,20270209,1,20270210,1,20270211,1,20270212,1,20270215,1,20270216,1,20270217,1,20270218,1,20270219,1,20270222,1,20270223,1,20270224,1,20270225,1,20270226,1,20270301,1,20270302,1,20270303,1,20270304,1,20270305,1,20270308,1,20270309,1,20270310,1,20270311,1,20270312,1,20270315,1,20270316,1,20270317,1,20270318,1,20270319,1,20270322,1,20270323,1,20270324,1,20270325,1,20270326,1,20270329,1,20270330,1,20270331,1,20270401,1,20270402,1,20270405,1,20270406,1,20270407,1,20270408,1,20270409,1,20270412,1,20270413,1,20270414,1,20270415,1,20270416,1,20270419,1,20270420,1,20270421,1,20270422,1,20270423,1,20270426,1,20270427,1,20270428,1,20270429,1,20270430,1,20270503,1,20270504,1,20270505,1,20270506,1,20270507,1,20270510,1,20270511,1,20270512,1,20270513,1,20270514,1,20270517,1,20270518,1,20270519,1,20270520,1,20270521,1,20270524,1,20270525,1,20270526,1,20270527,1,20270528,1,20270531,1,20270601,1,20270602,1,20270603,1,20270604,1,20270607,1,20270608,1,20270609,1,20270610,1,20270611,1,20270614,1,20270615,1,20270616,1,20270617,1,20270618,1,20270621,1,20270622,1,20270623,1,20270624,1,20270625,1,20270628,1,20270629,1,20270630,1,20270701,1,20270702,1,20270705,1,20270706,1,20270707,1,20270708,1,20270709,1,20270712,1,20270713,1,20270714,1,20270715,1,20270716,1,20270719,1,20270720,1,20270721,1,20270722,1,20270723,1,20270726,1,20270727,1,20270728,1,20270729,1,20270730,1,20270802,1,20270803,1,20270804,1,20270805,1,20270806,1,20270809,1,20270810,1,20270811,1,20270812,1,20270813,1,20270816,1,20270817,1,20270818,1,20270819,1,20270820,1,20270823,1,20270824,1,20270825,1,20270826,1,20270827,1,20270830,1,20270831,1,20270901,1,20270902,1,20270903,1,20270906,1,20270907,1,20270908,1,20270909,1,20270910,1,20270913,1,20270914,1,20270915,1,20270916,1,20270917,1,20270920,1,20270921,1,20270922,1,20270923,1,20270924,1
'1400906',20260924,1,20260925,1,20260928,1,20260929,1,20260930,1,20261001,1,20261002,1,20261005,1,20261006,1,20261007,1,20261008,1,20261009,1,20261012,1,20261013,1,20261014,1,20261015,1,20261016,1,20261019,1,20261020,1,20261021,1,20261022,1,20261023,1,20261026,1,20261027,1,20261028,1,20261029,1,20261030,1,20261102,1,20261103,1,20261104,1,20261105,1,20261106,1,20261109,1,20261110,1,20261111,1,20261112,1,20261113,1,20261116,1,20261117,1,20261118,1,20261119,1,20261120,1,20261123,1,20261124,1,20261125,1,20261126,1,20261127,1,20261130,1,20261201,1,20261202,1,20261203,1,20261204,1,20261207,1,20261208,1,20261209,1,20261210,1,20261211,1,20261214,1,20261215,1,20261216,1,20261217,1,20261218,1,20261221,1,20261222,1,20261223,1,20261224,1,20261225,1,20261228,1,20261229,1,20261230,1,20261231,1,20270101,1,20270104,1,20270105,1,20270106,1,20270107,1,20270108,1,20270111,1,20270112,1,20270113,1,20270114,1,20270115,1,20270118,1,20270119,1,20270120,1,20270121,1,20270122,1,20270125,1,20270126,1,20270127,1,20270128,1,20270129,1,20270201,1,20270202,1,20270203,1,20270204,1,20270205,1,20270208,1,20270209,1,20270210,1,20270211,1,20270212,1,20270215,1,20270216,1,20270217,1,20270218,1,20270219,1,20270222,1,20270223,1,20270224,1,20270225,1,20270226,1,20270301,1,20270302,1,20270303,1,20270304,1,20270305,1,20270308,1,20270309,1,20270310,1,20270311,1,20270312,1,20270315,1,20270316,1,20270317,1,20270318,1,20270319,1,20270322,1,20270323,1,20270324,1,20270325,1,20270326,1,20270329,1,20270330,1,20270331,1,20270401,1,20270402,1,20270405,1,20270406,1,20270407,1,20270408,1,20270409,1,20270412,1,20270413,1,20270414,1,20270415,1,20270416,1,20270419,1,20270420,1,20270421,1,20270422,1,20270423,1,20270426,1,20270427,1,20270428,1,20270429,1,20270430,1,20270503,1,20270504,1,20270505,1,20270506,1,20270507,1,20270510,1,20270511,1,20270512,1,20270513,1,20270514,1,20270517,1,20270518,1,20270519,1,20270520,1,20270521,1,20270524,1,20270525,1,20270526,1,20270527,1,20270528,1,20270531,1,20270601,1,20270602,1,20270603,1,20270604,1,20270607,1,20270608,1,20270609,1,20270610,1,20270611,1,20270614,1,20270615,1,20270616,1,20270617,1,20270618,1,20270621,1,20270622,1,20270623,1,20270624,1,20270625,1,20270628,1,20270629,1,20270630,1,20270701,1,20270702,1,20270705,1,20270706,1,20270707,1,20270708,1,20270709,1,20270712,1,20270713,1,20270714,1,20270715,1,20270716,1,20270719,1,20270720,1,20270721,1,20270722,1,20270723,1,20270726,1,20270727,1,20270728,1,20270729,1,20270730,1,20270802,1,20270803,1,20270804,1,20270805,1,20270806,1,20270809,1,20270810,1,20270811,1,20270812,1,20270813,1,20270816,1,20270817,1,20270818,1,20270819,1,20270820,1,20270823,1,20270824,1,20270825,1,20270826,1,20270827,1,20270830,1,20270831,1,20270901,1,20270902,1,20270903,1,20270906,1,20270907,1,20270908,1,20270909,1,20270910,1,20270913,1,20270914,1,20270915,1,20270916,1,20270917,1,20270920,1,20270921,1,20270922,1,20270923,1,20270924,1
'1400929',20260924,1,20260925,1,20260928,1,20260929,1,20260930,1,20261001,1,20261002,1,20261005,1,20261006,1,20261007,1,20261008,1,20261009,1,20261012,1,20261013,1,20261014,1,20261015,1,20261016,1,20261019,1,20261020,1,20261021,1,20261022,1,20261023,1,20261026,1,20261027,1,20261028,1,20261029,1,20261030,1,20261102,1,20261103,1,20261104,1,20261105,1,20261106,1,20261109,1,20261110,1,20261111,1,20261112,1,20261113,1,20261116,1,20261117,1,20261118,1,20261119,1,20261120,1,20261123,1,20261124,1,20261125,1,20261126,1,20261127,1,20261130,1,20261201,1,20261202,1,20261203,1,20261204,1,20261207,1,20261208,1,20261209,1,20261210,1,20261211,1,20261214,1,20261215,1,20261216,1,20261217,1,20261218,1,20261221,1,20261222,1,20261223,1,20261224,1,20261225,1,20261228,1,20261229,1,20261230,1,20261231,1,20270101,1,20270104,1,20270105,1,20270106,1,20270107,1,20270108,1,20270111,1,20270112,1,20270113,1,20270114,1,20270115,1,20270118,1,20270119,1,20270120,1,20270121,1,20270122,1,20270125,1,20270126,1,20270127,1,20270128,1,20270129,1,20270201,1,20270202,1,20270203,1,20270204,1,20270205,1,20270208,1,20270209,1,20270210,1,20270211,1,20270212,1,20270215,1,20270216,1,20270217,1,20270218,1,20270219,1,20270222,1,20270223,1,20270224,1,20270225,1,20270226,1,20270301,1,20270302,1,20270303,1,20270304,1,20270305,1,20270308,1,20270309,1,20270310,1,20270311,1,20270312,1,20270315,1,20270316,1,20270317,1,20270318,1,20270319,1,20270322,1,20270323,1,20270324,1,20270325,1,20270326,1,20270329,1,20270330,1,20270331,1,20270401,1,20270402,1,20270405,1,20270406,1,20270407,1,20270408,1,20270409,1,20270412,1,20270413,1,20270414,1,20270415,1,20270416,1,20270419,1,20270420,1,20270421,1,20270422,1,20270423,1,20270426,1,20270427,1,20270428,1,20270429,1,20270430,1,20270503,1,20270504,1,20270505,1,20270506,1,20270507,1,20270510,1,20270511,1,20270512,1,20270513,1,20270514,1,20270517,1,20270518,1,20270519,1,20270520,1,20270521,1,20270524,1,20270525,1,20270526,1,20270527,1,20270528,1,20270531,1,20270601,1,20270602,1,20270603,1,20270604,1,20270607,1,20270608,1,20270609,1,20270610,1,20270611,1,20270614,1,20270615,1,20270616,1,20270617,1,20270618,1,20270621,1,20270622,1,20270623,1,20270624,1,20270625,1,20270628,1,20270629,1,20270630,1,20270701,1,20270702,1,20270705,1,20270706,1,20270707,1,20270708,1,20270709,1,20270712,1,20270713,1,20270714,1,20270715,1,20270716,1,20270719,1,20270720,1,20270721,1,20270722,1,20270723,1,20270726,1,20270727,1,20270728,1,20270729,1,20270730,1,20270802,1,20270803,1,20270804,1,20270805,1,20270806,1,20270809,1,20270810,1,20270811,1,20270812,1,20270813,1,20270816,1,20270817,1,20270818,1,20270819,1,20270820,1,20270823,1,20270824,1,20270825,1,20270826,1,20270827,1,20270830,1,20270831,1,20270901,1,20270902,1,20270903,1,20270906,1,20270907,1,20270908,1,20270909,1,20270910,1,20270913,1,20270914,1,20270915,1,20270916,1,20270917,1,20270920,1,20270921,1,20270922,1,20270923,1,20270924,1
'1400945',20260924,1,20260925,1,20260928,1,20260929,1,20260930,1,20261001,1,20261002,1,20261005,1,20261006,1,20261007,1,20261008,1,20261009,1,20261012,1,20261013,1,20261014,1,20261015,1,20261016,1,20261019,1,20261020,1,20261021,1,20261022,1,20261023,1,20261026,1,20261027,1,20261028,1,20261029,1,20261030,1,20261102,1,20261103,1,20261104,1,20261105,1,20261106,1,20261109,1,20261110,1,20261111,1,20261112,1,20261113,1,20261116,1,20261117,1,20261118,1,20261119,1,20261120,1,20261123,1,20261124,1,20261125,1,20261126,1,20261127,1,20261130,1,20261201,1,20261202,1,20261203,1,20261204,1,20261207,1,20261208,1,20261209,1,20261210,1,20261211,1,20261214,1,20261215,1,20261216,1,20261217,1,20261218,1,20261221,1,20261222,1,20261223,1,20261224,1,20261225,1,20261228,1,20261229,1,20261230,1,20261231,1,20270101,1,20270104,1,20270105,1,20270106,1,20270107,1,20270108,1,20270111,1,20270112,1,20270113,1,20270114,1,20270115,1,20270118,1,20270119,1,20270120,1,20270121,1,20270122,1,20270125,1,20270126,1,20270127,1,20270128,1,20270129,1,20270201,1,20270202,1,20270203,1,20270204,1,20270205,1,20270208,1,20270209,1,20270210,1,20270211,1,20270212,1,20270215,1,20270216,1,20270217,1,20270218,1,20270219,1,20270222,1,20270223,1,20270224,1,20270225,1,20270226,1,20270301,1,20270302,1,20270303,1,20270304,1,20270305,1,20270308,1,20270309,1,20270310,1,20270311,1,20270312,1,20270315,1,20270316,1,20270317,1,20270318,1,20270319,1,20270322,1,20270323,1,20270324,1,20270325,1,20270326,1,20270329,1,20270330,1,20270331,1,20270401,1,20270402,1,20270405,1,20270406,1,20270407,1,20270408,1,20270409,1,20270412,1,20270413,1,20270414,1,20270415,1,20270416,1,20270419,1,20270420,1,20270421,1,20270422,1,20270423,1,20270426,1,20270427,1,20270428,1,20270429,1,20270430,1,20270503,1,20270504,1,20270505,1,20270506,1,20270507,1,20270510,1,20270511,1,20270512,1,20270513,1,20270514,1,20270517,1,20270518,1,20270519,1,20270520,1,20270521,1,20270524,1,20270525,1,20270526,1,20270527,1,20270528,1,20270531,1,20270601,1,20270602,1,20270603,1,20270604,1,20270607,1,20270608,1,20270609,1,20270610,1,20270611,1,20270614,1,20270615,1,20270616,1,20270617,1,20270618,1,20270621,1,20270622,1,20270623,1,20270624,1,20270625,1,20270628,1,20270629,1,20270630,1,20270701,1,20270702,1,20270705,1,20270706,1,20270707,1,20270708,1,20270709,1,20270712,1,20270713,1,20270714,1,20270715,1,20270716,1,20270719,1,20270720,1,20270721,1,20270722,1,20270723,1,20270726,1,20270727,1,20270728,1,20270729,1,20270730,1,20270802,1,20270803,1,20270804,1,20270805,1,20270806,1,20270809,1,20270810,1,20270811,1,20270812,1,20270813,1,20270816,1,20270817,1,20270818,1,20270819,1,20270820,1,20270823,1,20270824,1,20270825,1,20270826,1,20270827,1,20270830,1,20270831,1,20270901,1,20270902,1,20270903,1,20270906,1,20270907,1,20270908,1,20270909,1,20270910,1,20270913,1,20270914,1,20270915,1,20270916,1,20270917,1,20270920,1,20270921,1,20270922,1,20270923,1,20270924,1
'1400947',20260924,1,20260925,1,20260928,1,20260929,1,20260930,1,20261001,1,20261002,1,20261005,1,20261006,1,20261007,1,20261008,1,20261009,1,20261012,1,20261013,1,20261014,1,20261015,1,20261016,1,20261019,1,20261020,1,20261021,1,20261022,1,20261023,1,20261026,1,20261027,1,20261028,1,20261029,1,20261030,1,20261102,1,20261103,1,20261104,1,20261105,1,20261106,1,20261109,1,20261110,1,20261111,1,20261112,1,20261113,1,20261116,1,20261117,1,20261118,1,20261119,1,20261120,1,20261123,1,20261124,1,20261125,1,20261126,1,20261127,1,20261130,1,20261201,1,20261202,1,20261203,1,20261204,1,20261207,1,20261208,1,20261209,1,20261210,1,20261211,1,20261214,1,20261215,1,20261216,1,20261217,1,20261218,1,20261221,1,20261222,1,20261223,1,20261224,1,20261225,1,20261228,1,20261229,1,20261230,1,20261231,1,20270101,1,20270104,1,20270105,1,20270106,1,20270107,1,20270108,1,20270111,1,20270112,1,20270113,1,20270114,1,20270115,1,20270118,1,20270119,1,20270120,1,20270121,1,20270122,1,20270125,1,20270126,1,20270127,1,20270128,1,20270129,1,20270201,1,20270202,1,20270203,1,20270204,1,20270205,1,20270208,1,20270209,1,20270210,1,20270211,1,20270212,1,20270215,1,20270216,1,20270217,1,20270218,1,20270219,1,20270222,1,20270223,1,20270224,1,20270225,1,20270226,1,20270301,1,20270302,1,20270303,1,20270304,1,20270305,1,20270308,1,20270309,1,20270310,1,20270311,1,20270312,1,20270315,1,20270316,1,20270317,1,20270318,1,20270319,1,20270322,1,20270323,1,20270324,1,20270325,1,20270326,1,20270329,1,20270330,1,20270331,1,20270401,1,20270402,1,20270405,1,20270406,1,20270407,1,20270408,1,20270409,1,20270412,1,20270413,1,20270414,1,20270415,1,20270416,1,20270419,1,20270420,1,20270421,1,20270422,1,20270423,1,20270426,1,20270427,1,20270428,1,20270429,1,20270430,1,20270503,1,20270504,1,20270505,1,20270506,1,20270507,1,20270510,1,20270511,1,20270512,1,20270513,1,20270514,1,20270517,1,20270518,1,20270519,1,20270520,1,20270521,1,20270524,1,20270525,1,20270526,1,20270527,1,20270528,1,20270531,1,20270601,1,20270602,1,20270603,1,20270604,1,20270607,1,20270608,1,20270609,1,20270610,1,20270611,1,20270614,1,20270615,1,20270616,1,20270617,1,20270618,1,20270621,1,20270622,1,20270623,1,20270624,1,20270625,1,20270628,1,20270629,1,20270630,1,20270701,1,20270702,1,20270705,1,20270706,1,20270707,1,20270708,1,20270709,1,20270712,1,20270713,1,20270714,1,20270715,1,20270716,1,20270719,1,20270720,1,20270721,1,20270722,1,20270723,1,20270726,1,20270727,1,20270728,1,20270729,1,20270730,1,20270802,1,20270803,1,20270804,1,20270805,1,20270806,1,20270809,1,20270810,1,20270811,1,20270812,1,20270813,1,20270816,1,20270817,1,20270818,1,20270819,1,20270820,1,20270823,1,20270824,1,20270825,1,20270826,1,20270827,1,20270830,1,20270831,1,20270901,1,20270902,1,20270903,1,20270906,1,20270907,1,20270908,1,20270909,1,20270910,1,20270913,1,20270914,1,20270915,1,20270916,1,20270917,1,20270920,1,20270921,1,20270922,1,20270923,1,20270924,1
'1400962',20260924,1,20260925,1,20260928,1,20260929,1,20260930,1,20261001,1,20261002,1,20261005,1,20261006,1,20261007,1,20261008,1,20261009,1,20261012,1,20261013,1,20261014,1,20261015,1,20261016,1,20261019,1,20261020,1,20261021,1,20261022,1,20261023,1,20261026,1,20261027,1,20261028,1,20261029,1,20261030,1,20261102,1,20261103,1,20261104,1,20261105,1,20261106,1,20261109,1,20261110,1,20261111,1,20261112,1,20261113,1,20261116,1,20261117,1,20261118,1,20261119,1,20261120,1,20261123,1,20261124,1,20261125,1,20261126,1,20261127,1,20261130,1,20261201,1,20261202,1,20261203,1,20261204,1,20261207,1,20261208,1,20261209,1,20261210,1,20261211,1,20261214,1,20261215,1,20261216,1,20261217,1,20261218,1,20261221,1,20261222,1,20261223,1,20261224,1,20261225,1,20261228,1,20261229,1,20261230,1,20261231,1,20270101,1,20270104,1,20270105,1,20270106,1,20270107,1,20270108,1,20270111,1,20270112,1,20270113,1,20270114,1,20270115,1,20270118,1,20270119,1,20270120,1,20270121,1,20270122,1,20270125,1,20270126,1,20270127,1,20270128,1,20270129,1,20270201,1,20270202,1,20270203,1,20270204,1,20270205,1,20270208,1,20270209,1,20270210,1,20270211,1,20270212,1,20270215,1,20270216,1,20270217,1,20270218,1,20270219,1,20270222,1,20270223,1,20270224,1,20270225,1,20270226,1,20270301,1,20270302,1,20270303,1,20270304,1,20270305,1,20270308,1,20270309,1,20270310,1,20270311,1,20270312,1,20270315,1,20270316,1,20270317,1,20270318,1,20270319,1,20270322,1,20270323,1,20270324,1,20270325,1,20270326,1,20270329,1,20270330,1,20270331,1,20270401,1,20270402,1,20270405,1,20270406,1,20270407,1,20270408,1,20270409,1,20270412,1,20270413,1,20270414,1,20270415,1,20270416,1,20270419,1,20270420,1,20270421,1,20270422,1,20270423,1,20270426,1,20270427,1,20270428,1,20270429,1,20270430,1,20270503,1,20270504,1,20270505,1,20270506,1,20270507,1,20270510,1,20270511,1,20270512,1,20270513,1,20270514,1,20270517,1,20270518,1,20270519,1,20270520,1,20270521,1,20270524,1,20270525,1,20270526,1,20270527,1,20270528,1,20270531,1,20270601,1,20270602,1,20270603,1,20270604,1,20270607,1,20270608,1,20270609,1,20270610,1,20270611,1,20270614,1,20270615,1,20270616,1,20270617,1,20270618,1,20270621,1,20270622,1,20270623,1,20270624,1,20270625,1,20270628,1,20270629,1,20270630,1,20270701,1,20270702,1,20270705,1,20270706,1,20270707,1,20270708,1,20270709,1,20270712,1,20270713,1,20270714,1,20270715,1,20270716,1,20270719,1,20270720,1,20270721,1,20270722,1,20270723,1,20270726,1,20270727,1,20270728,1,20270729,1,20270730,1,20270802,1,20270803,1,20270804,1,20270805,1,20270806,1,20270809,1,20270810,1,20270811,1,20270812,1,20270813,1,20270816,1,20270817,1,20270818,1,20270819,1,20270820,1,20270823,1,20270824,1,20270825,1,20270826,1,20270827,1,20270830,1,20270831,1,20270901,1,20270902,1,20270903,1,20270906,1,20270907,1,20270908,1,20270909,1,20270910,1,20270913,1,20270914,1,20270915,1,20270916,1,20270917,1,20270920,1,20270921,1,20270922,1,20270923,1,20270924,1
'1400973',20260924,1,20260925,1,20260928,1,20260929,1,20260930,1,20261001,1,20261002,1,20261005,1,20261006,1,20261007,1,20261008,1,20261009,1,20261012,1,20261013,1,20261014,1,20261015,1,20261016,1,20261019,1,20261020,1,20261021,1,20261022,1,20261023,1,20261026,1,20261027,1,20261028,1,20261029,1,20261030,1,20261102,1,20261103,1,20261104,1,20261105,1,20261106,1,20261109,1,20261110,1,20261111,1,20261112,1,20261113,1,20261116,1,20261117,1,20261118,1,20261119,1,20261120,1,20261123,1,20261124,1,20261125,1,20261126,1,20261127,1,20261130,1,20261201,1,20261202,1,20261203,1,20261204,1,20261207,1,20261208,1,20261209,1,20261210,1,20261211,1,20261214,1,20261215,1,20261216,1,20261217,1,20261218,1,20261221,1,20261222,1,20261223,1,20261224,1,20261225,1,20261228,1,20261229,1,20261230,1,20261231,1,20270101,1,20270104,1,20270105,1,20270106,1,20270107,1,20270108,1,20270111,1,20270112,1,20270113,1,20270114,1,20270115,1,20270118,1,20270119,1,20270120,1,20270121,1,20270122,1,20270125,1,20270126,1,20270127,1,20270128,1,20270129,1,20270201,1,20270202,1,20270203,1,20270204,1,20270205,1,20270208,1,20270209,1,20270210,1,20270211,1,20270212,1,20270215,1,20270216,1,20270217,1,20270218,1,20270219,1,20270222,1,20270223,1,20270224,1,20270225,1,20270226,1,20270301,1,20270302,1,20270303,1,20270304,1,20270305,1,20270308,1,20270309,1,20270310,1,20270311,1,20270312,1,20270315,1,20270316,1,20270317,1,20270318,1,20270319,1,20270322,1,20270323,1,20270324,1,20270325,1,20270326,1,20270329,1,20270330,1,20270331,1,20270401,1,20270402,1,20270405,1,20270406,1,20270407,1,20270408,1,20270409,1,20270412,1,20270413,1,20270414,1,20270415,1,20270416,1,20270419,1,20270420,1,20270421,1,20270422,1,20270423,1,20270426,1,20270427,1,20270428,1,20270429,1,20270430,1,20270503,1,20270504,1,20270505,1,20270506,1,20270507,1,20270510,1,20270511,1,20270512,1,20270513,1,20270514,1,20270517,1,20270518,1,20270519,1,20270520,1,20270521,1,20270524,1,20270525,1,20270526,1,20270527,1,20270528,1,20270531,1,20270601,1,20270602,1,20270603,1,20270604,1,20270607,1,20270608,1,20270609,1,20270610,1,20270611,1,20270614,1,20270615,1,20270616,1,20270617,1,20270618,1,20270621,1,20270622,1,20270623,1,20270624,1,20270625,1,20270628,1,20270629,1,20270630,1,20270701,1,20270702,1,20270705,1,20270706,1,20270707,1,20270708,1,20270709,1,20270712,1,20270713,1,20270714,1,20270715,1,20270716,1,20270719,1,20270720,1,20270721,1,20270722,1,20270723,1,20270726,1,20270727,1,20270728,1,20270729,1,20270730,1,20270802,1,20270803,1,20270804,1,20270805,1,20270806,1,20270809,1,20270810,1,20270811,1,20270812,1,20270813,1,20270816,1,20270817,1,20270818,1,20270819,1,20270820,1,20270823,1,20270824,1,20270825,1,20270826,1,20270827,1,20270830,1,20270831,1,20270901,1,20270902,1,20270903,1,20270906,1,20270907,1,20270908,1,20270909,1,20270910,1,20270913,1,20270914,1,20270915,1,20270916,1,20270917,1,20270920,1,20270921,1,20270922,1,20270923,1,20270924,1
'1400992',20260924,1,20260925,1,20260928,1,20260929,1,20260930,1,20261001,1,20261002,1,20261005,1,20261006,1,20261007,1,20261008,1,20261009,1,20261012,1,20261013,1,20261014,1,20261015,1,20261016,1,20261019,1,20261020,1,20261021,1,20261022,1,20261023,1,20261026,1,20261027,1,20261028,1,20261029,1,20261030,1,20261102,1,20261103,1,20261104,1,20261105,1,20261106,1,20261109,1,20261110,1,20261111,1,20261112,1,20261113,1,20261116,1,20261117,1,20261118,1,20261119,1,20261120,1,20261123,1,20261124,1,20261125,1,20261126,1,20261127,1,20261130,1,20261201,1,20261202,1,20261203,1,20261204,1,20261207,1,20261208,1,20261209,1,20261210,1,20261211,1,20261214,1,20261215,1,20261216,1,20261217,1,20261218,1,20261221,1,20261222,1,20261223,1,20261224,1,20261225,1,20261228,1,20261229,1,20261230,1,20261231,1,20270101,1,20270104,1,20270105,1,20270106,1,20270107,1,20270108,1,20270111,1,20270112,1,20270113,1,20270114,1,20270115,1,20270118,1,20270119,1,20270120,1,20270121,1,20270122,1,20270125,1,20270126,1,20270127,1,20270128,1,20270129,1,20270201,1,20270202,1,20270203,1,20270204,1,20270205,1,20270208,1,20270209,1,20270210,1,20270211,1,20270212,1,20270215,1,20270216,1,20270217,1,20270218,1,20270219,1,20270222,1,20270223,1,20270224,1,20270225,1,20270226,1,20270301,1,20270302,1,20270303,1,20270304,1,20270305,1,20270308,1,20270309,1,20270310,1,20270311,1,20270312,1,20270315,1,20270316,1,20270317,1,20270318,1,20270319,1,20270322,1,20270323,1,20270324,1,20270325,1,20270326,1,20270329,1,20270330,1,20270331,1,20270401,1,20270402,1,20270405,1,20270406,1,20270407,1,20270408,1,20270409,1,20270412,1,20270413,1,20270414,1,20270415,1,20270416,1,20270419,1,20270420,1,20270421,1,20270422,1,20270423,1,20270426,1,20270427,1,20270428,1,20270429,1,20270430,1,20270503,1,20270504,1,20270505,1,20270506,1,20270507,1,20270510,1,20270511,1,20270512,1,20270513,1,20270514,1,20270517,1,20270518,1,20270519,1,20270520,1,20270521,1,20270524,1,20270525,1,20270526,1,20270527,1,20270528,1,20270531,1,20270601,1,20270602,1,20270603,1,20270604,1,20270607,1,20270608,1,20270609,1,20270610,1,20270611,1,20270614,1,20270615,1,20270616,1,20270617,1,20270618,1,20270621,1,20270622,1,20270623,1,20270624,1,20270625,1,20270628,1,20270629,1,20270630,1,20270701,1,20270702,1,20270705,1,20270706,1,20270707,1,20270708,1,20270709,1,20270712,1,20270713,1,20270714,1,20270715,1,20270716,1,20270719,1,20270720,1,20270721,1,20270722,1,20270723,1,20270726,1,20270727,1,20270728,1,20270729,1,20270730,1,20270802,1,20270803,1,20270804,1,20270805,1,20270806,1,20270809,1,20270810,1,20270811,1,20270812,1,20270813,1,20270816,1,20270817,1,20270818,1,20270819,1,20270820,1,20270823,1,20270824,1,20270825,1,20270826,1,20270827,1,20270830,1,20270831,1,20270901,1,20270902,1,20270903,1,20270906,1,20270907,1,20270908,1,20270909,1,20270910,1,20270913,1,20270914,1,20270915,1,20270916,1,20270917,1,20270920,1,20270921,1,20270922,1,20270923,1,20270924,1
'1412378',20260924,1,20260925,1,20260928,1,20260929,1,20260930,1,20261001,1,20261002,1,20261005,1,20261006,1,20261007,1,20261008,1,20261009,1,20261012,1,20261013,1,20261014,1,20261015,1,20261016,1,20261019,1,20261020,1,20261021,1,20261022,1,20261023,1,20261026,1,20261027,1,20261028,1,20261029,1,20261030,1,20261102,1,20261103,1,20261104,1,20261105,1,20261106,1,20261109,1,20261110,1,20261111,1,20261112,1,20261113,1,20261116,1,20261117,1,20261118,1,20261119,1,20261120,1,20261123,1,20261124,1,20261125,1,20261126,1,20261127,1,20261130,1,20261201,1,20261202,1,20261203,1,20261204,1,20261207,1,20261208,1,20261209,1,20261210,1,20261211,1,20261214,1,20261215,1,20261216,1,20261217,1,20261218,1,20261221,1,20261222,1,20261223,1,20261224,1,20261225,1,20261228,1,20261229,1,20261230,1,20261231,1,20270101,1,20270104,1,20270105,1,20270106,1,20270107,1,20270108,1,20270111,1,20270112,1,20270113,1,20270114,1,20270115,1,20270118,1,20270119,1,20270120,1,20270121,1,20270122,1,20270125,1,20270126,1,20270127,1,20270128,1,20270129,1,20270201,1,20270202,1,20270203,1,20270204,1,20270205,1,20270208,1,20270209,1,20270210,1,20270211,1,20270212,1,20270215,1,20270216,1,20270217,1,20270218,1,20270219,1,20270222,1,20270223,1,20270224,1,20270225,1,20270226,1,20270301,1,20270302,1,20270303,1,20270304,1,20270305,1,20270308,1,20270309,1,20270310,1,20270311,1,20270312,1,20270315,1,20270316,1,20270317,1,20270318,1,20270319,1,20270322,1,20270323,1,20270324,1,20270325,1,20270326,1,20270329,1,20270330,1,20270331,1,20270401,1,20270402,1,20270405,1,20270406,1,20270407,1,20270408,1,20270409,1,20270412,1,20270413,1,20270414,1,20270415,1,20270416,1,20270419,1,20270420,1,20270421,1,20270422,1,20270423,1,20270426,1,20270427,1,20270428,1,20270429,1,20270430,1,20270503,1,20270504,1,20270505,1,20270506,1,20270507,1,20270510,1,20270511,1,20270512,1,20270513,1,20270514,1,20270517,1,20270518,1,20270519,1,20270520,1,20270521,1,20270524,1,20270525,1,20270526,1,20270527,1,20270528,1,20270531,1,20270601,1,20270602,1,20270603,1,20270604,1,20270607,1,20270608,1,20270609,1,20270610,1,20270611,1,20270614,1,20270615,1,20270616,1,20270617,1,20270618,1,20270621,1,20270622,1,20270623,1,20270624,1,20270625,1,20270628,1,20270629,1,20270630,1,20270701,1,20270702,1,20270705,1,20270706,1,20270707,1,20270708,1,20270709,1,20270712,1,20270713,1,20270714,1,20270715,1,20270716,1,20270719,1,20270720,1,20270721,1,20270722,1,20270723,1,20270726,1,20270727,1,20270728,1,20270729,1,20270730,1,20270802,1,20270803,1,20270804,1,20270805,1,20270806,1,20270809,1,20270810,1,20270811,1,20270812,1,20270813,1,20270816,1,20270817,1,20270818,1,20270819,1,20270820,1,20270823,1,20270824,1,20270825,1,20270826,1,20270827,1,20270830,1,20270831,1,20270901,1,20270902,1,20270903,1,20270906,1,20270907,1,20270908,1,20270909,1,20270910,1,20270913,1,20270914,1,20270915,1,20270916,1,20270917,1,20270920,1,20270921,1,20270922,1,20270923,1,20270924,1
'1412574',20260924,1,20260925,1,20260928,1,20260929,1,20260930,1,20261001,1,20261002,1,20261005,1,20261006,1,20261007,1,20261008,1,20261009,1,20261012,1,20261013,1,20261014,1,20261015,1,20261016,1,20261019,1,20261020,1,20261021,1,20261022,1,20261023,1,20261026,1,20261027,1,20261028,1,20261029,1,20261030,1,20261102,1,20261103,1,20261104,1,20261105,1,20261106,1,20261109,1,20261110,1,20261111,1,20261112,1,20261113,1,20261116,1,20261117,1,20261118,1,20261119,1,20261120,1,20261123,1,20261124,1,20261125,1,20261126,1,20261127,1,20261130,1,20261201,1,20261202,1,20261203,1,20261204,1,20261207,1,20261208,1,20261209,1,20261210,1,20261211,1,20261214,1,20261215,1,20261216,1,20261217,1,20261218,1,20261221,1,20261222,1,20261223,1,20261224,1,20261225,1,20261228,1,20261229,1,20261230,1,20261231,1,20270101,1,20270104,1,20270105,1,20270106,1,20270107,1,20270108,1,20270111,1,20270112,1,20270113,1,20270114,1,20270115,1,20270118,1,20270119,1,20270120,1,20270121,1,20270122,1,20270125,1,20270126,1,20270127,1,20270128,1,20270129,1,20270201,1,20270202,1,20270203,1,20270204,1,20270205,1,20270208,1,20270209,1,20270210,1,20270211,1,20270212,1,20270215,1,20270216,1,20270217,1,20270218,1,20270219,1,20270222,1,20270223,1,20270224,1,20270225,1,20270226,1,20270301,1,20270302,1,20270303,1,20270304,1,20270305,1,20270308,1,20270309,1,20270310,1,20270311,1,20270312,1,20270315,1,20270316,1,20270317,1,20270318,1,20270319,1,20270322,1,20270323,1,20270324,1,20270325,1,20270326,1,20270329,1,20270330,1,20270331,1,20270401,1,20270402,1,20270405,1,20270406,1,20270407,1,20270408,1,20270409,1,20270412,1,20270413,1,20270414,1,20270415,1,20270416,1,20270419,1,20270420,1,20270421,1,20270422,1,20270423,1,20270426,1,20270427,1,20270428,1,20270429,1,20270430,1,20270503,1,20270504,1,20270505,1,20270506,1,20270507,1,20270510,1,20270511,1,20270512,1,20270513,1,20270514,1,20270517,1,20270518,1,20270519,1,20270520,1,20270521,1,20270524,1,20270525,1,20270526,1,20270527,1,20270528,1,20270531,1,20270601,1,20270602,1,20270603,1,20270604,1,20270607,1,20270608,1,20270609,1,20270610,1,20270611,1,20270614,1,20270615,1,20270616,1,20270617,1,20270618,1,20270621,1,20270622,1,20270623,1,20270624,1,20270625,1,20270628,1,20270629,1,20270630,1,20270701,1,20270702,1,20270705,1,20270706,1,20270707,1,20270708,1,20270709,1,20270712,1,20270713,1,20270714,1,20270715,1,20270716,1,20270719,1,20270720,1,20270721,1,20270722,1,20270723,1,20270726,1,20270727,1,20270728,1,20270729,1,20270730,1,20270802,1,20270803,1,20270804,1,20270805,1,20270806,1,20270809,1,20270810,1,20270811,1,20270812,1,20270813,1,20270816,1,20270817,1,20270818,1,20270819,1,20270820,1,20270823,1,20270824,1,20270825,1,20270826,1,20270827,1,20270830,1,20270831,1,20270901,1,20270902,1,20270903,1,20270906,1,20270907,1,20270908,1,20270909,1,20270910,1,20270913,1,20270914,1,20270915,1,20270916,1,20270917,1,20270920,1,20270921,1,20270922,1,20270923,1,20270924,1
'1412586',20260924,1,20260925,1,20260928,1,20260929,1,20260930,1,20261001,1,20261002,1,20261005,1,20261006,1,20261007,1,20261008,1,20261009,1,20261012,1,20261013,1,20261014,1,20261015,1,20261016,1,20261019,1,20261020,1,20261021,1,20261022,1,20261023,1,20261026,1,20261027,1,20261028,1,20261029,1,20261030,1,20261102,1,20261103,1,20261104,1,20261105,1,20261106,1,20261109,1,20261110,1,20261111,1,20261112,1,20261113,1,20261116,1,20261117,1,20261118,1,20261119,1,20261120,1,20261123,1,20261124,1,20261125,1,20261126,1,20261127,1,20261130,1,20261201,1,20261202,1,20261203,1,20261204,1,20261207,1,20261208,1,20261209,1,20261210,1,20261211,1,20261214,1,20261215,1,20261216,1,20261217,1,20261218,1,20261221,1,20261222,1,20261223,1,20261224,1,20261225,1,20261228,1,20261229,1,20261230,1,20261231,1,20270101,1,20270104,1,20270105,1,20270106,1,20270107,1,20270108,1,20270111,1,20270112,1,20270113,1,20270114,1,20270115,1,20270118,1,20270119,1,20270120,1,20270121,1,20270122,1,20270125,1,20270126,1,20270127,1,20270128,1,20270129,1,20270201,1,20270202,1,20270203,1,20270204,1,20270205,1,20270208,1,20270209,1,20270210,1,20270211,1,20270212,1,20270215,1,20270216,1,20270217,1,20270218,1,20270219,1,20270222,1,20270223,1,20270224,1,20270225,1,20270226,1,20270301,1,20270302,1,20270303,1,20270304,1,20270305,1,20270308,1,20270309,1,20270310,1,20270311,1,20270312,1,20270315,1,20270316,1,20270317,1,20270318,1,20270319,1,20270322,1,20270323,1,20270324,1,20270325,1,20270326,1,20270329,1,20270330,1,20270331,1,20270401,1,20270402,1,20270405,1,20270406,1,20270407,1,20270408,1,20270409,1,20270412,1,20270413,1,20270414,1,20270415,1,20270416,1,20270419,1,20270420,1,20270421,1,20270422,1,20270423,1,20270426,1,20270427,1,20270428,1,20270429,1,20270430,1,20270503,1,20270504,1,20270505,1,20270506,1,20270507,1,20270510,1,20270511,1,20270512,1,20270513,1,20270514,1,20270517,1,20270518,1,20270519,1,20270520,1,20270521,1,20270524,1,20270525,1,20270526,1,20270527,1,20270528,1,20270531,1,20270601,1,20270602,1,20270603,1,20270604,1,20270607,1,20270608,1,20270609,1,20270610,1,20270611,1,20270614,1,20270615,1,20270616,1,20270617,1,20270618,1,20270621,1,20270622,1,20270623,1,20270624,1,20270625,1,20270628,1,20270629,1,20270630,1,20270701,1,20270702,1,20270705,1,20270706,1,20270707,1,20270708,1,20270709,1,20270712,1,20270713,1,20270714,1,20270715,1,20270716,1,20270719,1,20270720,1,20270721,1,20270722,1,20270723,1,20270726,1,20270727,1,20270728,1,20270729,1,20270730,1,20270802,1,20270803,1,20270804,1,20270805,1,20270806,1,20270809,1,20270810,1,20270811,1,20270812,1,20270813,1,20270816,1,20270817,1,20270818,1,20270819,1,20270820,1,20270823,1,20270824,1,20270825,1,20270826,1,20270827,1,20270830,1,20270831,1,20270901,1,20270902,1,20270903,1,20270906,1,20270907,1,20270908,1,20270909,1,20270910,1,20270913,1,20270914,1,20270915,1,20270916,1,20270917,1,20270920,1,20270921,1,20270922,1,20270923,1,20270924,1
'1412633',20260924,1,20260925,1,20260928,1,20260929,1,20260930,1,20261001,1,20261002,1,20261005,1,20261006,1,20261007,1,20261008,1,20261009,1,20261012,1,20261013,1,20261014,1,20261015,1,20261016,1,20261019,1,20261020,1,20261021,1,20261022,1,20261023,1,20261026,1,20261027,1,20261028,1,20261029,1,20261030,1,20261102,1,20261103,1,20261104,1,20261105,1,20261106,1,20261109,1,20261110,1,20261111,1,20261112,1,20261113,1,20261116,1,20261117,1,20261118,1,20261119,1,20261120,1,20261123,1,20261124,1,20261125,1,20261126,1,20261127,1,20261130,1,20261201,1,20261202,1,20261203,1,20261204,1,20261207,1,20261208,1,20261209,1,20261210,1,20261211,1,20261214,1,20261215,1,20261216,1,20261217,1,20261218,1,20261221,1,20261222,1,20261223,1,20261224,1,20261225,1,20261228,1,20261229,1,20261230,1,20261231,1,20270101,1,20270104,1,20270105,1,20270106,1,20270107,1,20270108,1,20270111,1,20270112,1,20270113,1,20270114,1,20270115,1,20270118,1,20270119,1,20270120,1,20270121,1,20270122,1,20270125,1,20270126,1,20270127,1,20270128,1,20270129,1,20270201,1,20270202,1,20270203,1,20270204,1,20270205,1,20270208,1,20270209,1,20270210,1,20270211,1,20270212,1,20270215,1,20270216,1,20270217,1,20270218,1,20270219,1,20270222,1,20270223,1,20270224,1,20270225,1,20270226,1,20270301,1,20270302,1,20270303,1,20270304,1,20270305,1,20270308,1,20270309,1,20270310,1,20270311,1,20270312,1,20270315,1,20270316,1,20270317,1,20270318,1,20270319,1,20270322,1,20270323,1,20270324,1,20270325,1,20270326,1,20270329,1,20270330,1,20270331,1,20270401,1,20270402,1,20270405,1,20270406,1,20270407,1,20270408,1,20270409,1,20270412,1,20270413,1,20270414,1,20270415,1,20270416,1,20270419,1,20270420,1,20270421,1,20270422,1,20270423,1,20270426,1,20270427,1,20270428,1,20270429,1,20270430,1,20270503,1,20270504,1,20270505,1,20270506,1,20270507,1,20270510,1,20270511,1,20270512,1,20270513,1,20270514,1,20270517,1,20270518,1,20270519,1,20270520,1,20270521,1,20270524,1,20270525,1,20270526,1,20270527,1,20270528,1,20270531,1,20270601,1,20270602,1,20270603,1,20270604,1,20270607,1,20270608,1,20270609,1,20270610,1,20270611,1,20270614,1,20270615,1,20270616,1,20270617,1,20270618,1,20270621,1,20270622,1,20270623,1,20270624,1,20270625,1,20270628,1,20270629,1,20270630,1,20270701,1,20270702,1,20270705,1,20270706,1,20270707,1,20270708,1,20270709,1,20270712,1,20270713,1,20270714,1,20270715,1,20270716,1,20270719,1,20270720,1,20270721,1,20270722,1,20270723,1,20270726,1,20270727,1,20270728,1,20270729,1,20270730,1,20270802,1,20270803,1,20270804,1,20270805,1,20270806,1,20270809,1,20270810,1,20270811,1,20270812,1,20270813,1,20270816,1,20270817,1,20270818,1,20270819,1,20270820,1,20270823,1,20270824,1,20270825,1,20270826,1,20270827,1,20270830,1,20270831,1,20270901,1,20270902,1,20270903,1,20270906,1,20270907,1,20270908,1,20270909,1,20270910,1,20270913,1,20270914,1,20270915,1,20270916,1,20270917,1,20270920,1,20270921,1,20270922,1,20270923,1,20270924,1
'1412654',20260924,1,20260925,1,20260928,1,20260929,1,20260930,1,20261001,1,20261002,1,20261005,1,20261006,1,20261007,1,20261008,1,20261009,1,20261012,1,20261013,1,20261014,1,20261015,1,20261016,1,20261019,1,20261020,1,20261021,1,20261022,1,20261023,1,20261026,1,20261027,1,20261028,1,20261029,1,20261030,1,20261102,1,20261103,1,20261104,1,20261105,1,20261106,1,20261109,1,20261110,1,20261111,1,20261112,1,20261113,1,20261116,1,20261117,1,20261118,1,20261119,1,20261120,1,20261123,1,20261124,1,20261125,1,20261126,1,20261127,1,20261130,1,20261201,1,20261202,1,20261203,1,20261204,1,20261207,1,20261208,1,20261209,1,20261210,1,20261211,1,20261214,1,20261215,1,20261216,1,20261217,1,20261218,1,20261221,1,20261222,1,20261223,1,20261224,1,20261225,1,20261228,1,20261229,1,20261230,1,20261231,1,20270101,1,20270104,1,20270105,1,20270106,1,20270107,1,20270108,1,20270111,1,20270112,1,20270113,1,20270114,1,20270115,1,20270118,1,20270119,1,20270120,1,20270121,1,20270122,1,20270125,1,20270126,1,20270127,1,20270128,1,20270129,1,20270201,1,20270202,1,20270203,1,20270204,1,20270205,1,20270208,1,20270209,1,20270210,1,20270211,1,20270212,1,20270215,1,20270216,1,20270217,1,20270218,1,20270219,1,20270222,1,20270223,1,20270224,1,20270225,1,20270226,1,20270301,1,20270302,1,20270303,1,20270304,1,20270305,1,20270308,1,20270309,1,20270310,1,20270311,1,20270312,1,20270315,1,20270316,1,20270317,1,20270318,1,20270319,1,20270322,1,20270323,1,20270324,1,20270325,1,20270326,1,20270329,1,20270330,1,20270331,1,20270401,1,20270402,1,20270405,1,20270406,1,20270407,1,20270408,1,20270409,1,20270412,1,20270413,1,20270414,1,20270415,1,20270416,1,20270419,1,20270420,1,20270421,1,20270422,1,20270423,1,20270426,1,20270427,1,20270428,1,20270429,1,20270430,1,20270503,1,20270504,1,20270505,1,20270506,1,20270507,1,20270510,1,20270511,1,20270512,1,20270513,1,20270514,1,20270517,1,20270518,1,20270519,1,20270520,1,20270521,1,20270524,1,20270525,1,20270526,1,20270527,1,20270528,1,20270531,1,20270601,1,20270602,1,20270603,1,20270604,1,20270607,1,20270608,1,20270609,1,20270610,1,20270611,1,20270614,1,20270615,1,20270616,1,20270617,1,20270618,1,20270621,1,20270622,1,20270623,1,20270624,1,20270625,1,20270628,1,20270629,1,20270630,1,20270701,1,20270702,1,20270705,1,20270706,1,20270707,1,20270708,1,20270709,1,20270712,1,20270713,1,20270714,1,20270715,1,20270716,1,20270719,1,20270720,1,20270721,1,20270722,1,20270723,1,20270726,1,20270727,1,20270728,1,20270729,1,20270730,1,20270802,1,20270803,1,20270804,1,20270805,1,20270806,1,20270809,1,20270810,1,20270811,1,20270812,1,20270813,1,20270816,1,20270817,1,20270818,1,20270819,1,20270820,1,20270823,1,20270824,1,20270825,1,20270826,1,20270827,1,20270830,1,20270831,1,20270901,1,20270902,1,20270903,1,20270906,1,20270907,1,20270908,1,20270909,1,20270910,1,20270913,1,20270914,1,20270915,1,20270916,1,20270917,1,20270920,1,20270921,1,20270922,1,20270923,1,20270924,1
'1412663',20260924,1,20260925,1,20260928,1,20260929,1,20260930,1,20261001,1,20261002,1,20261005,1,20261006,1,20261007,1,20261008,1,20261009,1,20261012,1,20261013,1,20261014,1,20261015,1,20261016,1,20261019,1,20261020,1,20261021,1,20261022,1,20261023,1,20261026,1,20261027,1,20261028,1,20261029,1,20261030,1,20261102,1,20261103,1,20261104,1,20261105,1,20261106,1,20261109,1,20261110,1,20261111,1,20261112,1,20261113,1,20261116,1,20261117,1,20261118,1,20261119,1,20261120,1,20261123,1,20261124,1,20261125,1,20261126,1,20261127,1,20261130,1,20261201,1,20261202,1,20261203,1,20261204,1,20261207,1,20261208,1,20261209,1,20261210,1,20261211,1,20261214,1,20261215,1,20261216,1,20261217,1,20261218,1,20261221,1,20261222,1,20261223,1,20261224,1,20261225,1,20261228,1,20261229,1,20261230,1,20261231,1,20270101,1,20270104,1,20270105,1,20270106,1,20270107,1,20270108,1,20270111,1,20270112,1,20270113,1,20270114,1,20270115,1,20270118,1,20270119,1,20270120,1,20270121,1,20270122,1,20270125,1,20270126,1,20270127,1,20270128,1,20270129,1,20270201,1,20270202,1,20270203,1,20270204,1,20270205,1,20270208,1,20270209,1,20270210,1,20270211,1,20270212,1,20270215,1,20270216,1,20270217,1,20270218,1,20270219,1,20270222,1,20270223,1,20270224,1,20270225,1,20270226,1,20270301,1,20270302,1,20270303,1,20270304,1,20270305,1,20270308,1,20270309,1,20270310,1,20270311,1,20270312,1,20270315,1,20270316,1,20270317,1,20270318,1,20270319,1,20270322,1,20270323,1,20270324,1,20270325,1,20270326,1,20270329,1,20270330,1,20270331,1,20270401,1,20270402,1,20270405,1,20270406,1,20270407,1,20270408,1,20270409,1,20270412,1,20270413,1,20270414,1,20270415,1,20270416,1,20270419,1,20270420,1,20270421,1,20270422,1,20270423,1,20270426,1,20270427,1,20270428,1,20270429,1,20270430,1,20270503,1,20270504,1,20270505,1,20270506,1,20270507,1,20270510,1,20270511,1,20270512,1,20270513,1,20270514,1,20270517,1,20270518,1,20270519,1,20270520,1,20270521,1,20270524,1,20270525,1,20270526,1,20270527,1,20270528,1,20270531,1,20270601,1,20270602,1,20270603,1,20270604,1,20270607,1,20270608,1,20270609,1,20270610,1,20270611,1,20270614,1,20270615,1,20270616,1,20270617,1,20270618,1,20270621,1,20270622,1,20270623,1,20270624,1,20270625,1,20270628,1,20270629,1,20270630,1,20270701,1,20270702,1,20270705,1,20270706,1,20270707,1,20270708,1,20270709,1,20270712,1,20270713,1,20270714,1,20270715,1,20270716,1,20270719,1,20270720,1,20270721,1,20270722,1,20270723,1,20270726,1,20270727,1,20270728,1,20270729,1,20270730,1,20270802,1,20270803,1,20270804,1,20270805,1,20270806,1,20270809,1,20270810,1,20270811,1,20270812,1,20270813,1,20270816,1,20270817,1,20270818,1,20270819,1,20270820,1,20270823,1,20270824,1,20270825,1,20270826,1,20270827,1,20270830,1,20270831,1,20270901,1,20270902,1,20270903,1,20270906,1,20270907,1,20270908,1,20270909,1,20270910,1,20270913,1,20270914,1,20270915,1,20270916,1,20270917,1,20270920,1,20270921,1,20270922,1,20270923,1,20270924,1
'1412719',20260924,1,20260925,1,20260928,1,20260929,1,20260930,1,20261001,1,20261002,1,20261005,1,20261006,1,20261007,1,20261008,1,20261009,1,20261012,1,20261013,1,20261014,1,20261015,1,20261016,1,20261019,1,20261020,1,20261021,1,20261022,1,20261023,1,20261026,1,20261027,1,20261028,1,20261029,1,20261030,1,20261102,1,20261103,1,20261104,1,20261105,1,20261106,1,20261109,1,20261110,1,20261111,1,20261112,1,20261113,1,20261116,1,20261117,1,20261118,1,20261119,1,20261120,1,20261123,1,20261124,1,20261125,1,20261126,1,20261127,1,20261130,1,20261201,1,20261202,1,20261203,1,20261204,1,20261207,1,20261208,1,20261209,1,20261210,1,20261211,1,20261214,1,20261215,1,20261216,1,20261217,1,20261218,1,20261221,1,20261222,1,20261223,1,20261224,1,20261225,1,20261228,1,20261229,1,20261230,1,20261231,1,20270101,1,20270104,1,20270105,1,20270106,1,20270107,1,20270108,1,20270111,1,20270112,1,20270113,1,20270114,1,20270115,1,20270118,1,20270119,1,20270120,1,20270121,1,20270122,1,20270125,1,20270126,1,20270127,1,20270128,1,20270129,1,20270201,1,20270202,1,20270203,1,20270204,1,20270205,1,20270208,1,20270209,1,20270210,1,20270211,1,20270212,1,20270215,1,20270216,1,20270217,1,20270218,1,20270219,1,20270222,1,20270223,1,20270224,1,20270225,1,20270226,1,20270301,1,20270302,1,20270303,1,20270304,1,20270305,1,20270308,1,20270309,1,20270310,1,20270311,1,20270312,1,20270315,1,20270316,1,20270317,1,20270318,1,20270319,1,20270322,1,20270323,1,20270324,1,20270325,1,20270326,1,20270329,1,20270330,1,20270331,1,20270401,1,20270402,1,20270405,1,20270406,1,20270407,1,20270408,1,20270409,1,20270412,1,20270413,1,20270414,1,20270415,1,20270416,1,20270419,1,20270420,1,20270421,1,20270422,1,20270423,1,20270426,1,20270427,1,20270428,1,20270429,1,20270430,1,20270503,1,20270504,1,20270505,1,20270506,1,20270507,1,20270510,1,20270511,1,20270512,1,20270513,1,20270514,1,20270517,1,20270518,1,20270519,1,20270520,1,20270521,1,20270524,1,20270525,1,20270526,1,20270527,1,20270528,1,20270531,1,20270601,1,20270602,1,20270603,1,20270604,1,20270607,1,20270608,1,20270609,1,20270610,1,20270611,1,20270614,1,20270615,1,20270616,1,20270617,1,20270618,1,20270621,1,20270622,1,20270623,1,20270624,1,20270625,1,20270628,1,20270629,1,20270630,1,20270701,1,20270702,1,20270705,1,20270706,1,20270707,1,20270708,1,20270709,1,20270712,1,20270713,1,20270714,1,20270715,1,20270716,1,20270719,1,20270720,1,20270721,1,20270722,1,20270723,1,20270726,1,20270727,1,20270728,1,20270729,1,20270730,1,20270802,1,20270803,1,20270804,1,20270805,1,20270806,1,20270809,1,20270810,1,20270811,1,20270812,1,20270813,1,20270816,1,20270817,1,20270818,1,20270819,1,20270820,1,20270823,1,20270824,1,20270825,1,20270826,1,20270827,1,20270830,1,20270831,1,20270901,1,20270902,1,20270903,1,20270906,1,20270907,1,20270908,1,20270909,1,20270910,1,20270913,1,20270914,1,20270915,1,20270916,1,20270917,1,20270920,1,20270921,1,20270922,1,20270923,1,20270924,1
'1412861',20260924,1,20260925,1,20260928,1,20260929,1,20260930,1,20261001,1,20261002,1,20261005,1,20261006,1,20261007,1,20261008,1,20261009,1,20261012,1,20261013,1,20261014,1,20261015,1,20261016,1,20261019,1,20261020,1,20261021,1,20261022,1,20261023,1,20261026,1,20261027,1,20261028,1,20261029,1,20261030,1,20261102,1,20261103,1,20261104,1,20261105,1,20261106,1,20261109,1,20261110,1,20261111,1,20261112,1,20261113,1,20261116,1,20261117,1,20261118,1,20261119,1,20261120,1,20261123,1,20261124,1,20261125,1,20261126,1,20261127,1,20261130,1,20261201,1,20261202,1,20261203,1,20261204,1,20261207,1,20261208,1,20261209,1,20261210,1,20261211,1,20261214,1,20261215,1,20261216,1,20261217,1,20261218,1,20261221,1,20261222,1,20261223,1,20261224,1,20261225,1,20261228,1,20261229,1,20261230,1,20261231,1,20270101,1,20270104,1,20270105,1,20270106,1,20270107,1,20270108,1,20270111,1,20270112,1,20270113,1,20270114,1,20270115,1,20270118,1,20270119,1,20270120,1,20270121,1,20270122,1,20270125,1,20270126,1,20270127,1,20270128,1,20270129,1,20270201,1,20270202,1,20270203,1,20270204,1,20270205,1,20270208,1,20270209,1,20270210,1,20270211,1,20270212,1,20270215,1,20270216,1,20270217,1,20270218,1,20270219,1,20270222,1,20270223,1,20270224,1,20270225,1,20270226,1,20270301,1,20270302,1,20270303,1,20270304,1,20270305,1,20270308,1,20270309,1,20270310,1,20270311,1,20270312,1,20270315,1,20270316,1,20270317,1,20270318,1,20270319,1,20270322,1,20270323,1,20270324,1,20270325,1,20270326,1,20270329,1,20270330,1,20270331,1,20270401,1,20270402,1,20270405,1,20270406,1,20270407,1,20270408,1,20270409,1,20270412,1,20270413,1,20270414,1,20270415,1,20270416,1,20270419,1,20270420,1,20270421,1,20270422,1,20270423,1,20270426,1,20270427,1,20270428,1,20270429,1,20270430,1,20270503,1,20270504,1,20270505,1,20270506,1,20270507,1,20270510,1,20270511,1,20270512,1,20270513,1,20270514,1,20270517,1,20270518,1,20270519,1,20270520,1,20270521,1,20270524,1,20270525,1,20270526,1,20270527,1,20270528,1,20270531,1,20270601,1,20270602,1,20270603,1,20270604,1,20270607,1,20270608,1,20270609,1,20270610,1,20270611,1,20270614,1,20270615,1,20270616,1,20270617,1,20270618,1,20270621,1,20270622,1,20270623,1,20270624,1,20270625,1,20270628,1,20270629,1,20270630,1,20270701,1,20270702,1,20270705,1,20270706,1,20270707,1,20270708,1,20270709,1,20270712,1,20270713,1,20270714,1,20270715,1,20270716,1,20270719,1,20270720,1,20270721,1,20270722,1,20270723,1,20270726,1,20270727,1,20270728,1,20270729,1,20270730,1,20270802,1,20270803,1,20270804,1,20270805,1,20270806,1,20270809,1,20270810,1,20270811,1,20270812,1,20270813,1,20270816,1,20270817,1,20270818,1,20270819,1,20270820,1,20270823,1,20270824,1,20270825,1,20270826,1,20270827,1,20270830,1,20270831,1,20270901,1,20270902,1,20270903,1,20270906,1,20270907,1,20270908,1,20270909,1,20270910,1,20270913,1,20270914,1,20270915,1,20270916,1,20270917,1,20270920,1,20270921,1,20270922,1,20270923,1,20270924,1
'1412867',20260924,1,20260925,1,20260928,1,20260929,1,20260930,1,20261001,1,20261002,1,20261005,1,20261006,1,20261007,1,20261008,1,20261009,1,20261012,1,20261013,1,20261014,1,20261015,1,20261016,1,20261019,1,20261020,1,20261021,1,20261022,1,20261023,1,20261026,1,20261027,1,20261028,1,20261029,1,20261030,1,20261102,1,20261103,1,20261104,1,20261105,1,20261106,1,20261109,1,20261110,1,20261111,1,20261112,1,20261113,1,20261116,1,20261117,1,20261118,1,20261119,1,20261120,1,20261123,1,20261124,1,20261125,1,20261126,1,20261127,1,20261130,1,20261201,1,20261202,1,20261203,1,20261204,1,20261207,1,20261208,1,20261209,1,20261210,1,20261211,1,20261214,1,20261215,1,20261216,1,20261217,1,20261218,1,20261221,1,20261222,1,20261223,1,20261224,1,20261225,1,20261228,1,20261229,1,20261230,1,20261231,1,20270101,1,20270104,1,20270105,1,20270106,1,20270107,1,20270108,1,20270111,1,20270112,1,20270113,1,20270114,1,20270115,1,20270118,1,20270119,1,20270120,1,20270121,1,20270122,1,20270125,1,20270126,1,20270127,1,20270128,1,20270129,1,20270201,1,20270202,1,20270203,1,20270204,1,20270205,1,20270208,1,20270209,1,20270210,1,20270211,1,20270212,1,20270215,1,20270216,1,20270217,1,20270218,1,20270219,1,20270222,1,20270223,1,20270224,1,20270225,1,20270226,1,20270301,1,20270302,1,20270303,1,20270304,1,20270305,1,20270308,1,20270309,1,20270310,1,20270311,1,20270312,1,20270315,1,20270316,1,20270317,1,20270318,1,20270319,1,20270322,1,20270323,1,20270324,1,20270325,1,20270326,1,20270329,1,20270330,1,20270331,1,20270401,1,20270402,1,20270405,1,20270406,1,20270407,1,20270408,1,20270409,1,20270412,1,20270413,1,20270414,1,20270415,1,20270416,1,20270419,1,20270420,1,20270421,1,20270422,1,20270423,1,20270426,1,20270427,1,20270428,1,20270429,1,20270430,1,20270503,1,20270504,1,20270505,1,20270506,1,20270507,1,20270510,1,20270511,1,20270512,1,20270513,1,20270514,1,20270517,1,20270518,1,20270519,1,20270520,1,20270521,1,20270524,1,20270525,1,20270526,1,20270527,1,20270528,1,20270531,1,20270601,1,20270602,1,20270603,1,20270604,1,20270607,1,20270608,1,20270609,1,20270610,1,20270611,1,20270614,1,20270615,1,20270616,1,20270617,1,20270618,1,20270621,1,20270622,1,20270623,1,20270624,1,20270625,1,20270628,1,20270629,1,20270630,1,20270701,1,20270702,1,20270705,1,20270706,1,20270707,1,20270708,1,20270709,1,20270712,1,20270713,1,20270714,1,20270715,1,20270716,1,20270719,1,20270720,1,20270721,1,20270722,1,20270723,1,20270726,1,20270727,1,20270728,1,20270729,1,20270730,1,20270802,1,20270803,1,20270804,1,20270805,1,20270806,1,20270809,1,20270810,1,20270811,1,20270812,1,20270813,1,20270816,1,20270817,1,20270818,1,20270819,1,20270820,1,20270823,1,20270824,1,20270825,1,20270826,1,20270827,1,20270830,1,20270831,1,20270901,1,20270902,1,20270903,1,20270906,1,20270907,1,20270908,1,20270909,1,20270910,1,20270913,1,20270914,1,20270915,1,20270916,1,20270917,1,20270920,1,20270921,1,20270922,1,20270923,1,20270924,1
'1412927',20260924,1,20260925,1,20260928,1,20260929,1,20260930,1,20261001,1,20261002,1,20261005,1,20261006,1,20261007,1,20261008,1,20261009,1,20261012,1,20261013,1,20261014,1,20261015,1,20261016,1,20261019,1,20261020,1,20261021,1,20261022,1,20261023,1,20261026,1,20261027,1,20261028,1,20261029,1,20261030,1,20261102,1,20261103,1,20261104,1,20261105,1,20261106,1,20261109,1,20261110,1,20261111,1,20261112,1,20261113,1,20261116,1,20261117,1,20261118,1,20261119,1,20261120,1,20261123,1,20261124,1,20261125,1,20261126,1,20261127,1,20261130,1,20261201,1,20261202,1,20261203,1,20261204,1,20261207,1,20261208,1,20261209,1,20261210,1,20261211,1,20261214,1,20261215,1,20261216,1,20261217,1,20261218,1,20261221,1,20261222,1,20261223,1,20261224,1,20261225,1,20261228,1,20261229,1,20261230,1,20261231,1,20270101,1,20270104,1,20270105,1,20270106,1,20270107,1,20270108,1,20270111,1,20270112,1,20270113,1,20270114,1,20270115,1,20270118,1,20270119,1,20270120,1,20270121,1,20270122,1,20270125,1,20270126,1,20270127,1,20270128,1,20270129,1,20270201,1,20270202,1,20270203,1,20270204,1,20270205,1,20270208,1,20270209,1,20270210,1,20270211,1,20270212,1,20270215,1,20270216,1,20270217,1,20270218,1,20270219,1,20270222,1,20270223,1,20270224,1,20270225,1,20270226,1,20270301,1,20270302,1,20270303,1,20270304,1,20270305,1,20270308,1,20270309,1,20270310,1,20270311,1,20270312,1,20270315,1,20270316,1,20270317,1,20270318,1,20270319,1,20270322,1,20270323,1,20270324,1,20270325,1,20270326,1,20270329,1,20270330,1,20270331,1,20270401,1,20270402,1,20270405,1,20270406,1,20270407,1,20270408,1,20270409,1,20270412,1,20270413,1,20270414,1,20270415,1,20270416,1,20270419,1,20270420,1,20270421,1,20270422,1,20270423,1,20270426,1,20270427,1,20270428,1,20270429,1,20270430,1,20270503,1,20270504,1,20270505,1,20270506,1,20270507,1,20270510,1,20270511,1,20270512,1,20270513,1,20270514,1,20270517,1,20270518,1,20270519,1,20270520,1,20270521,1,20270524,1,20270525,1,20270526,1,20270527,1,20270528,1,20270531,1,20270601,1,20270602,1,20270603,1,20270604,1,20270607,1,20270608,1,20270609,1,20270610,1,20270611,1,20270614,1,20270615,1,20270616,1,20270617,1,20270618,1,20270621,1,20270622,1,20270623,1,20270624,1,20270625,1,20270628,1,20270629,1,20270630,1,20270701,1,20270702,1,20270705,1,20270706,1,20270707,1,20270708,1,20270709,1,20270712,1,20270713,1,20270714,1,20270715,1,20270716,1,20270719,1,20270720,1,20270721,1,20270722,1,20270723,1,20270726,1,20270727,1,20270728,1,20270729,1,20270730,1,20270802,1,20270803,1,20270804,1,20270805,1,20270806,1,20270809,1,20270810,1,20270811,1,20270812,1,20270813,1,20270816,1,20270817,1,20270818,1,20270819,1,20270820,1,20270823,1,20270824,1,20270825,1,20270826,1,20270827,1,20270830,1,20270831,1,20270901,1,20270902,1,20270903,1,20270906,1,20270907,1,20270908,1,20270909,1,20270910,1,20270913,1,20270914,1,20270915,1,20270916,1,20270917,1,20270920,1,20270921,1,20270922,1,20270923,1,20270924,1
'1413018',20260924,1,20260925,1,20260928,1,20260929,1,20260930,1,20261001,1,20261002,1,20261005,1,20261006,1,20261007,1,20261008,1,20261009,1,20261012,1,20261013,1,20261014,1,20261015,1,20261016,1,20261019,1,20261020,1,20261021,1,20261022,1,20261023,1,20261026,1,20261027,1,20261028,1,20261029,1,20261030,1,20261102,1,20261103,1,20261104,1,20261105,1,20261106,1,20261109,1,20261110,1,20261111,1,20261112,1,20261113,1,20261116,1,20261117,1,20261118,1,20261119,1,20261120,1,20261123,1,20261124,1,20261125,1,20261126,1,20261127,1,20261130,1,20261201,1,20261202,1,20261203,1,20261204,1,20261207,1,20261208,1,20261209,1,20261210,1,20261211,1,20261214,1,20261215,1,20261216,1,20261217,1,20261218,1,20261221,1,20261222,1,20261223,1,20261224,1,20261225,1,20261228,1,20261229,1,20261230,1,20261231,1,20270101,1,20270104,1,20270105,1,20270106,1,20270107,1,20270108,1,20270111,1,20270112,1,20270113,1,20270114,1,20270115,1,20270118,1,20270119,1,20270120,1,20270121,1,20270122,1,20270125,1,20270126,1,20270127,1,20270128,1,20270129,1,20270201,1,20270202,1,20270203,1,20270204,1,20270205,1,20270208,1,20270209,1,20270210,1,20270211,1,20270212,1,20270215,1,20270216,1,20270217,1,20270218,1,20270219,1,20270222,1,20270223,1,20270224,1,20270225,1,20270226,1,20270301,1,20270302,1,20270303,1,20270304,1,20270305,1,20270308,1,20270309,1,20270310,1,20270311,1,20270312,1,20270315,1,20270316,1,20270317,1,20270318,1,20270319,1,20270322,1,20270323,1,20270324,1,20270325,1,20270326,1,20270329,1,20270330,1,20270331,1,20270401,1,20270402,1,20270405,1,20270406,1,20270407,1,20270408,1,20270409,1,20270412,1,20270413,1,20270414,1,20270415,1,20270416,1,20270419,1,20270420,1,20270421,1,20270422,1,20270423,1,20270426,1,20270427,1,20270428,1,20270429,1,20270430,1,20270503,1,20270504,1,20270505,1,20270506,1,20270507,1,20270510,1,20270511,1,20270512,1,20270513,1,20270514,1,20270517,1,20270518,1,20270519,1,20270520,1,20270521,1,20270524,1,20270525,1,20270526,1,20270527,1,20270528,1,20270531,1,20270601,1,20270602,1,20270603,1,20270604,1,20270607,1,20270608,1,20270609,1,20270610,1,20270611,1,20270614,1,20270615,1,20270616,1,20270617,1,20270618,1,20270621,1,20270622,1,20270623,1,20270624,1,20270625,1,20270628,1,20270629,1,20270630,1,20270701,1,20270702,1,20270705,1,20270706,1,20270707,1,20270708,1,20270709,1,20270712,1,20270713,1,20270714,1,20270715,1,20270716,1,20270719,1,20270720,1,20270721,1,20270722,1,20270723,1,20270726,1,20270727,1,20270728,1,20270729,1,20270730,1,20270802,1,20270803,1,20270804,1,20270805,1,20270806,1,20270809,1,20270810,1,20270811,1,20270812,1,20270813,1,20270816,1,20270817,1,20270818,1,20270819,1,20270820,1,20270823,1,20270824,1,20270825,1,20270826,1,20270827,1,20270830,1,20270831,1,20270901,1,20270902,1,20270903,1,20270906,1,20270907,1,20270908,1,20270909,1,20270910,1,20270913,1,20270914,1,20270915,1,20270916,1,20270917,1,20270920,1,20270921,1,20270922,1,20270923,1,20270924,1
'1413058',20260924,1,20260925,1,20260928,1,20260929,1,20260930,1,20261001,1,20261002,1,20261005,1,20261006,1,20261007,1,20261008,1,20261009,1,20261012,1,20261013,1,20261014,1,20261015,1,20261016,1,20261019,1,20261020,1,20261021,1,20261022,1,20261023,1,20261026,1,20261027,1,20261028,1,20261029,1,20261030,1,20261102,1,20261103,1,20261104,1,20261105,1,20261106,1,20261109,1,20261110,1,20261111,1,20261112,1,20261113,1,20261116,1,20261117,1,20261118,1,20261119,1,20261120,1,20261123,1,20261124,1,20261125,1,20261126,1,20261127,1,20261130,1,20261201,1,20261202,1,20261203,1,20261204,1,20261207,1,20261208,1,20261209,1,20261210,1,20261211,1,20261214,1,20261215,1,20261216,1,20261217,1,20261218,1,20261221,1,20261222,1,20261223,1,20261224,1,20261225,1,20261228,1,20261229,1,20261230,1,20261231,1,20270101,1,20270104,1,20270105,1,20270106,1,20270107,1,20270108,1,20270111,1,20270112,1,20270113,1,20270114,1,20270115,1,20270118,1,20270119,1,20270120,1,20270121,1,20270122,1,20270125,1,20270126,1,20270127,1,20270128,1,20270129,1,20270201,1,20270202,1,20270203,1,20270204,1,20270205,1,20270208,1,20270209,1,20270210,1,20270211,1,20270212,1,20270215,1,20270216,1,20270217,1,20270218,1,20270219,1,20270222,1,20270223,1,20270224,1,20270225,1,20270226,1,20270301,1,20270302,1,20270303,1,20270304,1,20270305,1,20270308,1,20270309,1,20270310,1,20270311,1,20270312,1,20270315,1,20270316,1,20270317,1,20270318,1,20270319,1,20270322,1,20270323,1,20270324,1,20270325,1,20270326,1,20270329,1,20270330,1,20270331,1,20270401,1,20270402,1,20270405,1,20270406,1,20270407,1,20270408,1,20270409,1,20270412,1,20270413,1,20270414,1,20270415,1,20270416,1,20270419,1,20270420,1,20270421,1,20270422,1,20270423,1,20270426,1,20270427,1,20270428,1,20270429,1,20270430,1,20270503,1,20270504,1,20270505,1,20270506,1,20270507,1,20270510,1,20270511,1,20270512,1,20270513,1,20270514,1,20270517,1,20270518,1,20270519,1,20270520,1,20270521,1,20270524,1,20270525,1,20270526,1,20270527,1,20270528,1,20270531,1,20270601,1,20270602,1,20270603,1,20270604,1,20270607,1,20270608,1,20270609,1,20270610,1,20270611,1,20270614,1,20270615,1,20270616,1,20270617,1,20270618,1,20270621,1,20270622,1,20270623,1,20270624,1,20270625,1,20270628,1,20270629,1,20270630,1,20270701,1,20270702,1,20270705,1,20270706,1,20270707,1,20270708,1,20270709,1,20270712,1,20270713,1,20270714,1,20270715,1,20270716,1,20270719,1,20270720,1,20270721,1,20270722,1,20270723,1,20270726,1,20270727,1,20270728,1,20270729,1,20270730,1,20270802,1,20270803,1,20270804,1,20270805,1,20270806,1,20270809,1,20270810,1,20270811,1,20270812,1,20270813,1,20270816,1,20270817,1,20270818,1,20270819,1,20270820,1,20270823,1,20270824,1,20270825,1,20270826,1,20270827,1,20270830,1,20270831,1,20270901,1,20270902,1,20270903,1,20270906,1,20270907,1,20270908,1,20270909,1,20270910,1,20270913,1,20270914,1,20270915,1,20270916,1,20270917,1,20270920,1,20270921,1,20270922,1,20270923,1,20270924,1
'1413074',20260924,1,20260925,1,20260928,1,20260929,1,20260930,1,20261001,1,20261002,1,20261005,1,20261006,1,20261007,1,20261008,1,20261009,1,20261012,1,20261013,1,20261014,1,20261015,1,20261016,1,20261019,1,20261020,1,20261021,1,20261022,1,20261023,1,20261026,1,20261027,1,20261028,1,20261029,1,20261030,1,20261102,1,20261103,1,20261104,1,20261105,1,20261106,1,20261109,1,20261110,1,20261111,1,20261112,1,20261113,1,20261116,1,20261117,1,20261118,1,20261119,1,20261120,1,20261123,1,20261124,1,20261125,1,20261126,1,20261127,1,20261130,1,20261201,1,20261202,1,20261203,1,20261204,1,20261207,1,20261208,1,20261209,1,20261210,1,20261211,1,20261214,1,20261215,1,20261216,1,20261217,1,20261218,1,20261221,1,20261222,1,20261223,1,20261224,1,20261225,1,20261228,1,20261229,1,20261230,1,20261231,1,20270101,1,20270104,1,20270105,1,20270106,1,20270107,1,20270108,1,20270111,1,20270112,1,20270113,1,20270114,1,20270115,1,20270118,1,20270119,1,20270120,1,20270121,1,20270122,1,20270125,1,20270126,1,20270127,1,20270128,1,20270129,1,20270201,1,20270202,1,20270203,1,20270204,1,20270205,1,20270208,1,20270209,1,20270210,1,20270211,1,20270212,1,20270215,1,20270216,1,20270217,1,20270218,1,20270219,1,20270222,1,20270223,1,20270224,1,20270225,1,20270226,1,20270301,1,20270302,1,20270303,1,20270304,1,20270305,1,20270308,1,20270309,1,20270310,1,20270311,1,20270312,1,20270315,1,20270316,1,20270317,1,20270318,1,20270319,1,20270322,1,20270323,1,20270324,1,20270325,1,20270326,1,20270329,1,20270330,1,20270331,1,20270401,1,20270402,1,20270405,1,20270406,1,20270407,1,20270408,1,20270409,1,20270412,1,20270413,1,20270414,1,20270415,1,20270416,1,20270419,1,20270420,1,20270421,1,20270422,1,20270423,1,20270426,1,20270427,1,20270428,1,20270429,1,20270430,1,20270503,1,20270504,1,20270505,1,20270506,1,20270507,1,20270510,1,20270511,1,20270512,1,20270513,1,20270514,1,20270517,1,20270518,1,20270519,1,20270520,1,20270521,1,20270524,1,20270525,1,20270526,1,20270527,1,20270528,1,20270531,1,20270601,1,20270602,1,20270603,1,20270604,1,20270607,1,20270608,1,20270609,1,20270610,1,20270611,1,20270614,1,20270615,1,20270616,1,20270617,1,20270618,1,20270621,1,20270622,1,20270623,1,20270624,1,20270625,1,20270628,1,20270629,1,20270630,1,20270701,1,20270702,1,20270705,1,20270706,1,20270707,1,20270708,1,20270709,1,20270712,1,20270713,1,20270714,1,20270715,1,20270716,1,20270719,1,20270720,1,20270721,1,20270722,1,20270723,1,20270726,1,20270727,1,20270728,1,20270729,1,20270730,1,20270802,1,20270803,1,20270804,1,20270805,1,20270806,1,20270809,1,20270810,1,20270811,1,20270812,1,20270813,1,20270816,1,20270817,1,20270818,1,20270819,1,20270820,1,20270823,1,20270824,1,20270825,1,20270826,1,20270827,1,20270830,1,20270831,1,20270901,1,20270902,1,20270903,1,20270906,1,20270907,1,20270908,1,20270909,1,20270910,1,20270913,1,20270914,1,20270915,1,20270916,1,20270917,1,20270920,1,20270921,1,20270922,1,20270923,1,20270924,1
'1413172',20260924,1,20260925,1,20260928,1,20260929,1,20260930,1,20261001,1,20261002,1,20261005,1,20261006,1,20261007,1,20261008,1,20261009,1,20261012,1,20261013,1,20261014,1,20261015,1,20261016,1,20261019,1,20261020,1,20261021,1,20261022,1,20261023,1,20261026,1,20261027,1,20261028,1,20261029,1,20261030,1,20261102,1,20261103,1,20261104,1,20261105,1,20261106,1,20261109,1,20261110,1,20261111,1,20261112,1,20261113,1,20261116,1,20261117,1,20261118,1,20261119,1,20261120,1,20261123,1,20261124,1,20261125,1,20261126,1,20261127,1,20261130,1,20261201,1,20261202,1,20261203,1,20261204,1,20261207,1,20261208,1,20261209,1,20261210,1,20261211,1,20261214,1,20261215,1,20261216,1,20261217,1,20261218,1,20261221,1,20261222,1,20261223,1,20261224,1,20261225,1,20261228,1,20261229,1,20261230,1,20261231,1,20270101,1,20270104,1,20270105,1,20270106,1,20270107,1,20270108,1,20270111,1,20270112,1,20270113,1,20270114,1,20270115,1,20270118,1,20270119,1,20270120,1,20270121,1,20270122,1,20270125,1,20270126,1,20270127,1,20270128,1,20270129,1,20270201,1,20270202,1,20270203,1,20270204,1,20270205,1,20270208,1,20270209,1,20270210,1,20270211,1,20270212,1,20270215,1,20270216,1,20270217,1,20270218,1,20270219,1,20270222,1,20270223,1,20270224,1,20270225,1,20270226,1,20270301,1,20270302,1,20270303,1,20270304,1,20270305,1,20270308,1,20270309,1,20270310,1,20270311,1,20270312,1,20270315,1,20270316,1,20270317,1,20270318,1,20270319,1,20270322,1,20270323,1,20270324,1,20270325,1,20270326,1,20270329,1,20270330,1,20270331,1,20270401,1,20270402,1,20270405,1,20270406,1,20270407,1,20270408,1,20270409,1,20270412,1,20270413,1,20270414,1,20270415,1,20270416,1,20270419,1,20270420,1,20270421,1,20270422,1,20270423,1,20270426,1,20270427,1,20270428,1,20270429,1,20270430,1,20270503,1,20270504,1,20270505,1,20270506,1,20270507,1,20270510,1,20270511,1,20270512,1,20270513,1,20270514,1,20270517,1,20270518,1,20270519,1,20270520,1,20270521,1,20270524,1,20270525,1,20270526,1,20270527,1,20270528,1,20270531,1,20270601,1,20270602,1,20270603,1,20270604,1,20270607,1,20270608,1,20270609,1,20270610,1,20270611,1,20270614,1,20270615,1,20270616,1,20270617,1,20270618,1,20270621,1,20270622,1,20270623,1,20270624,1,20270625,1,20270628,1,20270629,1,20270630,1,20270701,1,20270702,1,20270705,1,20270706,1,20270707,1,20270708,1,20270709,1,20270712,1,20270713,1,20270714,1,20270715,1,20270716,1,20270719,1,20270720,1,20270721,1,20270722,1,20270723,1,20270726,1,20270727,1,20270728,1,20270729,1,20270730,1,20270802,1,20270803,1,20270804,1,20270805,1,20270806,1,20270809,1,20270810,1,20270811,1,20270812,1,20270813,1,20270816,1,20270817,1,20270818,1,20270819,1,20270820,1,20270823,1,20270824,1,20270825,1,20270826,1,20270827,1,20270830,1,20270831,1,20270901,1,20270902,1,20270903,1,20270906,1,20270907,1,20270908,1,20270909,1,20270910,1,20270913,1,20270914,1,20270915,1,20270916,1,20270917,1,20270920,1,20270921,1,20270922,1,20270923,1,20270924,1
'1413173',20260924,1,20260925,1,20260928,1,20260929,1,20260930,1,20261001,1,20261002,1,20261005,1,20261006,1,20261007,1,20261008,1,20261009,1,20261012,1,20261013,1,20261014,1,20261015,1,20261016,1,20261019,1,20261020,1,20261021,1,20261022,1,20261023,1,20261026,1,20261027,1,20261028,1,20261029,1,20261030,1,20261102,1,20261103,1,20261104,1,20261105,1,20261106,1,20261109,1,20261110,1,20261111,1,20261112,1,20261113,1,20261116,1,20261117,1,20261118,1,20261119,1,20261120,1,20261123,1,20261124,1,20261125,1,20261126,1,20261127,1,20261130,1,20261201,1,20261202,1,20261203,1,20261204,1,20261207,1,20261208,1,20261209,1,20261210,1,20261211,1,20261214,1,20261215,1,20261216,1,20261217,1,20261218,1,20261221,1,20261222,1,20261223,1,20261224,1,20261225,1,20261228,1,20261229,1,20261230,1,20261231,1,20270101,1,20270104,1,20270105,1,20270106,1,20270107,1,20270108,1,20270111,1,20270112,1,20270113,1,20270114,1,20270115,1,20270118,1,20270119,1,20270120,1,20270121,1,20270122,1,20270125,1,20270126,1,20270127,1,20270128,1,20270129,1,20270201,1,20270202,1,20270203,1,20270204,1,20270205,1,20270208,1,20270209,1,20270210,1,20270211,1,20270212,1,20270215,1,20270216,1,20270217,1,20270218,1,20270219,1,20270222,1,20270223,1,20270224,1,20270225,1,20270226,1,20270301,1,20270302,1,20270303,1,20270304,1,20270305,1,20270308,1,20270309,1,20270310,1,20270311,1,20270312,1,20270315,1,20270316,1,20270317,1,20270318,1,20270319,1,20270322,1,20270323,1,20270324,1,20270325,1,20270326,1,20270329,1,20270330,1,20270331,1,20270401,1,20270402,1,20270405,1,20270406,1,20270407,1,20270408,1,20270409,1,20270412,1,20270413,1,20270414,1,20270415,1,20270416,1,20270419,1,20270420,1,20270421,1,20270422,1,20270423,1,20270426,1,20270427,1,20270428,1,20270429,1,20270430,1,20270503,1,20270504,1,20270505,1,20270506,1,20270507,1,20270510,1,20270511,1,20270512,1,20270513,1,20270514,1,20270517,1,20270518,1,20270519,1,20270520,1,20270521,1,20270524,1,20270525,1,20270526,1,20270527,1,20270528,1,20270531,1,20270601,1,20270602,1,20270603,1,20270604,1,20270607,1,20270608,1,20270609,1,20270610,1,20270611,1,20270614,1,20270615,1,20270616,1,20270617,1,20270618,1,20270621,1,20270622,1,20270623,1,20270624,1,20270625,1,20270628,1,20270629,1,20270630,1,20270701,1,20270702,1,20270705,1,20270706,1,20270707,1,20270708,1,20270709,1,20270712,1,20270713,1,20270714,1,20270715,1,20270716,1,20270719,1,20270720,1,20270721,1,20270722,1,20270723,1,20270726,1,20270727,1,20270728,1,20270729,1,20270730,1,20270802,1,20270803,1,20270804,1,20270805,1,20270806,1,20270809,1,20270810,1,20270811,1,20270812,1,20270813,1,20270816,1,20270817,1,20270818,1,20270819,1,20270820,1,20270823,1,20270824,1,20270825,1,20270826,1,20270827,1,20270830,1,20270831,1,20270901,1,20270902,1,20270903,1,20270906,1,20270907,1,20270908,1,20270909,1,20270910,1,20270913,1,20270914,1,20270915,1,20270916,1,20270917,1,20270920,1,20270921,1,20270922,1,20270923,1,20270924,1
'1413188',20260924,1,20260925,1,20260928,1,20260929,1,20260930,1,20261001,1,20261002,1,20261005,1,20261006,1,20261007,1,20261008,1,20261009,1,20261012,1,20261013,1,20261014,1,20261015,1,20261016,1,20261019,1,20261020,1,20261021,1,20261022,1,20261023,1,20261026,1,20261027,1,20261028,1,20261029,1,20261030,1,20261102,1,20261103,1,20261104,1,20261105,1,20261106,1,20261109,1,20261110,1,20261111,1,20261112,1,20261113,1,20261116,1,20261117,1,20261118,1,20261119,1,20261120,1,20261123,1,20261124,1,20261125,1,20261126,1,20261127,1,20261130,1,20261201,1,20261202,1,20261203,1,20261204,1,20261207,1,20261208,1,20261209,1,20261210,1,20261211,1,20261214,1,20261215,1,20261216,1,20261217,1,20261218,1,20261221,1,20261222,1,20261223,1,20261224,1,20261225,1,20261228,1,20261229,1,20261230,1,20261231,1,20270101,1,20270104,1,20270105,1,20270106,1,20270107,1,20270108,1,20270111,1,20270112,1,20270113,1,20270114,1,20270115,1,20270118,1,20270119,1,20270120,1,20270121,1,20270122,1,20270125,1,20270126,1,20270127,1,20270128,1,20270129,1,20270201,1,20270202,1,20270203,1,20270204,1,20270205,1,20270208,1,20270209,1,20270210,1,20270211,1,20270212,1,20270215,1,20270216,1,20270217,1,20270218,1,20270219,1,20270222,1,20270223,1,20270224,1,20270225,1,20270226,1,20270301,1,20270302,1,20270303,1,20270304,1,20270305,1,20270308,1,20270309,1,20270310,1,20270311,1,20270312,1,20270315,1,20270316,1,20270317,1,20270318,1,20270319,1,20270322,1,20270323,1,20270324,1,20270325,1,20270326,1,20270329,1,20270330,1,20270331,1,20270401,1,20270402,1,20270405,1,20270406,1,20270407,1,20270408,1,20270409,1,20270412,1,20270413,1,20270414,1,20270415,1,20270416,1,20270419,1,20270420,1,20270421,1,20270422,1,20270423,1,20270426,1,20270427,1,20270428,1,20270429,1,20270430,1,20270503,1,20270504,1,20270505,1,20270506,1,20270507,1,20270510,1,20270511,1,20270512,1,20270513,1,20270514,1,20270517,1,20270518,1,20270519,1,20270520,1,20270521,1,20270524,1,20270525,1,20270526,1,20270527,1,20270528,1,20270531,1,20270601,1,20270602,1,20270603,1,20270604,1,20270607,1,20270608,1,20270609,1,20270610,1,20270611,1,20270614,1,20270615,1,20270616,1,20270617,1,20270618,1,20270621,1,20270622,1,20270623,1,20270624,1,20270625,1,20270628,1,20270629,1,20270630,1,20270701,1,20270702,1,20270705,1,20270706,1,20270707,1,20270708,1,20270709,1,20270712,1,20270713,1,20270714,1,20270715,1,20270716,1,20270719,1,20270720,1,20270721,1,20270722,1,20270723,1,20270726,1,20270727,1,20270728,1,20270729,1,20270730,1,20270802,1,20270803,1,20270804,1,20270805,1,20270806,1,20270809,1,20270810,1,20270811,1,20270812,1,20270813,1,20270816,1,20270817,1,20270818,1,20270819,1,20270820,1,20270823,1,20270824,1,20270825,1,20270826,1,20270827,1,20270830,1,20270831,1,20270901,1,20270902,1,20270903,1,20270906,1,20270907,1,20270908,1,20270909,1,20270910,1,20270913,1,20270914,1,20270915,1,20270916,1,20270917,1,20270920,1,20270921,1,20270922,1,20270923,1,20270924,1
'1413228',20260924,1,20260925,1,20260928,1,20260929,1,20260930,1,20261001,1,20261002,1,20261005,1,20261006,1,20261007,1,20261008,1,20261009,1,20261012,1,20261013,1,20261014,1,20261015,1,20261016,1,20261019,1,20261020,1,20261021,1,20261022,1,20261023,1,20261026,1,20261027,1,20261028,1,20261029,1,20261030,1,20261102,1,20261103,1,20261104,1,20261105,1,20261106,1,20261109,1,20261110,1,20261111,1,20261112,1,20261113,1,20261116,1,20261117,1,20261118,1,20261119,1,20261120,1,20261123,1,20261124,1,20261125,1,20261126,1,20261127,1,20261130,1,20261201,1,20261202,1,20261203,1,20261204,1,20261207,1,20261208,1,20261209,1,20261210,1,20261211,1,20261214,1,20261215,1,20261216,1,20261217,1,20261218,1,20261221,1,20261222,1,20261223,1,20261224,1,20261225,1,20261228,1,20261229,1,20261230,1,20261231,1,20270101,1,20270104,1,20270105,1,20270106,1,20270107,1,20270108,1,20270111,1,20270112,1,20270113,1,20270114,1,20270115,1,20270118,1,20270119,1,20270120,1,20270121,1,20270122,1,20270125,1,20270126,1,20270127,1,20270128,1,20270129,1,20270201,1,20270202,1,20270203,1,20270204,1,20270205,1,20270208,1,20270209,1,20270210,1,20270211,1,20270212,1,20270215,1,20270216,1,20270217,1,20270218,1,20270219,1,20270222,1,20270223,1,20270224,1,20270225,1,20270226,1,20270301,1,20270302,1,20270303,1,20270304,1,20270305,1,20270308,1,20270309,1,20270310,1,20270311,1,20270312,1,20270315,1,20270316,1,20270317,1,20270318,1,20270319,1,20270322,1,20270323,1,20270324,1,20270325,1,20270326,1,20270329,1,20270330,1,20270331,1,20270401,1,20270402,1,20270405,1,20270406,1,20270407,1,20270408,1,20270409,1,20270412,1,20270413,1,20270414,1,20270415,1,20270416,1,20270419,1,20270420,1,20270421,1,20270422,1,20270423,1,20270426,1,20270427,1,20270428,1,20270429,1,20270430,1,20270503,1,20270504,1,20270505,1,20270506,1,20270507,1,20270510,1,20270511,1,20270512,1,20270513,1,20270514,1,20270517,1,20270518,1,20270519,1,20270520,1,20270521,1,20270524,1,20270525,1,20270526,1,20270527,1,20270528,1,20270531,1,20270601,1,20270602,1,20270603,1,20270604,1,20270607,1,20270608,1,20270609,1,20270610,1,20270611,1,20270614,1,20270615,1,20270616,1,20270617,1,20270618,1,20270621,1,20270622,1,20270623,1,20270624,1,20270625,1,20270628,1,20270629,1,20270630,1,20270701,1,20270702,1,20270705,1,20270706,1,20270707,1,20270708,1,20270709,1,20270712,1,20270713,1,20270714,1,20270715,1,20270716,1,20270719,1,20270720,1,20270721,1,20270722,1,20270723,1,20270726,1,20270727,1,20270728,1,20270729,1,20270730,1,20270802,1,20270803,1,20270804,1,20270805,1,20270806,1,20270809,1,20270810,1,20270811,1,20270812,1,20270813,1,20270816,1,20270817,1,20270818,1,20270819,1,20270820,1,20270823,1,20270824,1,20270825,1,20270826,1,20270827,1,20270830,1,20270831,1,20270901,1,20270902,1,20270903,1,20270906,1,20270907,1,20270908,1,20270909,1,20270910,1,20270913,1,20270914,1,20270915,1,20270916,1,20270917,1,20270920,1,20270921,1,20270922,1,20270923,1,20270924,1
'1413263',20260924,1,20260925,1,20260928,1,20260929,1,20260930,1,20261001,1,20261002,1,20261005,1,20261006,1,20261007,1,20261008,1,20261009,1,20261012,1,20261013,1,20261014,1,20261015,1,20261016,1,20261019,1,20261020,1,20261021,1,20261022,1,20261023,1,20261026,1,20261027,1,20261028,1,20261029,1,20261030,1,20261102,1,20261103,1,20261104,1,20261105,1,20261106,1,20261109,1,20261110,1,20261111,1,20261112,1,20261113,1,20261116,1,20261117,1,20261118,1,20261119,1,20261120,1,20261123,1,20261124,1,20261125,1,20261126,1,20261127,1,20261130,1,20261201,1,20261202,1,20261203,1,20261204,1,20261207,1,20261208,1,20261209,1,20261210,1,20261211,1,20261214,1,20261215,1,20261216,1,20261217,1,20261218,1,20261221,1,20261222,1,20261223,1,20261224,1,20261225,1,20261228,1,20261229,1,20261230,1,20261231,1,20270101,1,20270104,1,20270105,1,20270106,1,20270107,1,20270108,1,20270111,1,20270112,1,20270113,1,20270114,1,20270115,1,20270118,1,20270119,1,20270120,1,20270121,1,20270122,1,20270125,1,20270126,1,20270127,1,20270128,1,20270129,1,20270201,1,20270202,1,20270203,1,20270204,1,20270205,1,20270208,1,20270209,1,20270210,1,20270211,1,20270212,1,20270215,1,20270216,1,20270217,1,20270218,1,20270219,1,20270222,1,20270223,1,20270224,1,20270225,1,20270226,1,20270301,1,20270302,1,20270303,1,20270304,1,20270305,1,20270308,1,20270309,1,20270310,1,20270311,1,20270312,1,20270315,1,20270316,1,20270317,1,20270318,1,20270319,1,20270322,1,20270323,1,20270324,1,20270325,1,20270326,1,20270329,1,20270330,1,20270331,1,20270401,1,20270402,1,20270405,1,20270406,1,20270407,1,20270408,1,20270409,1,20270412,1,20270413,1,20270414,1,20270415,1,20270416,1,20270419,1,20270420,1,20270421,1,20270422,1,20270423,1,20270426,1,20270427,1,20270428,1,20270429,1,20270430,1,20270503,1,20270504,1,20270505,1,20270506,1,20270507,1,20270510,1,20270511,1,20270512,1,20270513,1,20270514,1,20270517,1,20270518,1,20270519,1,20270520,1,20270521,1,20270524,1,20270525,1,20270526,1,20270527,1,20270528,1,20270531,1,20270601,1,20270602,1,20270603,1,20270604,1,20270607,1,20270608,1,20270609,1,20270610,1,20270611,1,20270614,1,20270615,1,20270616,1,20270617,1,20270618,1,20270621,1,20270622,1,20270623,1,20270624,1,20270625,1,20270628,1,20270629,1,20270630,1,20270701,1,20270702,1,20270705,1,20270706,1,20270707,1,20270708,1,20270709,1,20270712,1,20270713,1,20270714,1,20270715,1,20270716,1,20270719,1,20270720,1,20270721,1,20270722,1,20270723,1,20270726,1,20270727,1,20270728,1,20270729,1,20270730,1,20270802,1,20270803,1,20270804,1,20270805,1,20270806,1,20270809,1,20270810,1,20270811,1,20270812,1,20270813,1,20270816,1,20270817,1,20270818,1,20270819,1,20270820,1,20270823,1,20270824,1,20270825,1,20270826,1,20270827,1,20270830,1,20270831,1,20270901,1,20270902,1,20270903,1,20270906,1,20270907,1,20270908,1,20270909,1,20270910,1,20270913,1,20270914,1,20270915,1,20270916,1,20270917,1,20270920,1,20270921,1,20270922,1,20270923,1,20270924,1
'1413307',20260924,1,20260925,1,20260928,1,20260929,1,20260930,1,20261001,1,20261002,1,20261005,1,20261006,1,20261007,1,20261008,1,20261009,1,20261012,1,20261013,1,20261014,1,20261015,1,20261016,1,20261019,1,20261020,1,20261021,1,20261022,1,20261023,1,20261026,1,20261027,1,20261028,1,20261029,1,20261030,1,20261102,1,20261103,1,20261104,1,20261105,1,20261106,1,20261109,1,20261110,1,20261111,1,20261112,1,20261113,1,20261116,1,20261117,1,20261118,1,20261119,1,20261120,1,20261123,1,20261124,1,20261125,1,20261126,1,20261127,1,20261130,1,20261201,1,20261202,1,20261203,1,20261204,1,20261207,1,20261208,1,20261209,1,20261210,1,20261211,1,20261214,1,20261215,1,20261216,1,20261217,1,20261218,1,20261221,1,20261222,1,20261223,1,20261224,1,20261225,1,20261228,1,20261229,1,20261230,1,20261231,1,20270101,1,20270104,1,20270105,1,20270106,1,20270107,1,20270108,1,20270111,1,20270112,1,20270113,1,20270114,1,20270115,1,20270118,1,20270119,1,20270120,1,20270121,1,20270122,1,20270125,1,20270126,1,20270127,1,20270128,1,20270129,1,20270201,1,20270202,1,20270203,1,20270204,1,20270205,1,20270208,1,20270209,1,20270210,1,20270211,1,20270212,1,20270215,1,20270216,1,20270217,1,20270218,1,20270219,1,20270222,1,20270223,1,20270224,1,20270225,1,20270226,1,20270301,1,20270302,1,20270303,1,20270304,1,20270305,1,20270308,1,20270309,1,20270310,1,20270311,1,20270312,1,20270315,1,20270316,1,20270317,1,20270318,1,20270319,1,20270322,1,20270323,1,20270324,1,20270325,1,20270326,1,20270329,1,20270330,1,20270331,1,20270401,1,20270402,1,20270405,1,20270406,1,20270407,1,20270408,1,20270409,1,20270412,1,20270413,1,20270414,1,20270415,1,20270416,1,20270419,1,20270420,1,20270421,1,20270422,1,20270423,1,20270426,1,20270427,1,20270428,1,20270429,1,20270430,1,20270503,1,20270504,1,20270505,1,20270506,1,20270507,1,20270510,1,20270511,1,20270512,1,20270513,1,20270514,1,20270517,1,20270518,1,20270519,1,20270520,1,20270521,1,20270524,1,20270525,1,20270526,1,20270527,1,20270528,1,20270531,1,20270601,1,20270602,1,20270603,1,20270604,1,20270607,1,20270608,1,20270609,1,20270610,1,20270611,1,20270614,1,20270615,1,20270616,1,20270617,1,20270618,1,20270621,1,20270622,1,20270623,1,20270624,1,20270625,1,20270628,1,20270629,1,20270630,1,20270701,1,20270702,1,20270705,1,20270706,1,20270707,1,20270708,1,20270709,1,20270712,1,20270713,1,20270714,1,20270715,1,20270716,1,20270719,1,20270720,1,20270721,1,20270722,1,20270723,1,20270726,1,20270727,1,20270728,1,20270729,1,20270730,1,20270802,1,20270803,1,20270804,1,20270805,1,20270806,1,20270809,1,20270810,1,20270811,1,20270812,1,20270813,1,20270816,1,20270817,1,20270818,1,20270819,1,20270820,1,20270823,1,20270824,1,20270825,1,20270826,1,20270827,1,20270830,1,20270831,1,20270901,1,20270902,1,20270903,1,20270906,1,20270907,1,20270908,1,20270909,1,20270910,1,20270913,1,20270914,1,20270915,1,20270916,1,20270917,1,20270920,1,20270921,1,20270922,1,20270923,1,20270924,1
'1413432',20260924,1,20260925,1,20260928,1,20260929,1,20260930,1,20261001,1,20261002,1,20261005,1,20261006,1,20261007,1,20261008,1,20261009,1,20261012,1,20261013,1,20261014,1,20261015,1,20261016,1,20261019,1,20261020,1,20261021,1,20261022,1,20261023,1,20261026,1,20261027,1,20261028,1,20261029,1,20261030,1,20261102,1,20261103,1,20261104,1,20261105,1,20261106,1,20261109,1,20261110,1,20261111,1,20261112,1,20261113,1,20261116,1,20261117,1,20261118,1,20261119,1,20261120,1,20261123,1,20261124,1,20261125,1,20261126,1,20261127,1,20261130,1,20261201,1,20261202,1,20261203,1,20261204,1,20261207,1,20261208,1,20261209,1,20261210,1,20261211,1,20261214,1,20261215,1,20261216,1,20261217,1,20261218,1,20261221,1,20261222,1,20261223,1,20261224,1,20261225,1,20261228,1,20261229,1,20261230,1,20261231,1,20270101,1,20270104,1,20270105,1,20270106,1,20270107,1,20270108,1,20270111,1,20270112,1,20270113,1,20270114,1,20270115,1,20270118,1,20270119,1,20270120,1,20270121,1,20270122,1,20270125,1,20270126,1,20270127,1,20270128,1,20270129,1,20270201,1,20270202,1,20270203,1,20270204,1,20270205,1,20270208,1,20270209,1,20270210,1,20270211,1,20270212,1,20270215,1,20270216,1,20270217,1,20270218,1,20270219,1,20270222,1,20270223,1,20270224,1,20270225,1,20270226,1,20270301,1,20270302,1,20270303,1,20270304,1,20270305,1,20270308,1,20270309,1,20270310,1,20270311,1,20270312,1,20270315,1,20270316,1,20270317,1,20270318,1,20270319,1,20270322,1,20270323,1,20270324,1,20270325,1,20270326,1,20270329,1,20270330,1,20270331,1,20270401,1,20270402,1,20270405,1,20270406,1,20270407,1,20270408,1,20270409,1,20270412,1,20270413,1,20270414,1,20270415,1,20270416,1,20270419,1,20270420,1,20270421,1,20270422,1,20270423,1,20270426,1,20270427,1,20270428,1,20270429,1,20270430,1,20270503,1,20270504,1,20270505,1,20270506,1,20270507,1,20270510,1,20270511,1,20270512,1,20270513,1,20270514,1,20270517,1,20270518,1,20270519,1,20270520,1,20270521,1,20270524,1,20270525,1,20270526,1,20270527,1,20270528,1,20270531,1,20270601,1,20270602,1,20270603,1,20270604,1,20270607,1,20270608,1,20270609,1,20270610,1,20270611,1,20270614,1,20270615,1,20270616,1,20270617,1,20270618,1,20270621,1,20270622,1,20270623,1,20270624,1,20270625,1,20270628,1,20270629,1,20270630,1,20270701,1,20270702,1,20270705,1,20270706,1,20270707,1,20270708,1,20270709,1,20270712,1,20270713,1,20270714,1,20270715,1,20270716,1,20270719,1,20270720,1,20270721,1,20270722,1,20270723,1,20270726,1,20270727,1,20270728,1,20270729,1,20270730,1,20270802,1,20270803,1,20270804,1,20270805,1,20270806,1,20270809,1,20270810,1,20270811,1,20270812,1,20270813,1,20270816,1,20270817,1,20270818,1,20270819,1,20270820,1,20270823,1,20270824,1,20270825,1,20270826,1,20270827,1,20270830,1,20270831,1,20270901,1,20270902,1,20270903,1,20270906,1,20270907,1,20270908,1,20270909,1,20270910,1,20270913,1,20270914,1,20270915,1,20270916,1,20270917,1,20270920,1,20270921,1,20270922,1,20270923,1,20270924,1
'1413444',20260924,1,20260925,1,20260928,1,20260929,1,20260930,1,20261001,1,20261002,1,20261005,1,20261006,1,20261007,1,20261008,1,20261009,1,20261012,1,20261013,1,20261014,1,20261015,1,20261016,1,20261019,1,20261020,1,20261021,1,20261022,1,20261023,1,20261026,1,20261027,1,20261028,1,20261029,1,20261030,1,20261102,1,20261103,1,20261104,1,20261105,1,20261106,1,20261109,1,20261110,1,20261111,1,20261112,1,20261113,1,20261116,1,20261117,1,20261118,1,20261119,1,20261120,1,20261123,1,20261124,1,20261125,1,20261126,1,20261127,1,20261130,1,20261201,1,20261202,1,20261203,1,20261204,1,20261207,1,20261208,1,20261209,1,20261210,1,20261211,1,20261214,1,20261215,1,20261216,1,20261217,1,20261218,1,20261221,1,20261222,1,20261223,1,20261224,1,20261225,1,20261228,1,20261229,1,20261230,1,20261231,1,20270101,1,20270104,1,20270105,1,20270106,1,20270107,1,20270108,1,20270111,1,20270112,1,20270113,1,20270114,1,20270115,1,20270118,1,20270119,1,20270120,1,20270121,1,20270122,1,20270125,1,20270126,1,20270127,1,20270128,1,20270129,1,20270201,1,20270202,1,20270203,1,20270204,1,20270205,1,20270208,1,20270209,1,20270210,1,20270211,1,20270212,1,20270215,1,20270216,1,20270217,1,20270218,1,20270219,1,20270222,1,20270223,1,20270224,1,20270225,1,20270226,1,20270301,1,20270302,1,20270303,1,20270304,1,20270305,1,20270308,1,20270309,1,20270310,1,20270311,1,20270312,1,20270315,1,20270316,1,20270317,1,20270318,1,20270319,1,20270322,1,20270323,1,20270324,1,20270325,1,20270326,1,20270329,1,20270330,1,20270331,1,20270401,1,20270402,1,20270405,1,20270406,1,20270407,1,20270408,1,20270409,1,20270412,1,20270413,1,20270414,1,20270415,1,20270416,1,20270419,1,20270420,1,20270421,1,20270422,1,20270423,1,20270426,1,20270427,1,20270428,1,20270429,1,20270430,1,20270503,1,20270504,1,20270505,1,20270506,1,20270507,1,20270510,1,20270511,1,20270512,1,20270513,1,20270514,1,20270517,1,20270518,1,20270519,1,20270520,1,20270521,1,20270524,1,20270525,1,20270526,1,20270527,1,20270528,1,20270531,1,20270601,1,20270602,1,20270603,1,20270604,1,20270607,1,20270608,1,20270609,1,20270610,1,20270611,1,20270614,1,20270615,1,20270616,1,20270617,1,20270618,1,20270621,1,20270622,1,20270623,1,20270624,1,20270625,1,20270628,1,20270629,1,20270630,1,20270701,1,20270702,1,20270705,1,20270706,1,20270707,1,20270708,1,20270709,1,20270712,1,20270713,1,20270714,1,20270715,1,20270716,1,20270719,1,20270720,1,20270721,1,20270722,1,20270723,1,20270726,1,20270727,1,20270728,1,20270729,1,20270730,1,20270802,1,20270803,1,20270804,1,20270805,1,20270806,1,20270809,1,20270810,1,20270811,1,20270812,1,20270813,1,20270816,1,20270817,1,20270818,1,20270819,1,20270820,1,20270823,1,20270824,1,20270825,1,20270826,1,20270827,1,20270830,1,20270831,1,20270901,1,20270902,1,20270903,1,20270906,1,20270907,1,20270908,1,20270909,1,20270910,1,20270913,1,20270914,1,20270915,1,20270916,1,20270917,1,20270920,1,20270921,1,20270922,1,20270923,1,20270924,1
'1413514',20260924,1,20260925,1,20260928,1,20260929,1,20260930,1,20261001,1,20261002,1,20261005,1,20261006,1,20261007,1,20261008,1,20261009,1,20261012,1,20261013,1,20261014,1,20261015,1,20261016,1,20261019,1,20261020,1,20261021,1,20261022,1,20261023,1,20261026,1,20261027,1,20261028,1,20261029,1,20261030,1,20261102,1,20261103,1,20261104,1,20261105,1,20261106,1,20261109,1,20261110,1,20261111,1,20261112,1,20261113,1,20261116,1,20261117,1,20261118,1,20261119,1,20261120,1,20261123,1,20261124,1,20261125,1,20261126,1,20261127,1,20261130,1,20261201,1,20261202,1,20261203,1,20261204,1,20261207,1,20261208,1,20261209,1,20261210,1,20261211,1,20261214,1,20261215,1,20261216,1,20261217,1,20261218,1,20261221,1,20261222,1,20261223,1,20261224,1,20261225,1,20261228,1,20261229,1,20261230,1,20261231,1,20270101,1,20270104,1,20270105,1,20270106,1,20270107,1,20270108,1,20270111,1,20270112,1,20270113,1,20270114,1,20270115,1,20270118,1,20270119,1,20270120,1,20270121,1,20270122,1,20270125,1,20270126,1,20270127,1,20270128,1,20270129,1,20270201,1,20270202,1,20270203,1,20270204,1,20270205,1,20270208,1,20270209,1,20270210,1,20270211,1,20270212,1,20270215,1,20270216,1,20270217,1,20270218,1,20270219,1,20270222,1,20270223,1,20270224,1,20270225,1,20270226,1,20270301,1,20270302,1,20270303,1,20270304,1,20270305,1,20270308,1,20270309,1,20270310,1,20270311,1,20270312,1,20270315,1,20270316,1,20270317,1,20270318,1,20270319,1,20270322,1,20270323,1,20270324,1,20270325,1,20270326,1,20270329,1,20270330,1,20270331,1,20270401,1,20270402,1,20270405,1,20270406,1,20270407,1,20270408,1,20270409,1,20270412,1,20270413,1,20270414,1,20270415,1,20270416,1,20270419,1,20270420,1,20270421,1,20270422,1,20270423,1,20270426,1,20270427,1,20270428,1,20270429,1,20270430,1,20270503,1,20270504,1,20270505,1,20270506,1,20270507,1,20270510,1,20270511,1,20270512,1,20270513,1,20270514,1,20270517,1,20270518,1,20270519,1,20270520,1,20270521,1,20270524,1,20270525,1,20270526,1,20270527,1,20270528,1,20270531,1,20270601,1,20270602,1,20270603,1,20270604,1,20270607,1,20270608,1,20270609,1,20270610,1,20270611,1,20270614,1,20270615,1,20270616,1,20270617,1,20270618,1,20270621,1,20270622,1,20270623,1,20270624,1,20270625,1,20270628,1,20270629,1,20270630,1,20270701,1,20270702,1,20270705,1,20270706,1,20270707,1,20270708,1,20270709,1,20270712,1,20270713,1,20270714,1,20270715,1,20270716,1,20270719,1,20270720,1,20270721,1,20270722,1,20270723,1,20270726,1,20270727,1,20270728,1,20270729,1,20270730,1,20270802,1,20270803,1,20270804,1,20270805,1,20270806,1,20270809,1,20270810,1,20270811,1,20270812,1,20270813,1,20270816,1,20270817,1,20270818,1,20270819,1,20270820,1,20270823,1,20270824,1,20270825,1,20270826,1,20270827,1,20270830,1,20270831,1,20270901,1,20270902,1,20270903,1,20270906,1,20270907,1,20270908,1,20270909,1,20270910,1,20270913,1,20270914,1,20270915,1,20270916,1,20270917,1,20270920,1,20270921,1,20270922,1,20270923,1,20270924,1
'1413572',20260924,1,20260925,1,20260928,1,20260929,1,20260930,1,20261001,1,20261002,1,20261005,1,20261006,1,20261007,1,20261008,1,20261009,1,20261012,1,20261013,1,20261014,1,20261015,1,20261016,1,20261019,1,20261020,1,20261021,1,20261022,1,20261023,1,20261026,1,20261027,1,20261028,1,20261029,1,20261030,1,20261102,1,20261103,1,20261104,1,20261105,1,20261106,1,20261109,1,20261110,1,20261111,1,20261112,1,20261113,1,20261116,1,20261117,1,20261118,1,20261119,1,20261120,1,20261123,1,20261124,1,20261125,1,20261126,1,20261127,1,20261130,1,20261201,1,20261202,1,20261203,1,20261204,1,20261207,1,20261208,1,20261209,1,20261210,1,20261211,1,20261214,1,20261215,1,20261216,1,20261217,1,20261218,1,20261221,1,20261222,1,20261223,1,20261224,1,20261225,1,20261228,1,20261229,1,20261230,1,20261231,1,20270101,1,20270104,1,20270105,1,20270106,1,20270107,1,20270108,1,20270111,1,20270112,1,20270113,1,20270114,1,20270115,1,20270118,1,20270119,1,20270120,1,20270121,1,20270122,1,20270125,1,20270126,1,20270127,1,20270128,1,20270129,1,20270201,1,20270202,1,20270203,1,20270204,1,20270205,1,20270208,1,20270209,1,20270210,1,20270211,1,20270212,1,20270215,1,20270216,1,20270217,1,20270218,1,20270219,1,20270222,1,20270223,1,20270224,1,20270225,1,20270226,1,20270301,1,20270302,1,20270303,1,20270304,1,20270305,1,20270308,1,20270309,1,20270310,1,20270311,1,20270312,1,20270315,1,20270316,1,20270317,1,20270318,1,20270319,1,20270322,1,20270323,1,20270324,1,20270325,1,20270326,1,20270329,1,20270330,1,20270331,1,20270401,1,20270402,1,20270405,1,20270406,1,20270407,1,20270408,1,20270409,1,20270412,1,20270413,1,20270414,1,20270415,1,20270416,1,20270419,1,20270420,1,20270421,1,20270422,1,20270423,1,20270426,1,20270427,1,20270428,1,20270429,1,20270430,1,20270503,1,20270504,1,20270505,1,20270506,1,20270507,1,20270510,1,20270511,1,20270512,1,20270513,1,20270514,1,20270517,1,20270518,1,20270519,1,20270520,1,20270521,1,20270524,1,20270525,1,20270526,1,20270527,1,20270528,1,20270531,1,20270601,1,20270602,1,20270603,1,20270604,1,20270607,1,20270608,1,20270609,1,20270610,1,20270611,1,20270614,1,20270615,1,20270616,1,20270617,1,20270618,1,20270621,1,20270622,1,20270623,1,20270624,1,20270625,1,20270628,1,20270629,1,20270630,1,20270701,1,20270702,1,20270705,1,20270706,1,20270707,1,20270708,1,20270709,1,20270712,1,20270713,1,20270714,1,20270715,1,20270716,1,20270719,1,20270720,1,20270721,1,20270722,1,20270723,1,20270726,1,20270727,1,20270728,1,20270729,1,20270730,1,20270802,1,20270803,1,20270804,1,20270805,1,20270806,1,20270809,1,20270810,1,20270811,1,20270812,1,20270813,1,20270816,1,20270817,1,20270818,1,20270819,1,20270820,1,20270823,1,20270824,1,20270825,1,20270826,1,20270827,1,20270830,1,20270831,1,20270901,1,20270902,1,20270903,1,20270906,1,20270907,1,20270908,1,20270909,1,20270910,1,20270913,1,20270914,1,20270915,1,20270916,1,20270917,1,20270920,1,20270921,1,20270922,1,20270923,1,20270924,1
'1413697',20260924,1,20260925,1,20260928,1,20260929,1,20260930,1,20261001,1,20261002,1,20261005,1,20261006,1,20261007,1,20261008,1,20261009,1,20261012,1,20261013,1,20261014,1,20261015,1,20261016,1,20261019,1,20261020,1,20261021,1,20261022,1,20261023,1,20261026,1,20261027,1,20261028,1,20261029,1,20261030,1,20261102,1,20261103,1,20261104,1,20261105,1,20261106,1,20261109,1,20261110,1,20261111,1,20261112,1,20261113,1,20261116,1,20261117,1,20261118,1,20261119,1,20261120,1,20261123,1,20261124,1,20261125,1,20261126,1,20261127,1,20261130,1,20261201,1,20261202,1,20261203,1,20261204,1,20261207,1,20261208,1,20261209,1,20261210,1,20261211,1,20261214,1,20261215,1,20261216,1,20261217,1,20261218,1,20261221,1,20261222,1,20261223,1,20261224,1,20261225,1,20261228,1,20261229,1,20261230,1,20261231,1,20270101,1,20270104,1,20270105,1,20270106,1,20270107,1,20270108,1,20270111,1,20270112,1,20270113,1,20270114,1,20270115,1,20270118,1,20270119,1,20270120,1,20270121,1,20270122,1,20270125,1,20270126,1,20270127,1,20270128,1,20270129,1,20270201,1,20270202,1,20270203,1,20270204,1,20270205,1,20270208,1,20270209,1,20270210,1,20270211,1,20270212,1,20270215,1,20270216,1,20270217,1,20270218,1,20270219,1,20270222,1,20270223,1,20270224,1,20270225,1,20270226,1,20270301,1,20270302,1,20270303,1,20270304,1,20270305,1,20270308,1,20270309,1,20270310,1,20270311,1,20270312,1,20270315,1,20270316,1,20270317,1,20270318,1,20270319,1,20270322,1,20270323,1,20270324,1,20270325,1,20270326,1,20270329,1,20270330,1,20270331,1,20270401,1,20270402,1,20270405,1,20270406,1,20270407,1,20270408,1,20270409,1,20270412,1,20270413,1,20270414,1,20270415,1,20270416,1,20270419,1,20270420,1,20270421,1,20270422,1,20270423,1,20270426,1,20270427,1,20270428,1,20270429,1,20270430,1,20270503,1,20270504,1,20270505,1,20270506,1,20270507,1,20270510,1,20270511,1,20270512,1,20270513,1,20270514,1,20270517,1,20270518,1,20270519,1,20270520,1,20270521,1,20270524,1,20270525,1,20270526,1,20270527,1,20270528,1,20270531,1,20270601,1,20270602,1,20270603,1,20270604,1,20270607,1,20270608,1,20270609,1,20270610,1,20270611,1,20270614,1,20270615,1,20270616,1,20270617,1,20270618,1,20270621,1,20270622,1,20270623,1,20270624,1,20270625,1,20270628,1,20270629,1,20270630,1,20270701,1,20270702,1,20270705,1,20270706,1,20270707,1,20270708,1,20270709,1,20270712,1,20270713,1,20270714,1,20270715,1,20270716,1,20270719,1,20270720,1,20270721,1,20270722,1,20270723,1,20270726,1,20270727,1,20270728,1,20270729,1,20270730,1,20270802,1,20270803,1,20270804,1,20270805,1,20270806,1,20270809,1,20270810,1,20270811,1,20270812,1,20270813,1,20270816,1,20270817,1,20270818,1,20270819,1,20270820,1,20270823,1,20270824,1,20270825,1,20270826,1,20270827,1,20270830,1,20270831,1,20270901,1,20270902,1,20270903,1,20270906,1,20270907,1,20270908,1,20270909,1,20270910,1,20270913,1,20270914,1,20270915,1,20270916,1,20270917,1,20270920,1,20270921,1,20270922,1,20270923,1,20270924,1
'1413715',20260924,1,20260925,1,20260928,1,20260929,1,20260930,1,20261001,1,20261002,1,20261005,1,20261006,1,20261007,1,20261008,1,20261009,1,20261012,1,20261013,1,20261014,1,20261015,1,20261016,1,20261019,1,20261020,1,20261021,1,20261022,1,20261023,1,20261026,1,20261027,1,20261028,1,20261029,1,20261030,1,20261102,1,20261103,1,20261104,1,20261105,1,20261106,1,20261109,1,20261110,1,20261111,1,20261112,1,20261113,1,20261116,1,20261117,1,20261118,1,20261119,1,20261120,1,20261123,1,20261124,1,20261125,1,20261126,1,20261127,1,20261130,1,20261201,1,20261202,1,20261203,1,20261204,1,20261207,1,20261208,1,20261209,1,20261210,1,20261211,1,20261214,1,20261215,1,20261216,1,20261217,1,20261218,1,20261221,1,20261222,1,20261223,1,20261224,1,20261225,1,20261228,1,20261229,1,20261230,1,20261231,1,20270101,1,20270104,1,20270105,1,20270106,1,20270107,1,20270108,1,20270111,1,20270112,1,20270113,1,20270114,1,20270115,1,20270118,1,20270119,1,20270120,1,20270121,1,20270122,1,20270125,1,20270126,1,20270127,1,20270128,1,20270129,1,20270201,1,20270202,1,20270203,1,20270204,1,20270205,1,20270208,1,20270209,1,20270210,1,20270211,1,20270212,1,20270215,1,20270216,1,20270217,1,20270218,1,20270219,1,20270222,1,20270223,1,20270224,1,20270225,1,20270226,1,20270301,1,20270302,1,20270303,1,20270304,1,20270305,1,20270308,1,20270309,1,20270310,1,20270311,1,20270312,1,20270315,1,20270316,1,20270317,1,20270318,1,20270319,1,20270322,1,20270323,1,20270324,1,20270325,1,20270326,1,20270329,1,20270330,1,20270331,1,20270401,1,20270402,1,20270405,1,20270406,1,20270407,1,20270408,1,20270409,1,20270412,1,20270413,1,20270414,1,20270415,1,20270416,1,20270419,1,20270420,1,20270421,1,20270422,1,20270423,1,20270426,1,20270427,1,20270428,1,20270429,1,20270430,1,20270503,1,20270504,1,20270505,1,20270506,1,20270507,1,20270510,1,20270511,1,20270512,1,20270513,1,20270514,1,20270517,1,20270518,1,20270519,1,20270520,1,20270521,1,20270524,1,20270525,1,20270526,1,20270527,1,20270528,1,20270531,1,20270601,1,20270602,1,20270603,1,20270604,1,20270607,1,20270608,1,20270609,1,20270610,1,20270611,1,20270614,1,20270615,1,20270616,1,20270617,1,20270618,1,20270621,1,20270622,1,20270623,1,20270624,1,20270625,1,20270628,1,20270629,1,20270630,1,20270701,1,20270702,1,20270705,1,20270706,1,20270707,1,20270708,1,20270709,1,20270712,1,20270713,1,20270714,1,20270715,1,20270716,1,20270719,1,20270720,1,20270721,1,20270722,1,20270723,1,20270726,1,20270727,1,20270728,1,20270729,1,20270730,1,20270802,1,20270803,1,20270804,1,20270805,1,20270806,1,20270809,1,20270810,1,20270811,1,20270812,1,20270813,1,20270816,1,20270817,1,20270818,1,20270819,1,20270820,1,20270823,1,20270824,1,20270825,1,20270826,1,20270827,1,20270830,1,20270831,1,20270901,1,20270902,1,20270903,1,20270906,1,20270907,1,20270908,1,20270909,1,20270910,1,20270913,1,20270914,1,20270915,1,20270916,1,20270917,1,20270920,1,20270921,1,20270922,1,20270923,1,20270924,1
'1413733',20260924,1,20260925,1,20260928,1,20260929,1,20260930,1,20261001,1,20261002,1,20261005,1,20261006,1,20261007,1,20261008,1,20261009,1,20261012,1,20261013,1,20261014,1,20261015,1,20261016,1,20261019,1,20261020,1,20261021,1,20261022,1,20261023,1,20261026,1,20261027,1,20261028,1,20261029,1,20261030,1,20261102,1,20261103,1,20261104,1,20261105,1,20261106,1,20261109,1,20261110,1,20261111,1,20261112,1,20261113,1,20261116,1,20261117,1,20261118,1,20261119,1,20261120,1,20261123,1,20261124,1,20261125,1,20261126,1,20261127,1,20261130,1,20261201,1,20261202,1,20261203,1,20261204,1,20261207,1,20261208,1,20261209,1,20261210,1,20261211,1,20261214,1,20261215,1,20261216,1,20261217,1,20261218,1,20261221,1,20261222,1,20261223,1,20261224,1,20261225,1,20261228,1,20261229,1,20261230,1,20261231,1,20270101,1,20270104,1,20270105,1,20270106,1,20270107,1,20270108,1,20270111,1,20270112,1,20270113,1,20270114,1,20270115,1,20270118,1,20270119,1,20270120,1,20270121,1,20270122,1,20270125,1,20270126,1,20270127,1,20270128,1,20270129,1,20270201,1,20270202,1,20270203,1,20270204,1,20270205,1,20270208,1,20270209,1,20270210,1,20270211,1,20270212,1,20270215,1,20270216,1,20270217,1,20270218,1,20270219,1,20270222,1,20270223,1,20270224,1,20270225,1,20270226,1,20270301,1,20270302,1,20270303,1,20270304,1,20270305,1,20270308,1,20270309,1,20270310,1,20270311,1,20270312,1,20270315,1,20270316,1,20270317,1,20270318,1,20270319,1,20270322,1,20270323,1,20270324,1,20270325,1,20270326,1,20270329,1,20270330,1,20270331,1,20270401,1,20270402,1,20270405,1,20270406,1,20270407,1,20270408,1,20270409,1,20270412,1,20270413,1,20270414,1,20270415,1,20270416,1,20270419,1,20270420,1,20270421,1,20270422,1,20270423,1,20270426,1,20270427,1,20270428,1,20270429,1,20270430,1,20270503,1,20270504,1,20270505,1,20270506,1,20270507,1,20270510,1,20270511,1,20270512,1,20270513,1,20270514,1,20270517,1,20270518,1,20270519,1,20270520,1,20270521,1,20270524,1,20270525,1,20270526,1,20270527,1,20270528,1,20270531,1,20270601,1,20270602,1,20270603,1,20270604,1,20270607,1,20270608,1,20270609,1,20270610,1,20270611,1,20270614,1,20270615,1,20270616,1,20270617,1,20270618,1,20270621,1,20270622,1,20270623,1,20270624,1,20270625,1,20270628,1,20270629,1,20270630,1,20270701,1,20270702,1,20270705,1,20270706,1,20270707,1,20270708,1,20270709,1,20270712,1,20270713,1,20270714,1,20270715,1,20270716,1,20270719,1,20270720,1,20270721,1,20270722,1,20270723,1,20270726,1,20270727,1,20270728,1,20270729,1,20270730,1,20270802,1,20270803,1,20270804,1,20270805,1,20270806,1,20270809,1,20270810,1,20270811,1,20270812,1,20270813,1,20270816,1,20270817,1,20270818,1,20270819,1,20270820,1,20270823,1,20270824,1,20270825,1,20270826,1,20270827,1,20270830,1,20270831,1,20270901,1,20270902,1,20270903,1,20270906,1,20270907,1,20270908,1,20270909,1,20270910,1,20270913,1,20270914,1,20270915,1,20270916,1,20270917,1,20270920,1,20270921,1,20270922,1,20270923,1,20270924,1
'1413791',20260924,1,20260925,1,20260928,1,20260929,1,20260930,1,20261001,1,20261002,1,20261005,1,20261006,1,20261007,1,20261008,1,20261009,1,20261012,1,20261013,1,20261014,1,20261015,1,20261016,1,20261019,1,20261020,1,20261021,1,20261022,1,20261023,1,20261026,1,20261027,1,20261028,1,20261029,1,20261030,1,20261102,1,20261103,1,20261104,1,20261105,1,20261106,1,20261109,1,20261110,1,20261111,1,20261112,1,20261113,1,20261116,1,20261117,1,20261118,1,20261119,1,20261120,1,20261123,1,20261124,1,20261125,1,20261126,1,20261127,1,20261130,1,20261201,1,20261202,1,20261203,1,20261204,1,20261207,1,20261208,1,20261209,1,20261210,1,20261211,1,20261214,1,20261215,1,20261216,1,20261217,1,20261218,1,20261221,1,20261222,1,20261223,1,20261224,1,20261225,1,20261228,1,20261229,1,20261230,1,20261231,1,20270101,1,20270104,1,20270105,1,20270106,1,20270107,1,20270108,1,20270111,1,20270112,1,20270113,1,20270114,1,20270115,1,20270118,1,20270119,1,20270120,1,20270121,1,20270122,1,20270125,1,20270126,1,20270127,1,20270128,1,20270129,1,20270201,1,20270202,1,20270203,1,20270204,1,20270205,1,20270208,1,20270209,1,20270210,1,20270211,1,20270212,1,20270215,1,20270216,1,20270217,1,20270218,1,20270219,1,20270222,1,20270223,1,20270224,1,20270225,1,20270226,1,20270301,1,20270302,1,20270303,1,20270304,1,20270305,1,20270308,1,20270309,1,20270310,1,20270311,1,20270312,1,20270315,1,20270316,1,20270317,1,20270318,1,20270319,1,20270322,1,20270323,1,20270324,1,20270325,1,20270326,1,20270329,1,20270330,1,20270331,1,20270401,1,20270402,1,20270405,1,20270406,1,20270407,1,20270408,1,20270409,1,20270412,1,20270413,1,20270414,1,20270415,1,20270416,1,20270419,1,20270420,1,20270421,1,20270422,1,20270423,1,20270426,1,20270427,1,20270428,1,20270429,1,20270430,1,20270503,1,20270504,1,20270505,1,20270506,1,20270507,1,20270510,1,20270511,1,20270512,1,20270513,1,20270514,1,20270517,1,20270518,1,20270519,1,20270520,1,20270521,1,20270524,1,20270525,1,20270526,1,20270527,1,20270528,1,20270531,1,20270601,1,20270602,1,20270603,1,20270604,1,20270607,1,20270608,1,20270609,1,20270610,1,20270611,1,20270614,1,20270615,1,20270616,1,20270617,1,20270618,1,20270621,1,20270622,1,20270623,1,20270624,1,20270625,1,20270628,1,20270629,1,20270630,1,20270701,1,20270702,1,20270705,1,20270706,1,20270707,1,20270708,1,20270709,1,20270712,1,20270713,1,20270714,1,20270715,1,20270716,1,20270719,1,20270720,1,20270721,1,20270722,1,20270723,1,20270726,1,20270727,1,20270728,1,20270729,1,20270730,1,20270802,1,20270803,1,20270804,1,20270805,1,20270806,1,20270809,1,20270810,1,20270811,1,20270812,1,20270813,1,20270816,1,20270817,1,20270818,1,20270819,1,20270820,1,20270823,1,20270824,1,20270825,1,20270826,1,20270827,1,20270830,1,20270831,1,20270901,1,20270902,1,20270903,1,20270906,1,20270907,1,20270908,1,20270909,1,20270910,1,20270913,1,20270914,1,20270915,1,20270916,1,20270917,1,20270920,1,20270921,1,20270922,1,20270923,1,20270924,1
'1413807',20260924,1,20260925,1,20260928,1,20260929,1,20260930,1,20261001,1,20261002,1,20261005,1,20261006,1,20261007,1,20261008,1,20261009,1,20261012,1,20261013,1,20261014,1,20261015,1,20261016,1,20261019,1,20261020,1,20261021,1,20261022,1,20261023,1,20261026,1,20261027,1,20261028,1,20261029,1,20261030,1,20261102,1,20261103,1,20261104,1,20261105,1,20261106,1,20261109,1,20261110,1,20261111,1,20261112,1,20261113,1,20261116,1,20261117,1,20261118,1,20261119,1,20261120,1,20261123,1,20261124,1,20261125,1,20261126,1,20261127,1,20261130,1,20261201,1,20261202,1,20261203,1,20261204,1,20261207,1,20261208,1,20261209,1,20261210,1,20261211,1,20261214,1,20261215,1,20261216,1,20261217,1,20261218,1,20261221,1,20261222,1,20261223,1,20261224,1,20261225,1,20261228,1,20261229,1,20261230,1,20261231,1,20270101,1,20270104,1,20270105,1,20270106,1,20270107,1,20270108,1,20270111,1,20270112,1,20270113,1,20270114,1,20270115,1,20270118,1,20270119,1,20270120,1,20270121,1,20270122,1,20270125,1,20270126,1,20270127,1,20270128,1,20270129,1,20270201,1,20270202,1,20270203,1,20270204,1,20270205,1,20270208,1,20270209,1,20270210,1,20270211,1,20270212,1,20270215,1,20270216,1,20270217,1,20270218,1,20270219,1,20270222,1,20270223,1,20270224,1,20270225,1,20270226,1,20270301,1,20270302,1,20270303,1,20270304,1,20270305,1,20270308,1,20270309,1,20270310,1,20270311,1,20270312,1,20270315,1,20270316,1,20270317,1,20270318,1,20270319,1,20270322,1,20270323,1,20270324,1,20270325,1,20270326,1,20270329,1,20270330,1,20270331,1,20270401,1,20270402,1,20270405,1,20270406,1,20270407,1,20270408,1,20270409,1,20270412,1,20270413,1,20270414,1,20270415,1,20270416,1,20270419,1,20270420,1,20270421,1,20270422,1,20270423,1,20270426,1,20270427,1,20270428,1,20270429,1,20270430,1,20270503,1,20270504,1,20270505,1,20270506,1,20270507,1,20270510,1,20270511,1,20270512,1,20270513,1,20270514,1,20270517,1,20270518,1,20270519,1,20270520,1,20270521,1,20270524,1,20270525,1,20270526,1,20270527,1,20270528,1,20270531,1,20270601,1,20270602,1,20270603,1,20270604,1,20270607,1,20270608,1,20270609,1,20270610,1,20270611,1,20270614,1,20270615,1,20270616,1,20270617,1,20270618,1,20270621,1,20270622,1,20270623,1,20270624,1,20270625,1,20270628,1,20270629,1,20270630,1,20270701,1,20270702,1,20270705,1,20270706,1,20270707,1,20270708,1,20270709,1,20270712,1,20270713,1,20270714,1,20270715,1,20270716,1,20270719,1,20270720,1,20270721,1,20270722,1,20270723,1,20270726,1,20270727,1,20270728,1,20270729,1,20270730,1,20270802,1,20270803,1,20270804,1,20270805,1,20270806,1,20270809,1,20270810,1,20270811,1,20270812,1,20270813,1,20270816,1,20270817,1,20270818,1,20270819,1,20270820,1,20270823,1,20270824,1,20270825,1,20270826,1,20270827,1,20270830,1,20270831,1,20270901,1,20270902,1,20270903,1,20270906,1,20270907,1,20270908,1,20270909,1,20270910,1,20270913,1,20270914,1,20270915,1,20270916,1,20270917,1,20270920,1,20270921,1,20270922,1,20270923,1,20270924,1
'1413860',20260924,1,20260925,1,20260928,1,20260929,1,20260930,1,20261001,1,20261002,1,20261005,1,20261006,1,20261007,1,20261008,1,20261009,1,20261012,1,20261013,1,20261014,1,20261015,1,20261016,1,20261019,1,20261020,1,20261021,1,20261022,1,20261023,1,20261026,1,20261027,1,20261028,1,20261029,1,20261030,1,20261102,1,20261103,1,20261104,1,20261105,1,20261106,1,20261109,1,20261110,1,20261111,1,20261112,1,20261113,1,20261116,1,20261117,1,20261118,1,20261119,1,20261120,1,20261123,1,20261124,1,20261125,1,20261126,1,20261127,1,20261130,1,20261201,1,20261202,1,20261203,1,20261204,1,20261207,1,20261208,1,20261209,1,20261210,1,20261211,1,20261214,1,20261215,1,20261216,1,20261217,1,20261218,1,20261221,1,20261222,1,20261223,1,20261224,1,20261225,1,20261228,1,20261229,1,20261230,1,20261231,1,20270101,1,20270104,1,20270105,1,20270106,1,20270107,1,20270108,1,20270111,1,20270112,1,20270113,1,20270114,1,20270115,1,20270118,1,20270119,1,20270120,1,20270121,1,20270122,1,20270125,1,20270126,1,20270127,1,20270128,1,20270129,1,20270201,1,20270202,1,20270203,1,20270204,1,20270205,1,20270208,1,20270209,1,20270210,1,20270211,1,20270212,1,20270215,1,20270216,1,20270217,1,20270218,1,20270219,1,20270222,1,20270223,1,20270224,1,20270225,1,20270226,1,20270301,1,20270302,1,20270303,1,20270304,1,20270305,1,20270308,1,20270309,1,20270310,1,20270311,1,20270312,1,20270315,1,20270316,1,20270317,1,20270318,1,20270319,1,20270322,1,20270323,1,20270324,1,20270325,1,20270326,1,20270329,1,20270330,1,20270331,1,20270401,1,20270402,1,20270405,1,20270406,1,20270407,1,20270408,1,20270409,1,20270412,1,20270413,1,20270414,1,20270415,1,20270416,1,20270419,1,20270420,1,20270421,1,20270422,1,20270423,1,20270426,1,20270427,1,20270428,1,20270429,1,20270430,1,20270503,1,20270504,1,20270505,1,20270506,1,20270507,1,20270510,1,20270511,1,20270512,1,20270513,1,20270514,1,20270517,1,20270518,1,20270519,1,20270520,1,20270521,1,20270524,1,20270525,1,20270526,1,20270527,1,20270528,1,20270531,1,20270601,1,20270602,1,20270603,1,20270604,1,20270607,1,20270608,1,20270609,1,20270610,1,20270611,1,20270614,1,20270615,1,20270616,1,20270617,1,20270618,1,20270621,1,20270622,1,20270623,1,20270624,1,20270625,1,20270628,1,20270629,1,20270630,1,20270701,1,20270702,1,20270705,1,20270706,1,20270707,1,20270708,1,20270709,1,20270712,1,20270713,1,20270714,1,20270715,1,20270716,1,20270719,1,20270720,1,20270721,1,20270722,1,20270723,1,20270726,1,20270727,1,20270728,1,20270729,1,20270730,1,20270802,1,20270803,1,20270804,1,20270805,1,20270806,1,20270809,1,20270810,1,20270811,1,20270812,1,20270813,1,20270816,1,20270817,1,20270818,1,20270819,1,20270820,1,20270823,1,20270824,1,20270825,1,20270826,1,20270827,1,20270830,1,20270831,1,20270901,1,20270902,1,20270903,1,20270906,1,20270907,1,20270908,1,20270909,1,20270910,1,20270913,1,20270914,1,20270915,1,20270916,1,20270917,1,20270920,1,20270921,1,20270922,1,20270923,1,20270924,1
'1413872',20260924,1,20260925,1,20260928,1,20260929,1,20260930,1,20261001,1,20261002,1,20261005,1,20261006,1,20261007,1,20261008,1,20261009,1,20261012,1,20261013,1,20261014,1,20261015,1,20261016,1,20261019,1,20261020,1,20261021,1,20261022,1,20261023,1,20261026,1,20261027,1,20261028,1,20261029,1,20261030,1,20261102,1,20261103,1,20261104,1,20261105,1,20261106,1,20261109,1,20261110,1,20261111,1,20261112,1,20261113,1,20261116,1,20261117,1,20261118,1,20261119,1,20261120,1,20261123,1,20261124,1,20261125,1,20261126,1,20261127,1,20261130,1,20261201,1,20261202,1,20261203,1,20261204,1,20261207,1,20261208,1,20261209,1,20261210,1,20261211,1,20261214,1,20261215,1,20261216,1,20261217,1,20261218,1,20261221,1,20261222,1,20261223,1,20261224,1,20261225,1,20261228,1,20261229,1,20261230,1,20261231,1,20270101,1,20270104,1,20270105,1,20270106,1,20270107,1,20270108,1,20270111,1,20270112,1,20270113,1,20270114,1,20270115,1,20270118,1,20270119,1,20270120,1,20270121,1,20270122,1,20270125,1,20270126,1,20270127,1,20270128,1,20270129,1,20270201,1,20270202,1,20270203,1,20270204,1,20270205,1,20270208,1,20270209,1,20270210,1,20270211,1,20270212,1,20270215,1,20270216,1,20270217,1,20270218,1,20270219,1,20270222,1,20270223,1,20270224,1,20270225,1,20270226,1,20270301,1,20270302,1,20270303,1,20270304,1,20270305,1,20270308,1,20270309,1,20270310,1,20270311,1,20270312,1,20270315,1,20270316,1,20270317,1,20270318,1,20270319,1,20270322,1,20270323,1,20270324,1,20270325,1,20270326,1,20270329,1,20270330,1,20270331,1,20270401,1,20270402,1,20270405,1,20270406,1,20270407,1,20270408,1,20270409,1,20270412,1,20270413,1,20270414,1,20270415,1,20270416,1,20270419,1,20270420,1,20270421,1,20270422,1,20270423,1,20270426,1,20270427,1,20270428,1,20270429,1,20270430,1,20270503,1,20270504,1,20270505,1,20270506,1,20270507,1,20270510,1,20270511,1,20270512,1,20270513,1,20270514,1,20270517,1,20270518,1,20270519,1,20270520,1,20270521,1,20270524,1,20270525,1,20270526,1,20270527,1,20270528,1,20270531,1,20270601,1,20270602,1,20270603,1,20270604,1,20270607,1,20270608,1,20270609,1,20270610,1,20270611,1,20270614,1,20270615,1,20270616,1,20270617,1,20270618,1,20270621,1,20270622,1,20270623,1,20270624,1,20270625,1,20270628,1,20270629,1,20270630,1,20270701,1,20270702,1,20270705,1,20270706,1,20270707,1,20270708,1,20270709,1,20270712,1,20270713,1,20270714,1,20270715,1,20270716,1,20270719,1,20270720,1,20270721,1,20270722,1,20270723,1,20270726,1,20270727,1,20270728,1,20270729,1,20270730,1,20270802,1,20270803,1,20270804,1,20270805,1,20270806,1,20270809,1,20270810,1,20270811,1,20270812,1,20270813,1,20270816,1,20270817,1,20270818,1,20270819,1,20270820,1,20270823,1,20270824,1,20270825,1,20270826,1,20270827,1,20270830,1,20270831,1,20270901,1,20270902,1,20270903,1,20270906,1,20270907,1,20270908,1,20270909,1,20270910,1,20270913,1,20270914,1,20270915,1,20270916,1,20270917,1,20270920,1,20270921,1,20270922,1,20270923,1,20270924,1
'1413914',20260924,1,20260925,1,20260928,1,20260929,1,20260930,1,20261001,1,20261002,1,20261005,1,20261006,1,20261007,1,20261008,1,20261009,1,20261012,1,20261013,1,20261014,1,20261015,1,20261016,1,20261019,1,20261020,1,20261021,1,20261022,1,20261023,1,20261026,1,20261027,1,20261028,1,20261029,1,20261030,1,20261102,1,20261103,1,20261104,1,20261105,1,20261106,1,20261109,1,20261110,1,20261111,1,20261112,1,20261113,1,20261116,1,20261117,1,20261118,1,20261119,1,20261120,1,20261123,1,20261124,1,20261125,1,20261126,1,20261127,1,20261130,1,20261201,1,20261202,1,20261203,1,20261204,1,20261207,1,20261208,1,20261209,1,20261210,1,20261211,1,20261214,1,20261215,1,20261216,1,20261217,1,20261218,1,20261221,1,20261222,1,20261223,1,20261224,1,20261225,1,20261228,1,20261229,1,20261230,1,20261231,1,20270101,1,20270104,1,20270105,1,20270106,1,20270107,1,20270108,1,20270111,1,20270112,1,20270113,1,20270114,1,20270115,1,20270118,1,20270119,1,20270120,1,20270121,1,20270122,1,20270125,1,20270126,1,20270127,1,20270128,1,20270129,1,20270201,1,20270202,1,20270203,1,20270204,1,20270205,1,20270208,1,20270209,1,20270210,1,20270211,1,20270212,1,20270215,1,20270216,1,20270217,1,20270218,1,20270219,1,20270222,1,20270223,1,20270224,1,20270225,1,20270226,1,20270301,1,20270302,1,20270303,1,20270304,1,20270305,1,20270308,1,20270309,1,20270310,1,20270311,1,20270312,1,20270315,1,20270316,1,20270317,1,20270318,1,20270319,1,20270322,1,20270323,1,20270324,1,20270325,1,20270326,1,20270329,1,20270330,1,20270331,1,20270401,1,20270402,1,20270405,1,20270406,1,20270407,1,20270408,1,20270409,1,20270412,1,20270413,1,20270414,1,20270415,1,20270416,1,20270419,1,20270420,1,20270421,1,20270422,1,20270423,1,20270426,1,20270427,1,20270428,1,20270429,1,20270430,1,20270503,1,20270504,1,20270505,1,20270506,1,20270507,1,20270510,1,20270511,1,20270512,1,20270513,1,20270514,1,20270517,1,20270518,1,20270519,1,20270520,1,20270521,1,20270524,1,20270525,1,20270526,1,20270527,1,20270528,1,20270531,1,20270601,1,20270602,1,20270603,1,20270604,1,20270607,1,20270608,1,20270609,1,20270610,1,20270611,1,20270614,1,20270615,1,20270616,1,20270617,1,20270618,1,20270621,1,20270622,1,20270623,1,20270624,1,20270625,1,20270628,1,20270629,1,20270630,1,20270701,1,20270702,1,20270705,1,20270706,1,20270707,1,20270708,1,20270709,1,20270712,1,20270713,1,20270714,1,20270715,1,20270716,1,20270719,1,20270720,1,20270721,1,20270722,1,20270723,1,20270726,1,20270727,1,20270728,1,20270729,1,20270730,1,20270802,1,20270803,1,20270804,1,20270805,1,20270806,1,20270809,1,20270810,1,20270811,1,20270812,1,20270813,1,20270816,1,20270817,1,20270818,1,20270819,1,20270820,1,20270823,1,20270824,1,20270825,1,20270826,1,20270827,1,20270830,1,20270831,1,20270901,1,20270902,1,20270903,1,20270906,1,20270907,1,20270908,1,20270909,1,20270910,1,20270913,1,20270914,1,20270915,1,20270916,1,20270917,1,20270920,1,20270921,1,20270922,1,20270923,1,20270924,1
'1413976',20260924,1,20260925,1,20260928,1,20260929,1,20260930,1,20261001,1,20261002,1,20261005,1,20261006,1,20261007,1,20261008,1,20261009,1,20261012,1,20261013,1,20261014,1,20261015,1,20261016,1,20261019,1,20261020,1,20261021,1,20261022,1,20261023,1,20261026,1,20261027,1,20261028,1,20261029,1,20261030,1,20261102,1,20261103,1,20261104,1,20261105,1,20261106,1,20261109,1,20261110,1,20261111,1,20261112,1,20261113,1,20261116,1,20261117,1,20261118,1,20261119,1,20261120,1,20261123,1,20261124,1,20261125,1,20261126,1,20261127,1,20261130,1,20261201,1,20261202,1,20261203,1,20261204,1,20261207,1,20261208,1,20261209,1,20261210,1,20261211,1,20261214,1,20261215,1,20261216,1,20261217,1,20261218,1,20261221,1,20261222,1,20261223,1,20261224,1,20261225,1,20261228,1,20261229,1,20261230,1,20261231,1,20270101,1,20270104,1,20270105,1,20270106,1,20270107,1,20270108,1,20270111,1,20270112,1,20270113,1,20270114,1,20270115,1,20270118,1,20270119,1,20270120,1,20270121,1,20270122,1,20270125,1,20270126,1,20270127,1,20270128,1,20270129,1,20270201,1,20270202,1,20270203,1,20270204,1,20270205,1,20270208,1,20270209,1,20270210,1,20270211,1,20270212,1,20270215,1,20270216,1,20270217,1,20270218,1,20270219,1,20270222,1,20270223,1,20270224,1,20270225,1,20270226,1,20270301,1,20270302,1,20270303,1,20270304,1,20270305,1,20270308,1,20270309,1,20270310,1,20270311,1,20270312,1,20270315,1,20270316,1,20270317,1,20270318,1,20270319,1,20270322,1,20270323,1,20270324,1,20270325,1,20270326,1,20270329,1,20270330,1,20270331,1,20270401,1,20270402,1,20270405,1,20270406,1,20270407,1,20270408,1,20270409,1,20270412,1,20270413,1,20270414,1,20270415,1,20270416,1,20270419,1,20270420,1,20270421,1,20270422,1,20270423,1,20270426,1,20270427,1,20270428,1,20270429,1,20270430,1,20270503,1,20270504,1,20270505,1,20270506,1,20270507,1,20270510,1,20270511,1,20270512,1,20270513,1,20270514,1,20270517,1,20270518,1,20270519,1,20270520,1,20270521,1,20270524,1,20270525,1,20270526,1,20270527,1,20270528,1,20270531,1,20270601,1,20270602,1,20270603,1,20270604,1,20270607,1,20270608,1,20270609,1,20270610,1,20270611,1,20270614,1,20270615,1,20270616,1,20270617,1,20270618,1,20270621,1,20270622,1,20270623,1,20270624,1,20270625,1,20270628,1,20270629,1,20270630,1,20270701,1,20270702,1,20270705,1,20270706,1,20270707,1,20270708,1,20270709,1,20270712,1,20270713,1,20270714,1,20270715,1,20270716,1,20270719,1,20270720,1,20270721,1,20270722,1,20270723,1,20270726,1,20270727,1,20270728,1,20270729,1,20270730,1,20270802,1,20270803,1,20270804,1,20270805,1,20270806,1,20270809,1,20270810,1,20270811,1,20270812,1,20270813,1,20270816,1,20270817,1,20270818,1,20270819,1,20270820,1,20270823,1,20270824,1,20270825,1,20270826,1,20270827,1,20270830,1,20270831,1,20270901,1,20270902,1,20270903,1,20270906,1,20270907,1,20270908,1,20270909,1,20270910,1,20270913,1,20270914,1,20270915,1,20270916,1,20270917,1,20270920,1,20270921,1,20270922,1,20270923,1,20270924,1
'1463114',20260924,1,20260925,1,20260928,1,20260929,1,20260930,1,20261001,1,20261002,1,20261005,1,20261006,1,20261007,1,20261008,1,20261009,1,20261012,1,20261013,1,20261014,1,20261015,1,20261016,1,20261019,1,20261020,1,20261021,1,20261022,1,20261023,1,20261026,1,20261027,1,20261028,1,20261029,1,20261030,1,20261102,1,20261103,1,20261104,1,20261105,1,20261106,1,20261109,1,20261110,1,20261111,1,20261112,1,20261113,1,20261116,1,20261117,1,20261118,1,20261119,1,20261120,1,20261123,1,20261124,1,20261125,1,20261126,1,20261127,1,20261130,1,20261201,1,20261202,1,20261203,1,20261204,1,20261207,1,20261208,1,20261209,1,20261210,1,20261211,1,20261214,1,20261215,1,20261216,1,20261217,1,20261218,1,20261221,1,20261222,1,20261223,1,20261224,1,20261225,1,20261228,1,20261229,1,20261230,1,20261231,1,20270101,1,20270104,1,20270105,1,20270106,1,20270107,1,20270108,1,20270111,1,20270112,1,20270113,1,20270114,1,20270115,1,20270118,1,20270119,1,20270120,1,20270121,1,20270122,1,20270125,1,20270126,1,20270127,1,20270128,1,20270129,1,20270201,1,20270202,1,20270203,1,20270204,1,20270205,1,20270208,1,20270209,1,20270210,1,20270211,1,20270212,1,20270215,1,20270216,1,20270217,1,20270218,1,20270219,1,20270222,1,20270223,1,20270224,1,20270225,1,20270226,1,20270301,1,20270302,1,20270303,1,20270304,1,20270305,1,20270308,1,20270309,1,20270310,1,20270311,1,20270312,1,20270315,1,20270316,1,20270317,1,20270318,1,20270319,1,20270322,1,20270323,1,20270324,1,20270325,1,20270326,1,20270329,1,20270330,1,20270331,1,20270401,1,20270402,1,20270405,1,20270406,1,20270407,1,20270408,1,20270409,1,20270412,1,20270413,1,20270414,1,20270415,1,20270416,1,20270419,1,20270420,1,20270421,1,20270422,1,20270423,1,20270426,1,20270427,1,20270428,1,20270429,1,20270430,1,20270503,1,20270504,1,20270505,1,20270506,1,20270507,1,20270510,1,20270511,1,20270512,1,20270513,1,20270514,1,20270517,1,20270518,1,20270519,1,20270520,1,20270521,1,20270524,1,20270525,1,20270526,1,20270527,1,20270528,1,20270531,1,20270601,1,20270602,1,20270603,1,20270604,1,20270607,1,20270608,1,20270609,1,20270610,1,20270611,1,20270614,1,20270615,1,20270616,1,20270617,1,20270618,1,20270621,1,20270622,1,20270623,1,20270624,1,20270625,1,20270628,1,20270629,1,20270630,1,20270701,1,20270702,1,20270705,1,20270706,1,20270707,1,20270708,1,20270709,1,20270712,1,20270713,1,20270714,1,20270715,1,20270716,1,20270719,1,20270720,1,20270721,1,20270722,1,20270723,1,20270726,1,20270727,1,20270728,1,20270729,1,20270730,1,20270802,1,20270803,1,20270804,1,20270805,1,20270806,1,20270809,1,20270810,1,20270811,1,20270812,1,20270813,1,20270816,1,20270817,1,20270818,1,20270819,1,20270820,1,20270823,1,20270824,1,20270825,1,20270826,1,20270827,1,20270830,1,20270831,1,20270901,1,20270902,1,20270903,1,20270906,1,20270907,1,20270908,1,20270909,1,20270910,1,20270913,1,20270914,1,20270915,1,20270916,1,20270917,1,20270920,1,20270921,1,20270922,1,20270923,1,20270924,1
'1463124',20260924,1,20260925,1,20260928,1,20260929,1,20260930,1,20261001,1,20261002,1,20261005,1,20261006,1,20261007,1,20261008,1,20261009,1,20261012,1,20261013,1,20261014,1,20261015,1,20261016,1,20261019,1,20261020,1,20261021,1,20261022,1,20261023,1,20261026,1,20261027,1,20261028,1,20261029,1,20261030,1,20261102,1,20261103,1,20261104,1,20261105,1,20261106,1,20261109,1,20261110,1,20261111,1,20261112,1,20261113,1,20261116,1,20261117,1,20261118,1,20261119,1,20261120,1,20261123,1,20261124,1,20261125,1,20261126,1,20261127,1,20261130,1,20261201,1,20261202,1,20261203,1,20261204,1,20261207,1,20261208,1,20261209,1,20261210,1,20261211,1,20261214,1,20261215,1,20261216,1,20261217,1,20261218,1,20261221,1,20261222,1,20261223,1,20261224,1,20261225,1,20261228,1,20261229,1,20261230,1,20261231,1,20270101,1,20270104,1,20270105,1,20270106,1,20270107,1,20270108,1,20270111,1,20270112,1,20270113,1,20270114,1,20270115,1,20270118,1,20270119,1,20270120,1,20270121,1,20270122,1,20270125,1,20270126,1,20270127,1,20270128,1,20270129,1,20270201,1,20270202,1,20270203,1,20270204,1,20270205,1,20270208,1,20270209,1,20270210,1,20270211,1,20270212,1,20270215,1,20270216,1,20270217,1,20270218,1,20270219,1,20270222,1,20270223,1,20270224,1,20270225,1,20270226,1,20270301,1,20270302,1,20270303,1,20270304,1,20270305,1,20270308,1,20270309,1,20270310,1,20270311,1,20270312,1,20270315,1,20270316,1,20270317,1,20270318,1,20270319,1,20270322,1,20270323,1,20270324,1,20270325,1,20270326,1,20270329,1,20270330,1,20270331,1,20270401,1,20270402,1,20270405,1,20270406,1,20270407,1,20270408,1,20270409,1,20270412,1,20270413,1,20270414,1,20270415,1,20270416,1,20270419,1,20270420,1,20270421,1,20270422,1,20270423,1,20270426,1,20270427,1,20270428,1,20270429,1,20270430,1,20270503,1,20270504,1,20270505,1,20270506,1,20270507,1,20270510,1,20270511,1,20270512,1,20270513,1,20270514,1,20270517,1,20270518,1,20270519,1,20270520,1,20270521,1,20270524,1,20270525,1,20270526,1,20270527,1,20270528,1,20270531,1,20270601,1,20270602,1,20270603,1,20270604,1,20270607,1,20270608,1,20270609,1,20270610,1,20270611,1,20270614,1,20270615,1,20270616,1,20270617,1,20270618,1,20270621,1,20270622,1,20270623,1,20270624,1,20270625,1,20270628,1,20270629,1,20270630,1,20270701,1,20270702,1,20270705,1,20270706,1,20270707,1,20270708,1,20270709,1,20270712,1,20270713,1,20270714,1,20270715,1,20270716,1,20270719,1,20270720,1,20270721,1,20270722,1,20270723,1,20270726,1,20270727,1,20270728,1,20270729,1,20270730,1,20270802,1,20270803,1,20270804,1,20270805,1,20270806,1,20270809,1,20270810,1,20270811,1,20270812,1,20270813,1,20270816,1,20270817,1,20270818,1,20270819,1,20270820,1,20270823,1,20270824,1,20270825,1,20270826,1,20270827,1,20270830,1,20270831,1,20270901,1,20270902,1,20270903,1,20270906,1,20270907,1,20270908,1,20270909,1,20270910,1,20270913,1,20270914,1,20270915,1,20270916,1,20270917,1,20270920,1,20270921,1,20270922,1,20270923,1,20270924,1
'1463129',20260924,1,20260925,1,20260928,1,20260929,1,20260930,1,20261001,1,20261002,1,20261005,1,20261006,1,20261007,1,20261008,1,20261009,1,20261012,1,20261013,1,20261014,1,20261015,1,20261016,1,20261019,1,20261020,1,20261021,1,20261022,1,20261023,1,20261026,1,20261027,1,20261028,1,20261029,1,20261030,1,20261102,1,20261103,1,20261104,1,20261105,1,20261106,1,20261109,1,20261110,1,20261111,1,20261112,1,20261113,1,20261116,1,20261117,1,20261118,1,20261119,1,20261120,1,20261123,1,20261124,1,20261125,1,20261126,1,20261127,1,20261130,1,20261201,1,20261202,1,20261203,1,20261204,1,20261207,1,20261208,1,20261209,1,20261210,1,20261211,1,20261214,1,20261215,1,20261216,1,20261217,1,20261218,1,20261221,1,20261222,1,20261223,1,20261224,1,20261225,1,20261228,1,20261229,1,20261230,1,20261231,1,20270101,1,20270104,1,20270105,1,20270106,1,20270107,1,20270108,1,20270111,1,20270112,1,20270113,1,20270114,1,20270115,1,20270118,1,20270119,1,20270120,1,20270121,1,20270122,1,20270125,1,20270126,1,20270127,1,20270128,1,20270129,1,20270201,1,20270202,1,20270203,1,20270204,1,20270205,1,20270208,1,20270209,1,20270210,1,20270211,1,20270212,1,20270215,1,20270216,1,20270217,1,20270218,1,20270219,1,20270222,1,20270223,1,20270224,1,20270225,1,20270226,1,20270301,1,20270302,1,20270303,1,20270304,1,20270305,1,20270308,1,20270309,1,20270310,1,20270311,1,20270312,1,20270315,1,20270316,1,20270317,1,20270318,1,20270319,1,20270322,1,20270323,1,20270324,1,20270325,1,20270326,1,20270329,1,20270330,1,20270331,1,20270401,1,20270402,1,20270405,1,20270406,1,20270407,1,20270408,1,20270409,1,20270412,1,20270413,1,20270414,1,20270415,1,20270416,1,20270419,1,20270420,1,20270421,1,20270422,1,20270423,1,20270426,1,20270427,1,20270428,1,20270429,1,20270430,1,20270503,1,20270504,1,20270505,1,20270506,1,20270507,1,20270510,1,20270511,1,20270512,1,20270513,1,20270514,1,20270517,1,20270518,1,20270519,1,20270520,1,20270521,1,20270524,1,20270525,1,20270526,1,20270527,1,20270528,1,20270531,1,20270601,1,20270602,1,20270603,1,20270604,1,20270607,1,20270608,1,20270609,1,20270610,1,20270611,1,20270614,1,20270615,1,20270616,1,20270617,1,20270618,1,20270621,1,20270622,1,20270623,1,20270624,1,20270625,1,20270628,1,20270629,1,20270630,1,20270701,1,20270702,1,20270705,1,20270706,1,20270707,1,20270708,1,20270709,1,20270712,1,20270713,1,20270714,1,20270715,1,20270716,1,20270719,1,20270720,1,20270721,1,20270722,1,20270723,1,20270726,1,20270727,1,20270728,1,20270729,1,20270730,1,20270802,1,20270803,1,20270804,1,20270805,1,20270806,1,20270809,1,20270810,1,20270811,1,20270812,1,20270813,1,20270816,1,20270817,1,20270818,1,20270819,1,20270820,1,20270823,1,20270824,1,20270825,1,20270826,1,20270827,1,20270830,1,20270831,1,20270901,1,20270902,1,20270903,1,20270906,1,20270907,1,20270908,1,20270909,1,20270910,1,20270913,1,20270914,1,20270915,1,20270916,1,20270917,1,20270920,1,20270921,1,20270922,1,20270923,1,20270924,1
'1463141',20260924,1,20260925,1,20260928,1,20260929,1,20260930,1,20261001,1,20261002,1,20261005,1,20261006,1,20261007,1,20261008,1,20261009,1,20261012,1,20261013,1,20261014,1,20261015,1,20261016,1,20261019,1,20261020,1,20261021,1,20261022,1,20261023,1,20261026,1,20261027,1,20261028,1,20261029,1,20261030,1,20261102,1,20261103,1,20261104,1,20261105,1,20261106,1,20261109,1,20261110,1,20261111,1,20261112,1,20261113,1,20261116,1,20261117,1,20261118,1,20261119,1,20261120,1,20261123,1,20261124,1,20261125,1,20261126,1,20261127,1,20261130,1,20261201,1,20261202,1,20261203,1,20261204,1,20261207,1,20261208,1,20261209,1,20261210,1,20261211,1,20261214,1,20261215,1,20261216,1,20261217,1,20261218,1,20261221,1,20261222,1,20261223,1,20261224,1,20261225,1,20261228,1,20261229,1,20261230,1,20261231,1,20270101,1,20270104,1,20270105,1,20270106,1,20270107,1,20270108,1,20270111,1,20270112,1,20270113,1,20270114,1,20270115,1,20270118,1,20270119,1,20270120,1,20270121,1,20270122,1,20270125,1,20270126,1,20270127,1,20270128,1,20270129,1,20270201,1,20270202,1,20270203,1,20270204,1,20270205,1,20270208,1,20270209,1,20270210,1,20270211,1,20270212,1,20270215,1,20270216,1,20270217,1,20270218,1,20270219,1,20270222,1,20270223,1,20270224,1,20270225,1,20270226,1,20270301,1,20270302,1,20270303,1,20270304,1,20270305,1,20270308,1,20270309,1,20270310,1,20270311,1,20270312,1,20270315,1,20270316,1,20270317,1,20270318,1,20270319,1,20270322,1,20270323,1,20270324,1,20270325,1,20270326,1,20270329,1,20270330,1,20270331,1,20270401,1,20270402,1,20270405,1,20270406,1,20270407,1,20270408,1,20270409,1,20270412,1,20270413,1,20270414,1,20270415,1,20270416,1,20270419,1,20270420,1,20270421,1,20270422,1,20270423,1,20270426,1,20270427,1,20270428,1,20270429,1,20270430,1,20270503,1,20270504,1,20270505,1,20270506,1,20270507,1,20270510,1,20270511,1,20270512,1,20270513,1,20270514,1,20270517,1,20270518,1,20270519,1,20270520,1,20270521,1,20270524,1,20270525,1,20270526,1,20270527,1,20270528,1,20270531,1,20270601,1,20270602,1,20270603,1,20270604,1,20270607,1,20270608,1,20270609,1,20270610,1,20270611,1,20270614,1,20270615,1,20270616,1,20270617,1,20270618,1,20270621,1,20270622,1,20270623,1,20270624,1,20270625,1,20270628,1,20270629,1,20270630,1,20270701,1,20270702,1,20270705,1,20270706,1,20270707,1,20270708,1,20270709,1,20270712,1,20270713,1,20270714,1,20270715,1,20270716,1,20270719,1,20270720,1,20270721,1,20270722,1,20270723,1,20270726,1,20270727,1,20270728,1,20270729,1,20270730,1,20270802,1,20270803,1,20270804,1,20270805,1,20270806,1,20270809,1,20270810,1,20270811,1,20270812,1,20270813,1,20270816,1,20270817,1,20270818,1,20270819,1,20270820,1,20270823,1,20270824,1,20270825,1,20270826,1,20270827,1,20270830,1,20270831,1,20270901,1,20270902,1,20270903,1,20270906,1,20270907,1,20270908,1,20270909,1,20270910,1,20270913,1,20270914,1,20270915,1,20270916,1,20270917,1,20270920,1,20270921,1,20270922,1,20270923,1,20270924,1
'1463166',20260924,1,20260925,1,20260928,1,20260929,1,20260930,1,20261001,1,20261002,1,20261005,1,20261006,1,20261007,1,20261008,1,20261009,1,20261012,1,20261013,1,20261014,1,20261015,1,20261016,1,20261019,1,20261020,1,20261021,1,20261022,1,20261023,1,20261026,1,20261027,1,20261028,1,20261029,1,20261030,1,20261102,1,20261103,1,20261104,1,20261105,1,20261106,1,20261109,1,20261110,1,20261111,1,20261112,1,20261113,1,20261116,1,20261117,1,20261118,1,20261119,1,20261120,1,20261123,1,20261124,1,20261125,1,20261126,1,20261127,1,20261130,1,20261201,1,20261202,1,20261203,1,20261204,1,20261207,1,20261208,1,20261209,1,20261210,1,20261211,1,20261214,1,20261215,1,20261216,1,20261217,1,20261218,1,20261221,1,20261222,1,20261223,1,20261224,1,20261225,1,20261228,1,20261229,1,20261230,1,20261231,1,20270101,1,20270104,1,20270105,1,20270106,1,20270107,1,20270108,1,20270111,1,20270112,1,20270113,1,20270114,1,20270115,1,20270118,1,20270119,1,20270120,1,20270121,1,20270122,1,20270125,1,20270126,1,20270127,1,20270128,1,20270129,1,20270201,1,20270202,1,20270203,1,20270204,1,20270205,1,20270208,1,20270209,1,20270210,1,20270211,1,20270212,1,20270215,1,20270216,1,20270217,1,20270218,1,20270219,1,20270222,1,20270223,1,20270224,1,20270225,1,20270226,1,20270301,1,20270302,1,20270303,1,20270304,1,20270305,1,20270308,1,20270309,1,20270310,1,20270311,1,20270312,1,20270315,1,20270316,1,20270317,1,20270318,1,20270319,1,20270322,1,20270323,1,20270324,1,20270325,1,20270326,1,20270329,1,20270330,1,20270331,1,20270401,1,20270402,1,20270405,1,20270406,1,20270407,1,20270408,1,20270409,1,20270412,1,20270413,1,20270414,1,20270415,1,20270416,1,20270419,1,20270420,1,20270421,1,20270422,1,20270423,1,20270426,1,20270427,1,20270428,1,20270429,1,20270430,1,20270503,1,20270504,1,20270505,1,20270506,1,20270507,1,20270510,1,20270511,1,20270512,1,20270513,1,20270514,1,20270517,1,20270518,1,20270519,1,20270520,1,20270521,1,20270524,1,20270525,1,20270526,1,20270527,1,20270528,1,20270531,1,20270601,1,20270602,1,20270603,1,20270604,1,20270607,1,20270608,1,20270609,1,20270610,1,20270611,1,20270614,1,20270615,1,20270616,1,20270617,1,20270618,1,20270621,1,20270622,1,20270623,1,20270624,1,20270625,1,20270628,1,20270629,1,20270630,1,20270701,1,20270702,1,20270705,1,20270706,1,20270707,1,20270708,1,20270709,1,20270712,1,20270713,1,20270714,1,20270715,1,20270716,1,20270719,1,20270720,1,20270721,1,20270722,1,20270723,1,20270726,1,20270727,1,20270728,1,20270729,1,20270730,1,20270802,1,20270803,1,20270804,1,20270805,1,20270806,1,20270809,1,20270810,1,20270811,1,20270812,1,20270813,1,20270816,1,20270817,1,20270818,1,20270819,1,20270820,1,20270823,1,20270824,1,20270825,1,20270826,1,20270827,1,20270830,1,20270831,1,20270901,1,20270902,1,20270903,1,20270906,1,20270907,1,20270908,1,20270909,1,20270910,1,20270913,1,20270914,1,20270915,1,20270916,1,20270917,1,20270920,1,20270921,1,20270922,1,20270923,1,20270924,1
'1463175',20260924,1,20260925,1,20260928,1,20260929,1,20260930,1,20261001,1,20261002,1,20261005,1,20261006,1,20261007,1,20261008,1,20261009,1,20261012,1,20261013,1,20261014,1,20261015,1,20261016,1,20261019,1,20261020,1,20261021,1,20261022,1,20261023,1,20261026,1,20261027,1,20261028,1,20261029,1,20261030,1,20261102,1,20261103,1,20261104,1,20261105,1,20261106,1,20261109,1,20261110,1,20261111,1,20261112,1,20261113,1,20261116,1,20261117,1,20261118,1,20261119,1,20261120,1,20261123,1,20261124,1,20261125,1,20261126,1,20261127,1,20261130,1,20261201,1,20261202,1,20261203,1,20261204,1,20261207,1,20261208,1,20261209,1,20261210,1,20261211,1,20261214,1,20261215,1,20261216,1,20261217,1,20261218,1,20261221,1,20261222,1,20261223,1,20261224,1,20261225,1,20261228,1,20261229,1,20261230,1,20261231,1,20270101,1,20270104,1,20270105,1,20270106,1,20270107,1,20270108,1,20270111,1,20270112,1,20270113,1,20270114,1,20270115,1,20270118,1,20270119,1,20270120,1,20270121,1,20270122,1,20270125,1,20270126,1,20270127,1,20270128,1,20270129,1,20270201,1,20270202,1,20270203,1,20270204,1,20270205,1,20270208,1,20270209,1,20270210,1,20270211,1,20270212,1,20270215,1,20270216,1,20270217,1,20270218,1,20270219,1,20270222,1,20270223,1,20270224,1,20270225,1,20270226,1,20270301,1,20270302,1,20270303,1,20270304,1,20270305,1,20270308,1,20270309,1,20270310,1,20270311,1,20270312,1,20270315,1,20270316,1,20270317,1,20270318,1,20270319,1,20270322,1,20270323,1,20270324,1,20270325,1,20270326,1,20270329,1,20270330,1,20270331,1,20270401,1,20270402,1,20270405,1,20270406,1,20270407,1,20270408,1,20270409,1,20270412,1,20270413,1,20270414,1,20270415,1,20270416,1,20270419,1,20270420,1,20270421,1,20270422,1,20270423,1,20270426,1,20270427,1,20270428,1,20270429,1,20270430,1,20270503,1,20270504,1,20270505,1,20270506,1,20270507,1,20270510,1,20270511,1,20270512,1,20270513,1,20270514,1,20270517,1,20270518,1,20270519,1,20270520,1,20270521,1,20270524,1,20270525,1,20270526,1,20270527,1,20270528,1,20270531,1,20270601,1,20270602,1,20270603,1,20270604,1,20270607,1,20270608,1,20270609,1,20270610,1,20270611,1,20270614,1,20270615,1,20270616,1,20270617,1,20270618,1,20270621,1,20270622,1,20270623,1,20270624,1,20270625,1,20270628,1,20270629,1,20270630,1,20270701,1,20270702,1,20270705,1,20270706,1,20270707,1,20270708,1,20270709,1,20270712,1,20270713,1,20270714,1,20270715,1,20270716,1,20270719,1,20270720,1,20270721,1,20270722,1,20270723,1,20270726,1,20270727,1,20270728,1,20270729,1,20270730,1,20270802,1,20270803,1,20270804,1,20270805,1,20270806,1,20270809,1,20270810,1,20270811,1,20270812,1,20270813,1,20270816,1,20270817,1,20270818,1,20270819,1,20270820,1,20270823,1,20270824,1,20270825,1,20270826,1,20270827,1,20270830,1,20270831,1,20270901,1,20270902,1,20270903,1,20270906,1,20270907,1,20270908,1,20270909,1,20270910,1,20270913,1,20270914,1,20270915,1,20270916,1,20270917,1,20270920,1,20270921,1,20270922,1,20270923,1,20270924,1
'1463193',20260924,1,20260925,1,20260928,1,20260929,1,20260930,1,20261001,1,20261002,1,20261005,1,20261006,1,20261007,1,20261008,1,20261009,1,20261012,1,20261013,1,20261014,1,20261015,1,20261016,1,20261019,1,20261020,1,20261021,1,20261022,1,20261023,1,20261026,1,20261027,1,20261028,1,20261029,1,20261030,1,20261102,1,20261103,1,20261104,1,20261105,1,20261106,1,20261109,1,20261110,1,20261111,1,20261112,1,20261113,1,20261116,1,20261117,1,20261118,1,20261119,1,20261120,1,20261123,1,20261124,1,20261125,1,20261126,1,20261127,1,20261130,1,20261201,1,20261202,1,20261203,1,20261204,1,20261207,1,20261208,1,20261209,1,20261210,1,20261211,1,20261214,1,20261215,1,20261216,1,20261217,1,20261218,1,20261221,1,20261222,1,20261223,1,20261224,1,20261225,1,20261228,1,20261229,1,20261230,1,20261231,1,20270101,1,20270104,1,20270105,1,20270106,1,20270107,1,20270108,1,20270111,1,20270112,1,20270113,1,20270114,1,20270115,1,20270118,1,20270119,1,20270120,1,20270121,1,20270122,1,20270125,1,20270126,1,20270127,1,20270128,1,20270129,1,20270201,1,20270202,1,20270203,1,20270204,1,20270205,1,20270208,1,20270209,1,20270210,1,20270211,1,20270212,1,20270215,1,20270216,1,20270217,1,20270218,1,20270219,1,20270222,1,20270223,1,20270224,1,20270225,1,20270226,1,20270301,1,20270302,1,20270303,1,20270304,1,20270305,1,20270308,1,20270309,1,20270310,1,20270311,1,20270312,1,20270315,1,20270316,1,20270317,1,20270318,1,20270319,1,20270322,1,20270323,1,20270324,1,20270325,1,20270326,1,20270329,1,20270330,1,20270331,1,20270401,1,20270402,1,20270405,1,20270406,1,20270407,1,20270408,1,20270409,1,20270412,1,20270413,1,20270414,1,20270415,1,20270416,1,20270419,1,20270420,1,20270421,1,20270422,1,20270423,1,20270426,1,20270427,1,20270428,1,20270429,1,20270430,1,20270503,1,20270504,1,20270505,1,20270506,1,20270507,1,20270510,1,20270511,1,20270512,1,20270513,1,20270514,1,20270517,1,20270518,1,20270519,1,20270520,1,20270521,1,20270524,1,20270525,1,20270526,1,20270527,1,20270528,1,20270531,1,20270601,1,20270602,1,20270603,1,20270604,1,20270607,1,20270608,1,20270609,1,20270610,1,20270611,1,20270614,1,20270615,1,20270616,1,20270617,1,20270618,1,20270621,1,20270622,1,20270623,1,20270624,1,20270625,1,20270628,1,20270629,1,20270630,1,20270701,1,20270702,1,20270705,1,20270706,1,20270707,1,20270708,1,20270709,1,20270712,1,20270713,1,20270714,1,20270715,1,20270716,1,20270719,1,20270720,1,20270721,1,20270722,1,20270723,1,20270726,1,20270727,1,20270728,1,20270729,1,20270730,1,20270802,1,20270803,1,20270804,1,20270805,1,20270806,1,20270809,1,20270810,1,20270811,1,20270812,1,20270813,1,20270816,1,20270817,1,20270818,1,20270819,1,20270820,1,20270823,1,20270824,1,20270825,1,20270826,1,20270827,1,20270830,1,20270831,1,20270901,1,20270902,1,20270903,1,20270906,1,20270907,1,20270908,1,20270909,1,20270910,1,20270913,1,20270914,1,20270915,1,20270916,1,20270917,1,20270920,1,20270921,1,20270922,1,20270923,1,20270924,1
'1463219',20260924,1,20260925,1,20260928,1,20260929,1,20260930,1,20261001,1,20261002,1,20261005,1,20261006,1,20261007,1,20261008,1,20261009,1,20261012,1,20261013,1,20261014,1,20261015,1,20261016,1,20261019,1,20261020,1,20261021,1,20261022,1,20261023,1,20261026,1,20261027,1,20261028,1,20261029,1,20261030,1,20261102,1,20261103,1,20261104,1,20261105,1,20261106,1,20261109,1,20261110,1,20261111,1,20261112,1,20261113,1,20261116,1,20261117,1,20261118,1,20261119,1,20261120,1,20261123,1,20261124,1,20261125,1,20261126,1,20261127,1,20261130,1,20261201,1,20261202,1,20261203,1,20261204,1,20261207,1,20261208,1,20261209,1,20261210,1,20261211,1,20261214,1,20261215,1,20261216,1,20261217,1,20261218,1,20261221,1,20261222,1,20261223,1,20261224,1,20261225,1,20261228,1,20261229,1,20261230,1,20261231,1,20270101,1,20270104,1,20270105,1,20270106,1,20270107,1,20270108,1,20270111,1,20270112,1,20270113,1,20270114,1,20270115,1,20270118,1,20270119,1,20270120,1,20270121,1,20270122,1,20270125,1,20270126,1,20270127,1,20270128,1,20270129,1,20270201,1,20270202,1,20270203,1,20270204,1,20270205,1,20270208,1,20270209,1,20270210,1,20270211,1,20270212,1,20270215,1,20270216,1,20270217,1,20270218,1,20270219,1,20270222,1,20270223,1,20270224,1,20270225,1,20270226,1,20270301,1,20270302,1,20270303,1,20270304,1,20270305,1,20270308,1,20270309,1,20270310,1,20270311,1,20270312,1,20270315,1,20270316,1,20270317,1,20270318,1,20270319,1,20270322,1,20270323,1,20270324,1,20270325,1,20270326,1,20270329,1,20270330,1,20270331,1,20270401,1,20270402,1,20270405,1,20270406,1,20270407,1,20270408,1,20270409,1,20270412,1,20270413,1,20270414,1,20270415,1,20270416,1,20270419,1,20270420,1,20270421,1,20270422,1,20270423,1,20270426,1,20270427,1,20270428,1,20270429,1,20270430,1,20270503,1,20270504,1,20270505,1,20270506,1,20270507,1,20270510,1,20270511,1,20270512,1,20270513,1,20270514,1,20270517,1,20270518,1,20270519,1,20270520,1,20270521,1,20270524,1,20270525,1,20270526,1,20270527,1,20270528,1,20270531,1,20270601,1,20270602,1,20270603,1,20270604,1,20270607,1,20270608,1,20270609,1,20270610,1,20270611,1,20270614,1,20270615,1,20270616,1,20270617,1,20270618,1,20270621,1,20270622,1,20270623,1,20270624,1,20270625,1,20270628,1,20270629,1,20270630,1,20270701,1,20270702,1,20270705,1,20270706,1,20270707,1,20270708,1,20270709,1,20270712,1,20270713,1,20270714,1,20270715,1,20270716,1,20270719,1,20270720,1,20270721,1,20270722,1,20270723,1,20270726,1,20270727,1,20270728,1,20270729,1,20270730,1,20270802,1,20270803,1,20270804,1,20270805,1,20270806,1,20270809,1,20270810,1,20270811,1,20270812,1,20270813,1,20270816,1,20270817,1,20270818,1,20270819,1,20270820,1,20270823,1,20270824,1,20270825,1,20270826,1,20270827,1,20270830,1,20270831,1,20270901,1,20270902,1,20270903,1,20270906,1,20270907,1,20270908,1,20270909,1,20270910,1,20270913,1,20270914,1,20270915,1,20270916,1,20270917,1,20270920,1,20270921,1,20270922,1,20270923,1,20270924,1
'1463224',20260924,1,20260925,1,20260928,1,20260929,1,20260930,1,20261001,1,20261002,1,20261005,1,20261006,1,20261007,1,20261008,1,20261009,1,20261012,1,20261013,1,20261014,1,20261015,1,20261016,1,20261019,1,20261020,1,20261021,1,20261022,1,20261023,1,20261026,1,20261027,1,20261028,1,20261029,1,20261030,1,20261102,1,20261103,1,20261104,1,20261105,1,20261106,1,20261109,1,20261110,1,20261111,1,20261112,1,20261113,1,20261116,1,20261117,1,20261118,1,20261119,1,20261120,1,20261123,1,20261124,1,20261125,1,20261126,1,20261127,1,20261130,1,20261201,1,20261202,1,20261203,1,20261204,1,20261207,1,20261208,1,20261209,1,20261210,1,20261211,1,20261214,1,20261215,1,20261216,1,20261217,1,20261218,1,20261221,1,20261222,1,20261223,1,20261224,1,20261225,1,20261228,1,20261229,1,20261230,1,20261231,1,20270101,1,20270104,1,20270105,1,20270106,1,20270107,1,20270108,1,20270111,1,20270112,1,20270113,1,20270114,1,20270115,1,20270118,1,20270119,1,20270120,1,20270121,1,20270122,1,20270125,1,20270126,1,20270127,1,20270128,1,20270129,1,20270201,1,20270202,1,20270203,1,20270204,1,20270205,1,20270208,1,20270209,1,20270210,1,20270211,1,20270212,1,20270215,1,20270216,1,20270217,1,20270218,1,20270219,1,20270222,1,20270223,1,20270224,1,20270225,1,20270226,1,20270301,1,20270302,1,20270303,1,20270304,1,20270305,1,20270308,1,20270309,1,20270310,1,20270311,1,20270312,1,20270315,1,20270316,1,20270317,1,20270318,1,20270319,1,20270322,1,20270323,1,20270324,1,20270325,1,20270326,1,20270329,1,20270330,1,20270331,1,20270401,1,20270402,1,20270405,1,20270406,1,20270407,1,20270408,1,20270409,1,20270412,1,20270413,1,20270414,1,20270415,1,20270416,1,20270419,1,20270420,1,20270421,1,20270422,1,20270423,1,20270426,1,20270427,1,20270428,1,20270429,1,20270430,1,20270503,1,20270504,1,20270505,1,20270506,1,20270507,1,20270510,1,20270511,1,20270512,1,20270513,1,20270514,1,20270517,1,20270518,1,20270519,1,20270520,1,20270521,1,20270524,1,20270525,1,20270526,1,20270527,1,20270528,1,20270531,1,20270601,1,20270602,1,20270603,1,20270604,1,20270607,1,20270608,1,20270609,1,20270610,1,20270611,1,20270614,1,20270615,1,20270616,1,20270617,1,20270618,1,20270621,1,20270622,1,20270623,1,20270624,1,20270625,1,20270628,1,20270629,1,20270630,1,20270701,1,20270702,1,20270705,1,20270706,1,20270707,1,20270708,1,20270709,1,20270712,1,20270713,1,20270714,1,20270715,1,20270716,1,20270719,1,20270720,1,20270721,1,20270722,1,20270723,1,20270726,1,20270727,1,20270728,1,20270729,1,20270730,1,20270802,1,20270803,1,20270804,1,20270805,1,20270806,1,20270809,1,20270810,1,20270811,1,20270812,1,20270813,1,20270816,1,20270817,1,20270818,1,20270819,1,20270820,1,20270823,1,20270824,1,20270825,1,20270826,1,20270827,1,20270830,1,20270831,1,20270901,1,20270902,1,20270903,1,20270906,1,20270907,1,20270908,1,20270909,1,20270910,1,20270913,1,20270914,1,20270915,1,20270916,1,20270917,1,20270920,1,20270921,1,20270922,1,20270923,1,20270924,1
'1463236',20260924,1,20260925,1,20260928,1,20260929,1,20260930,1,20261001,1,20261002,1,20261005,1,20261006,1,20261007,1,20261008,1,20261009,1,20261012,1,20261013,1,20261014,1,20261015,1,20261016,1,20261019,1,20261020,1,20261021,1,20261022,1,20261023,1,20261026,1,20261027,1,20261028,1,20261029,1,20261030,1,20261102,1,20261103,1,20261104,1,20261105,1,20261106,1,20261109,1,20261110,1,20261111,1,20261112,1,20261113,1,20261116,1,20261117,1,20261118,1,20261119,1,20261120,1,20261123,1,20261124,1,20261125,1,20261126,1,20261127,1,20261130,1,20261201,1,20261202,1,20261203,1,20261204,1,20261207,1,20261208,1,20261209,1,20261210,1,20261211,1,20261214,1,20261215,1,20261216,1,20261217,1,20261218,1,20261221,1,20261222,1,20261223,1,20261224,1,20261225,1,20261228,1,20261229,1,20261230,1,20261231,1,20270101,1,20270104,1,20270105,1,20270106,1,20270107,1,20270108,1,20270111,1,20270112,1,20270113,1,20270114,1,20270115,1,20270118,1,20270119,1,20270120,1,20270121,1,20270122,1,20270125,1,20270126,1,20270127,1,20270128,1,20270129,1,20270201,1,20270202,1,20270203,1,20270204,1,20270205,1,20270208,1,20270209,1,20270210,1,20270211,1,20270212,1,20270215,1,20270216,1,20270217,1,20270218,1,20270219,1,20270222,1,20270223,1,20270224,1,20270225,1,20270226,1,20270301,1,20270302,1,20270303,1,20270304,1,20270305,1,20270308,1,20270309,1,20270310,1,20270311,1,20270312,1,20270315,1,20270316,1,20270317,1,20270318,1,20270319,1,20270322,1,20270323,1,20270324,1,20270325,1,20270326,1,20270329,1,20270330,1,20270331,1,20270401,1,20270402,1,20270405,1,20270406,1,20270407,1,20270408,1,20270409,1,20270412,1,20270413,1,20270414,1,20270415,1,20270416,1,20270419,1,20270420,1,20270421,1,20270422,1,20270423,1,20270426,1,20270427,1,20270428,1,20270429,1,20270430,1,20270503,1,20270504,1,20270505,1,20270506,1,20270507,1,20270510,1,20270511,1,20270512,1,20270513,1,20270514,1,20270517,1,20270518,1,20270519,1,20270520,1,20270521,1,20270524,1,20270525,1,20270526,1,20270527,1,20270528,1,20270531,1,20270601,1,20270602,1,20270603,1,20270604,1,20270607,1,20270608,1,20270609,1,20270610,1,20270611,1,20270614,1,20270615,1,20270616,1,20270617,1,20270618,1,20270621,1,20270622,1,20270623,1,20270624,1,20270625,1,20270628,1,20270629,1,20270630,1,20270701,1,20270702,1,20270705,1,20270706,1,20270707,1,20270708,1,20270709,1,20270712,1,20270713,1,20270714,1,20270715,1,20270716,1,20270719,1,20270720,1,20270721,1,20270722,1,20270723,1,20270726,1,20270727,1,20270728,1,20270729,1,20270730,1,20270802,1,20270803,1,20270804,1,20270805,1,20270806,1,20270809,1,20270810,1,20270811,1,20270812,1,20270813,1,20270816,1,20270817,1,20270818,1,20270819,1,20270820,1,20270823,1,20270824,1,20270825,1,20270826,1,20270827,1,20270830,1,20270831,1,20270901,1,20270902,1,20270903,1,20270906,1,20270907,1,20270908,1,20270909,1,20270910,1,20270913,1,20270914,1,20270915,1,20270916,1,20270917,1,20270920,1,20270921,1,20270922,1,20270923,1,20270924,1
'1463263',20260924,1,20260925,1,20260928,1,20260929,1,20260930,1,20261001,1,20261002,1,20261005,1,20261006,1,20261007,1,20261008,1,20261009,1,20261012,1,20261013,1,20261014,1,20261015,1,20261016,1,20261019,1,20261020,1,20261021,1,20261022,1,20261023,1,20261026,1,20261027,1,20261028,1,20261029,1,20261030,1,20261102,1,20261103,1,20261104,1,20261105,1,20261106,1,20261109,1,20261110,1,20261111,1,20261112,1,20261113,1,20261116,1,20261117,1,20261118,1,20261119,1,20261120,1,20261123,1,20261124,1,20261125,1,20261126,1,20261127,1,20261130,1,20261201,1,20261202,1,20261203,1,20261204,1,20261207,1,20261208,1,20261209,1,20261210,1,20261211,1,20261214,1,20261215,1,20261216,1,20261217,1,20261218,1,20261221,1,20261222,1,20261223,1,20261224,1,20261225,1,20261228,1,20261229,1,20261230,1,20261231,1,20270101,1,20270104,1,20270105,1,20270106,1,20270107,1,20270108,1,20270111,1,20270112,1,20270113,1,20270114,1,20270115,1,20270118,1,20270119,1,20270120,1,20270121,1,20270122,1,20270125,1,20270126,1,20270127,1,20270128,1,20270129,1,20270201,1,20270202,1,20270203,1,20270204,1,20270205,1,20270208,1,20270209,1,20270210,1,20270211,1,20270212,1,20270215,1,20270216,1,20270217,1,20270218,1,20270219,1,20270222,1,20270223,1,20270224,1,20270225,1,20270226,1,20270301,1,20270302,1,20270303,1,20270304,1,20270305,1,20270308,1,20270309,1,20270310,1,20270311,1,20270312,1,20270315,1,20270316,1,20270317,1,20270318,1,20270319,1,20270322,1,20270323,1,20270324,1,20270325,1,20270326,1,20270329,1,20270330,1,20270331,1,20270401,1,20270402,1,20270405,1,20270406,1,20270407,1,20270408,1,20270409,1,20270412,1,20270413,1,20270414,1,20270415,1,20270416,1,20270419,1,20270420,1,20270421,1,20270422,1,20270423,1,20270426,1,20270427,1,20270428,1,20270429,1,20270430,1,20270503,1,20270504,1,20270505,1,20270506,1,20270507,1,20270510,1,20270511,1,20270512,1,20270513,1,20270514,1,20270517,1,20270518,1,20270519,1,20270520,1,20270521,1,20270524,1,20270525,1,20270526,1,20270527,1,20270528,1,20270531,1,20270601,1,20270602,1,20270603,1,20270604,1,20270607,1,20270608,1,20270609,1,20270610,1,20270611,1,20270614,1,20270615,1,20270616,1,20270617,1,20270618,1,20270621,1,20270622,1,20270623,1,20270624,1,20270625,1,20270628,1,20270629,1,20270630,1,20270701,1,20270702,1,20270705,1,20270706,1,20270707,1,20270708,1,20270709,1,20270712,1,20270713,1,20270714,1,20270715,1,20270716,1,20270719,1,20270720,1,20270721,1,20270722,1,20270723,1,20270726,1,20270727,1,20270728,1,20270729,1,20270730,1,20270802,1,20270803,1,20270804,1,20270805,1,20270806,1,20270809,1,20270810,1,20270811,1,20270812,1,20270813,1,20270816,1,20270817,1,20270818,1,20270819,1,20270820,1,20270823,1,20270824,1,20270825,1,20270826,1,20270827,1,20270830,1,20270831,1,20270901,1,20270902,1,20270903,1,20270906,1,20270907,1,20270908,1,20270909,1,20270910,1,20270913,1,20270914,1,20270915,1,20270916,1,20270917,1,20270920,1,20270921,1,20270922,1,20270923,1,20270924,1
'1463272',20260924,1,20260925,1,20260928,1,20260929,1,20260930,1,20261001,1,20261002,1,20261005,1,20261006,1,20261007,1,20261008,1,20261009,1,20261012,1,20261013,1,20261014,1,20261015,1,20261016,1,20261019,1,20261020,1,20261021,1,20261022,1,20261023,1,20261026,1,20261027,1,20261028,1,20261029,1,20261030,1,20261102,1,20261103,1,20261104,1,20261105,1,20261106,1,20261109,1,20261110,1,20261111,1,20261112,1,20261113,1,20261116,1,20261117,1,20261118,1,20261119,1,20261120,1,20261123,1,20261124,1,20261125,1,20261126,1,20261127,1,20261130,1,20261201,1,20261202,1,20261203,1,20261204,1,20261207,1,20261208,1,20261209,1,20261210,1,20261211,1,20261214,1,20261215,1,20261216,1,20261217,1,20261218,1,20261221,1,20261222,1,20261223,1,20261224,1,20261225,1,20261228,1,20261229,1,20261230,1,20261231,1,20270101,1,20270104,1,20270105,1,20270106,1,20270107,1,20270108,1,20270111,1,20270112,1,20270113,1,20270114,1,20270115,1,20270118,1,20270119,1,20270120,1,20270121,1,20270122,1,20270125,1,20270126,1,20270127,1,20270128,1,20270129,1,20270201,1,20270202,1,20270203,1,20270204,1,20270205,1,20270208,1,20270209,1,20270210,1,20270211,1,20270212,1,20270215,1,20270216,1,20270217,1,20270218,1,20270219,1,20270222,1,20270223,1,20270224,1,20270225,1,20270226,1,20270301,1,20270302,1,20270303,1,20270304,1,20270305,1,20270308,1,20270309,1,20270310,1,20270311,1,20270312,1,20270315,1,20270316,1,20270317,1,20270318,1,20270319,1,20270322,1,20270323,1,20270324,1,20270325,1,20270326,1,20270329,1,20270330,1,20270331,1,20270401,1,20270402,1,20270405,1,20270406,1,20270407,1,20270408,1,20270409,1,20270412,1,20270413,1,20270414,1,20270415,1,20270416,1,20270419,1,20270420,1,20270421,1,20270422,1,20270423,1,20270426,1,20270427,1,20270428,1,20270429,1,20270430,1,20270503,1,20270504,1,20270505,1,20270506,1,20270507,1,20270510,1,20270511,1,20270512,1,20270513,1,20270514,1,20270517,1,20270518,1,20270519,1,20270520,1,20270521,1,20270524,1,20270525,1,20270526,1,20270527,1,20270528,1,20270531,1,20270601,1,20270602,1,20270603,1,20270604,1,20270607,1,20270608,1,20270609,1,20270610,1,20270611,1,20270614,1,20270615,1,20270616,1,20270617,1,20270618,1,20270621,1,20270622,1,20270623,1,20270624,1,20270625,1,20270628,1,20270629,1,20270630,1,20270701,1,20270702,1,20270705,1,20270706,1,20270707,1,20270708,1,20270709,1,20270712,1,20270713,1,20270714,1,20270715,1,20270716,1,20270719,1,20270720,1,20270721,1,20270722,1,20270723,1,20270726,1,20270727,1,20270728,1,20270729,1,20270730,1,20270802,1,20270803,1,20270804,1,20270805,1,20270806,1,20270809,1,20270810,1,20270811,1,20270812,1,20270813,1,20270816,1,20270817,1,20270818,1,20270819,1,20270820,1,20270823,1,20270824,1,20270825,1,20270826,1,20270827,1,20270830,1,20270831,1,20270901,1,20270902,1,20270903,1,20270906,1,20270907,1,20270908,1,20270909,1,20270910,1,20270913,1,20270914,1,20270915,1,20270916,1,20270917,1,20270920,1,20270921,1,20270922,1,20270923,1,20270924,1
'1463293',20260924,1,20260925,1,20260928,1,20260929,1,20260930,1,20261001,1,20261002,1,20261005,1,20261006,1,20261007,1,20261008,1,20261009,1,20261012,1,20261013,1,20261014,1,20261015,1,20261016,1,20261019,1,20261020,1,20261021,1,20261022,1,20261023,1,20261026,1,20261027,1,20261028,1,20261029,1,20261030,1,20261102,1,20261103,1,20261104,1,20261105,1,20261106,1,20261109,1,20261110,1,20261111,1,20261112,1,20261113,1,20261116,1,20261117,1,20261118,1,20261119,1,20261120,1,20261123,1,20261124,1,20261125,1,20261126,1,20261127,1,20261130,1,20261201,1,20261202,1,20261203,1,20261204,1,20261207,1,20261208,1,20261209,1,20261210,1,20261211,1,20261214,1,20261215,1,20261216,1,20261217,1,20261218,1,20261221,1,20261222,1,20261223,1,20261224,1,20261225,1,20261228,1,20261229,1,20261230,1,20261231,1,20270101,1,20270104,1,20270105,1,20270106,1,20270107,1,20270108,1,20270111,1,20270112,1,20270113,1,20270114,1,20270115,1,20270118,1,20270119,1,20270120,1,20270121,1,20270122,1,20270125,1,20270126,1,20270127,1,20270128,1,20270129,1,20270201,1,20270202,1,20270203,1,20270204,1,20270205,1,20270208,1,20270209,1,20270210,1,20270211,1,20270212,1,20270215,1,20270216,1,20270217,1,20270218,1,20270219,1,20270222,1,20270223,1,20270224,1,20270225,1,20270226,1,20270301,1,20270302,1,20270303,1,20270304,1,20270305,1,20270308,1,20270309,1,20270310,1,20270311,1,20270312,1,20270315,1,20270316,1,20270317,1,20270318,1,20270319,1,20270322,1,20270323,1,20270324,1,20270325,1,20270326,1,20270329,1,20270330,1,20270331,1,20270401,1,20270402,1,20270405,1,20270406,1,20270407,1,20270408,1,20270409,1,20270412,1,20270413,1,20270414,1,20270415,1,20270416,1,20270419,1,20270420,1,20270421,1,20270422,1,20270423,1,20270426,1,20270427,1,20270428,1,20270429,1,20270430,1,20270503,1,20270504,1,20270505,1,20270506,1,20270507,1,20270510,1,20270511,1,20270512,1,20270513,1,20270514,1,20270517,1,20270518,1,20270519,1,20270520,1,20270521,1,20270524,1,20270525,1,20270526,1,20270527,1,20270528,1,20270531,1,20270601,1,20270602,1,20270603,1,20270604,1,20270607,1,20270608,1,20270609,1,20270610,1,20270611,1,20270614,1,20270615,1,20270616,1,20270617,1,20270618,1,20270621,1,20270622,1,20270623,1,20270624,1,20270625,1,20270628,1,20270629,1,20270630,1,20270701,1,20270702,1,20270705,1,20270706,1,20270707,1,20270708,1,20270709,1,20270712,1,20270713,1,20270714,1,20270715,1,20270716,1,20270719,1,20270720,1,20270721,1,20270722,1,20270723,1,20270726,1,20270727,1,20270728,1,20270729,1,20270730,1,20270802,1,20270803,1,20270804,1,20270805,1,20270806,1,20270809,1,20270810,1,20270811,1,20270812,1,20270813,1,20270816,1,20270817,1,20270818,1,20270819,1,20270820,1,20270823,1,20270824,1,20270825,1,20270826,1,20270827,1,20270830,1,20270831,1,20270901,1,20270902,1,20270903,1,20270906,1,20270907,1,20270908,1,20270909,1,20270910,1,20270913,1,20270914,1,20270915,1,20270916,1,20270917,1,20270920,1,20270921,1,20270922,1,20270923,1,20270924,1
'1463297',20260924,1,20260925,1,20260928,1,20260929,1,20260930,1,20261001,1,20261002,1,20261005,1,20261006,1,20261007,1,20261008,1,20261009,1,20261012,1,20261013,1,20261014,1,20261015,1,20261016,1,20261019,1,20261020,1,20261021,1,20261022,1,20261023,1,20261026,1,20261027,1,20261028,1,20261029,1,20261030,1,20261102,1,20261103,1,20261104,1,20261105,1,20261106,1,20261109,1,20261110,1,20261111,1,20261112,1,20261113,1,20261116,1,20261117,1,20261118,1,20261119,1,20261120,1,20261123,1,20261124,1,20261125,1,20261126,1,20261127,1,20261130,1,20261201,1,20261202,1,20261203,1,20261204,1,20261207,1,20261208,1,20261209,1,20261210,1,20261211,1,20261214,1,20261215,1,20261216,1,20261217,1,20261218,1,20261221,1,20261222,1,20261223,1,20261224,1,20261225,1,20261228,1,20261229,1,20261230,1,20261231,1,20270101,1,20270104,1,20270105,1,20270106,1,20270107,1,20270108,1,20270111,1,20270112,1,20270113,1,20270114,1,20270115,1,20270118,1,20270119,1,20270120,1,20270121,1,20270122,1,20270125,1,20270126,1,20270127,1,20270128,1,20270129,1,20270201,1,20270202,1,20270203,1,20270204,1,20270205,1,20270208,1,20270209,1,20270210,1,20270211,1,20270212,1,20270215,1,20270216,1,20270217,1,20270218,1,20270219,1,20270222,1,20270223,1,20270224,1,20270225,1,20270226,1,20270301,1,20270302,1,20270303,1,20270304,1,20270305,1,20270308,1,20270309,1,20270310,1,20270311,1,20270312,1,20270315,1,20270316,1,20270317,1,20270318,1,20270319,1,20270322,1,20270323,1,20270324,1,20270325,1,20270326,1,20270329,1,20270330,1,20270331,1,20270401,1,20270402,1,20270405,1,20270406,1,20270407,1,20270408,1,20270409,1,20270412,1,20270413,1,20270414,1,20270415,1,20270416,1,20270419,1,20270420,1,20270421,1,20270422,1,20270423,1,20270426,1,20270427,1,20270428,1,20270429,1,20270430,1,20270503,1,20270504,1,20270505,1,20270506,1,20270507,1,20270510,1,20270511,1,20270512,1,20270513,1,20270514,1,20270517,1,20270518,1,20270519,1,20270520,1,20270521,1,20270524,1,20270525,1,20270526,1,20270527,1,20270528,1,20270531,1,20270601,1,20270602,1,20270603,1,20270604,1,20270607,1,20270608,1,20270609,1,20270610,1,20270611,1,20270614,1,20270615,1,20270616,1,20270617,1,20270618,1,20270621,1,20270622,1,20270623,1,20270624,1,20270625,1,20270628,1,20270629,1,20270630,1,20270701,1,20270702,1,20270705,1,20270706,1,20270707,1,20270708,1,20270709,1,20270712,1,20270713,1,20270714,1,20270715,1,20270716,1,20270719,1,20270720,1,20270721,1,20270722,1,20270723,1,20270726,1,20270727,1,20270728,1,20270729,1,20270730,1,20270802,1,20270803,1,20270804,1,20270805,1,20270806,1,20270809,1,20270810,1,20270811,1,20270812,1,20270813,1,20270816,1,20270817,1,20270818,1,20270819,1,20270820,1,20270823,1,20270824,1,20270825,1,20270826,1,20270827,1,20270830,1,20270831,1,20270901,1,20270902,1,20270903,1,20270906,1,20270907,1,20270908,1,20270909,1,20270910,1,20270913,1,20270914,1,20270915,1,20270916,1,20270917,1,20270920,1,20270921,1,20270922,1,20270923,1,20270924,1
'1463310',20260924,1,20260925,1,20260928,1,20260929,1,20260930,1,20261001,1,20261002,1,20261005,1,20261006,1,20261007,1,20261008,1,20261009,1,20261012,1,20261013,1,20261014,1,20261015,1,20261016,1,20261019,1,20261020,1,20261021,1,20261022,1,20261023,1,20261026,1,20261027,1,20261028,1,20261029,1,20261030,1,20261102,1,20261103,1,20261104,1,20261105,1,20261106,1,20261109,1,20261110,1,20261111,1,20261112,1,20261113,1,20261116,1,20261117,1,20261118,1,20261119,1,20261120,1,20261123,1,20261124,1,20261125,1,20261126,1,20261127,1,20261130,1,20261201,1,20261202,1,20261203,1,20261204,1,20261207,1,20261208,1,20261209,1,20261210,1,20261211,1,20261214,1,20261215,1,20261216,1,20261217,1,20261218,1,20261221,1,20261222,1,20261223,1,20261224,1,20261225,1,20261228,1,20261229,1,20261230,1,20261231,1,20270101,1,20270104,1,20270105,1,20270106,1,20270107,1,20270108,1,20270111,1,20270112,1,20270113,1,20270114,1,20270115,1,20270118,1,20270119,1,20270120,1,20270121,1,20270122,1,20270125,1,20270126,1,20270127,1,20270128,1,20270129,1,20270201,1,20270202,1,20270203,1,20270204,1,20270205,1,20270208,1,20270209,1,20270210,1,20270211,1,20270212,1,20270215,1,20270216,1,20270217,1,20270218,1,20270219,1,20270222,1,20270223,1,20270224,1,20270225,1,20270226,1,20270301,1,20270302,1,20270303,1,20270304,1,20270305,1,20270308,1,20270309,1,20270310,1,20270311,1,20270312,1,20270315,1,20270316,1,20270317,1,20270318,1,20270319,1,20270322,1,20270323,1,20270324,1,20270325,1,20270326,1,20270329,1,20270330,1,20270331,1,20270401,1,20270402,1,20270405,1,20270406,1,20270407,1,20270408,1,20270409,1,20270412,1,20270413,1,20270414,1,20270415,1,20270416,1,20270419,1,20270420,1,20270421,1,20270422,1,20270423,1,20270426,1,20270427,1,20270428,1,20270429,1,20270430,1,20270503,1,20270504,1,20270505,1,20270506,1,20270507,1,20270510,1,20270511,1,20270512,1,20270513,1,20270514,1,20270517,1,20270518,1,20270519,1,20270520,1,20270521,1,20270524,1,20270525,1,20270526,1,20270527,1,20270528,1,20270531,1,20270601,1,20270602,1,20270603,1,20270604,1,20270607,1,20270608,1,20270609,1,20270610,1,20270611,1,20270614,1,20270615,1,20270616,1,20270617,1,20270618,1,20270621,1,20270622,1,20270623,1,20270624,1,20270625,1,20270628,1,20270629,1,20270630,1,20270701,1,20270702,1,20270705,1,20270706,1,20270707,1,20270708,1,20270709,1,20270712,1,20270713,1,20270714,1,20270715,1,20270716,1,20270719,1,20270720,1,20270721,1,20270722,1,20270723,1,20270726,1,20270727,1,20270728,1,20270729,1,20270730,1,20270802,1,20270803,1,20270804,1,20270805,1,20270806,1,20270809,1,20270810,1,20270811,1,20270812,1,20270813,1,20270816,1,20270817,1,20270818,1,20270819,1,20270820,1,20270823,1,20270824,1,20270825,1,20270826,1,20270827,1,20270830,1,20270831,1,20270901,1,20270902,1,20270903,1,20270906,1,20270907,1,20270908,1,20270909,1,20270910,1,20270913,1,20270914,1,20270915,1,20270916,1,20270917,1,20270920,1,20270921,1,20270922,1,20270923,1,20270924,1
'1463321',20260924,1,20260925,1,20260928,1,20260929,1,20260930,1,20261001,1,20261002,1,20261005,1,20261006,1,20261007,1,20261008,1,20261009,1,20261012,1,20261013,1,20261014,1,20261015,1,20261016,1,20261019,1,20261020,1,20261021,1,20261022,1,20261023,1,20261026,1,20261027,1,20261028,1,20261029,1,20261030,1,20261102,1,20261103,1,20261104,1,20261105,1,20261106,1,20261109,1,20261110,1,20261111,1,20261112,1,20261113,1,20261116,1,20261117,1,20261118,1,20261119,1,20261120,1,20261123,1,20261124,1,20261125,1,20261126,1,20261127,1,20261130,1,20261201,1,20261202,1,20261203,1,20261204,1,20261207,1,20261208,1,20261209,1,20261210,1,20261211,1,20261214,1,20261215,1,20261216,1,20261217,1,20261218,1,20261221,1,20261222,1,20261223,1,20261224,1,20261225,1,20261228,1,20261229,1,20261230,1,20261231,1,20270101,1,20270104,1,20270105,1,20270106,1,20270107,1,20270108,1,20270111,1,20270112,1,20270113,1,20270114,1,20270115,1,20270118,1,20270119,1,20270120,1,20270121,1,20270122,1,20270125,1,20270126,1,20270127,1,20270128,1,20270129,1,20270201,1,20270202,1,20270203,1,20270204,1,20270205,1,20270208,1,20270209,1,20270210,1,20270211,1,20270212,1,20270215,1,20270216,1,20270217,1,20270218,1,20270219,1,20270222,1,20270223,1,20270224,1,20270225,1,20270226,1,20270301,1,20270302,1,20270303,1,20270304,1,20270305,1,20270308,1,20270309,1,20270310,1,20270311,1,20270312,1,20270315,1,20270316,1,20270317,1,20270318,1,20270319,1,20270322,1,20270323,1,20270324,1,20270325,1,20270326,1,20270329,1,20270330,1,20270331,1,20270401,1,20270402,1,20270405,1,20270406,1,20270407,1,20270408,1,20270409,1,20270412,1,20270413,1,20270414,1,20270415,1,20270416,1,20270419,1,20270420,1,20270421,1,20270422,1,20270423,1,20270426,1,20270427,1,20270428,1,20270429,1,20270430,1,20270503,1,20270504,1,20270505,1,20270506,1,20270507,1,20270510,1,20270511,1,20270512,1,20270513,1,20270514,1,20270517,1,20270518,1,20270519,1,20270520,1,20270521,1,20270524,1,20270525,1,20270526,1,20270527,1,20270528,1,20270531,1,20270601,1,20270602,1,20270603,1,20270604,1,20270607,1,20270608,1,20270609,1,20270610,1,20270611,1,20270614,1,20270615,1,20270616,1,20270617,1,20270618,1,20270621,1,20270622,1,20270623,1,20270624,1,20270625,1,20270628,1,20270629,1,20270630,1,20270701,1,20270702,1,20270705,1,20270706,1,20270707,1,20270708,1,20270709,1,20270712,1,20270713,1,20270714,1,20270715,1,20270716,1,20270719,1,20270720,1,20270721,1,20270722,1,20270723,1,20270726,1,20270727,1,20270728,1,20270729,1,20270730,1,20270802,1,20270803,1,20270804,1,20270805,1,20270806,1,20270809,1,20270810,1,20270811,1,20270812,1,20270813,1,20270816,1,20270817,1,20270818,1,20270819,1,20270820,1,20270823,1,20270824,1,20270825,1,20270826,1,20270827,1,20270830,1,20270831,1,20270901,1,20270902,1,20270903,1,20270906,1,20270907,1,20270908,1,20270909,1,20270910,1,20270913,1,20270914,1,20270915,1,20270916,1,20270917,1,20270920,1,20270921,1,20270922,1,20270923,1,20270924,1
'1463333',20260924,1,20260925,1,20260928,1,20260929,1,20260930,1,20261001,1,20261002,1,20261005,1,20261006,1,20261007,1,20261008,1,20261009,1,20261012,1,20261013,1,20261014,1,20261015,1,20261016,1,20261019,1,20261020,1,20261021,1,20261022,1,20261023,1,20261026,1,20261027,1,20261028,1,20261029,1,20261030,1,20261102,1,20261103,1,20261104,1,20261105,1,20261106,1,20261109,1,20261110,1,20261111,1,20261112,1,20261113,1,20261116,1,20261117,1,20261118,1,20261119,1,20261120,1,20261123,1,20261124,1,20261125,1,20261126,1,20261127,1,20261130,1,20261201,1,20261202,1,20261203,1,20261204,1,20261207,1,20261208,1,20261209,1,20261210,1,20261211,1,20261214,1,20261215,1,20261216,1,20261217,1,20261218,1,20261221,1,20261222,1,20261223,1,20261224,1,20261225,1,20261228,1,20261229,1,20261230,1,20261231,1,20270101,1,20270104,1,20270105,1,20270106,1,20270107,1,20270108,1,20270111,1,20270112,1,20270113,1,20270114,1,20270115,1,20270118,1,20270119,1,20270120,1,20270121,1,20270122,1,20270125,1,20270126,1,20270127,1,20270128,1,20270129,1,20270201,1,20270202,1,20270203,1,20270204,1,20270205,1,20270208,1,20270209,1,20270210,1,20270211,1,20270212,1,20270215,1,20270216,1,20270217,1,20270218,1,20270219,1,20270222,1,20270223,1,20270224,1,20270225,1,20270226,1,20270301,1,20270302,1,20270303,1,20270304,1,20270305,1,20270308,1,20270309,1,20270310,1,20270311,1,20270312,1,20270315,1,20270316,1,20270317,1,20270318,1,20270319,1,20270322,1,20270323,1,20270324,1,20270325,1,20270326,1,20270329,1,20270330,1,20270331,1,20270401,1,20270402,1,20270405,1,20270406,1,20270407,1,20270408,1,20270409,1,20270412,1,20270413,1,20270414,1,20270415,1,20270416,1,20270419,1,20270420,1,20270421,1,20270422,1,20270423,1,20270426,1,20270427,1,20270428,1,20270429,1,20270430,1,20270503,1,20270504,1,20270505,1,20270506,1,20270507,1,20270510,1,20270511,1,20270512,1,20270513,1,20270514,1,20270517,1,20270518,1,20270519,1,20270520,1,20270521,1,20270524,1,20270525,1,20270526,1,20270527,1,20270528,1,20270531,1,20270601,1,20270602,1,20270603,1,20270604,1,20270607,1,20270608,1,20270609,1,20270610,1,20270611,1,20270614,1,20270615,1,20270616,1,20270617,1,20270618,1,20270621,1,20270622,1,20270623,1,20270624,1,20270625,1,20270628,1,20270629,1,20270630,1,20270701,1,20270702,1,20270705,1,20270706,1,20270707,1,20270708,1,20270709,1,20270712,1,20270713,1,20270714,1,20270715,1,20270716,1,20270719,1,20270720,1,20270721,1,20270722,1,20270723,1,20270726,1,20270727,1,20270728,1,20270729,1,20270730,1,20270802,1,20270803,1,20270804,1,20270805,1,20270806,1,20270809,1,20270810,1,20270811,1,20270812,1,20270813,1,20270816,1,20270817,1,20270818,1,20270819,1,20270820,1,20270823,1,20270824,1,20270825,1,20270826,1,20270827,1,20270830,1,20270831,1,20270901,1,20270902,1,20270903,1,20270906,1,20270907,1,20270908,1,20270909,1,20270910,1,20270913,1,20270914,1,20270915,1,20270916,1,20270917,1,20270920,1,20270921,1,20270922,1,20270923,1,20270924,1
'1463355',20260924,1,20260925,1,20260928,1,20260929,1,20260930,1,20261001,1,20261002,1,20261005,1,20261006,1,20261007,1,20261008,1,20261009,1,20261012,1,20261013,1,20261014,1,20261015,1,20261016,1,20261019,1,20261020,1,20261021,1,20261022,1,20261023,1,20261026,1,20261027,1,20261028,1,20261029,1,20261030,1,20261102,1,20261103,1,20261104,1,20261105,1,20261106,1,20261109,1,20261110,1,20261111,1,20261112,1,20261113,1,20261116,1,20261117,1,20261118,1,20261119,1,20261120,1,20261123,1,20261124,1,20261125,1,20261126,1,20261127,1,20261130,1,20261201,1,20261202,1,20261203,1,20261204,1,20261207,1,20261208,1,20261209,1,20261210,1,20261211,1,20261214,1,20261215,1,20261216,1,20261217,1,20261218,1,20261221,1,20261222,1,20261223,1,20261224,1,20261225,1,20261228,1,20261229,1,20261230,1,20261231,1,20270101,1,20270104,1,20270105,1,20270106,1,20270107,1,20270108,1,20270111,1,20270112,1,20270113,1,20270114,1,20270115,1,20270118,1,20270119,1,20270120,1,20270121,1,20270122,1,20270125,1,20270126,1,20270127,1,20270128,1,20270129,1,20270201,1,20270202,1,20270203,1,20270204,1,20270205,1,20270208,1,20270209,1,20270210,1,20270211,1,20270212,1,20270215,1,20270216,1,20270217,1,20270218,1,20270219,1,20270222,1,20270223,1,20270224,1,20270225,1,20270226,1,20270301,1,20270302,1,20270303,1,20270304,1,20270305,1,20270308,1,20270309,1,20270310,1,20270311,1,20270312,1,20270315,1,20270316,1,20270317,1,20270318,1,20270319,1,20270322,1,20270323,1,20270324,1,20270325,1,20270326,1,20270329,1,20270330,1,20270331,1,20270401,1,20270402,1,20270405,1,20270406,1,20270407,1,20270408,1,20270409,1,20270412,1,20270413,1,20270414,1,20270415,1,20270416,1,20270419,1,20270420,1,20270421,1,20270422,1,20270423,1,20270426,1,20270427,1,20270428,1,20270429,1,20270430,1,20270503,1,20270504,1,20270505,1,20270506,1,20270507,1,20270510,1,20270511,1,20270512,1,20270513,1,20270514,1,20270517,1,20270518,1,20270519,1,20270520,1,20270521,1,20270524,1,20270525,1,20270526,1,20270527,1,20270528,1,20270531,1,20270601,1,20270602,1,20270603,1,20270604,1,20270607,1,20270608,1,20270609,1,20270610,1,20270611,1,20270614,1,20270615,1,20270616,1,20270617,1,20270618,1,20270621,1,20270622,1,20270623,1,20270624,1,20270625,1,20270628,1,20270629,1,20270630,1,20270701,1,20270702,1,20270705,1,20270706,1,20270707,1,20270708,1,20270709,1,20270712,1,20270713,1,20270714,1,20270715,1,20270716,1,20270719,1,20270720,1,20270721,1,20270722,1,20270723,1,20270726,1,20270727,1,20270728,1,20270729,1,20270730,1,20270802,1,20270803,1,20270804,1,20270805,1,20270806,1,20270809,1,20270810,1,20270811,1,20270812,1,20270813,1,20270816,1,20270817,1,20270818,1,20270819,1,20270820,1,20270823,1,20270824,1,20270825,1,20270826,1,20270827,1,20270830,1,20270831,1,20270901,1,20270902,1,20270903,1,20270906,1,20270907,1,20270908,1,20270909,1,20270910,1,20270913,1,20270914,1,20270915,1,20270916,1,20270917,1,20270920,1,20270921,1,20270922,1,20270923,1,20270924,1
'1463379',20260924,1,20260925,1,20260928,1,20260929,1,20260930,1,20261001,1,20261002,1,20261005,1,20261006,1,20261007,1,20261008,1,20261009,1,20261012,1,20261013,1,20261014,1,20261015,1,20261016,1,20261019,1,20261020,1,20261021,1,20261022,1,20261023,1,20261026,1,20261027,1,20261028,1,20261029,1,20261030,1,20261102,1,20261103,1,20261104,1,20261105,1,20261106,1,20261109,1,20261110,1,20261111,1,20261112,1,20261113,1,20261116,1,20261117,1,20261118,1,20261119,1,20261120,1,20261123,1,20261124,1,20261125,1,20261126,1,20261127,1,20261130,1,20261201,1,20261202,1,20261203,1,20261204,1,20261207,1,20261208,1,20261209,1,20261210,1,20261211,1,20261214,1,20261215,1,20261216,1,20261217,1,20261218,1,20261221,1,20261222,1,20261223,1,20261224,1,20261225,1,20261228,1,20261229,1,20261230,1,20261231,1,20270101,1,20270104,1,20270105,1,20270106,1,20270107,1,20270108,1,20270111,1,20270112,1,20270113,1,20270114,1,20270115,1,20270118,1,20270119,1,20270120,1,20270121,1,20270122,1,20270125,1,20270126,1,20270127,1,20270128,1,20270129,1,20270201,1,20270202,1,20270203,1,20270204,1,20270205,1,20270208,1,20270209,1,20270210,1,20270211,1,20270212,1,20270215,1,20270216,1,20270217,1,20270218,1,20270219,1,20270222,1,20270223,1,20270224,1,20270225,1,20270226,1,20270301,1,20270302,1,20270303,1,20270304,1,20270305,1,20270308,1,20270309,1,20270310,1,20270311,1,20270312,1,20270315,1,20270316,1,20270317,1,20270318,1,20270319,1,20270322,1,20270323,1,20270324,1,20270325,1,20270326,1,20270329,1,20270330,1,20270331,1,20270401,1,20270402,1,20270405,1,20270406,1,20270407,1,20270408,1,20270409,1,20270412,1,20270413,1,20270414,1,20270415,1,20270416,1,20270419,1,20270420,1,20270421,1,20270422,1,20270423,1,20270426,1,20270427,1,20270428,1,20270429,1,20270430,1,20270503,1,20270504,1,20270505,1,20270506,1,20270507,1,20270510,1,20270511,1,20270512,1,20270513,1,20270514,1,20270517,1,20270518,1,20270519,1,20270520,1,20270521,1,20270524,1,20270525,1,20270526,1,20270527,1,20270528,1,20270531,1,20270601,1,20270602,1,20270603,1,20270604,1,20270607,1,20270608,1,20270609,1,20270610,1,20270611,1,20270614,1,20270615,1,20270616,1,20270617,1,20270618,1,20270621,1,20270622,1,20270623,1,20270624,1,20270625,1,20270628,1,20270629,1,20270630,1,20270701,1,20270702,1,20270705,1,20270706,1,20270707,1,20270708,1,20270709,1,20270712,1,20270713,1,20270714,1,20270715,1,20270716,1,20270719,1,20270720,1,20270721,1,20270722,1,20270723,1,20270726,1,20270727,1,20270728,1,20270729,1,20270730,1,20270802,1,20270803,1,20270804,1,20270805,1,20270806,1,20270809,1,20270810,1,20270811,1,20270812,1,20270813,1,20270816,1,20270817,1,20270818,1,20270819,1,20270820,1,20270823,1,20270824,1,20270825,1,20270826,1,20270827,1,20270830,1,20270831,1,20270901,1,20270902,1,20270903,1,20270906,1,20270907,1,20270908,1,20270909,1,20270910,1,20270913,1,20270914,1,20270915,1,20270916,1,20270917,1,20270920,1,20270921,1,20270922,1,20270923,1,20270924,1
'1463398',20260924,1,20260925,1,20260928,1,20260929,1,20260930,1,20261001,1,20261002,1,20261005,1,20261006,1,20261007,1,20261008,1,20261009,1,20261012,1,20261013,1,20261014,1,20261015,1,20261016,1,20261019,1,20261020,1,20261021,1,20261022,1,20261023,1,20261026,1,20261027,1,20261028,1,20261029,1,20261030,1,20261102,1,20261103,1,20261104,1,20261105,1,20261106,1,20261109,1,20261110,1,20261111,1,20261112,1,20261113,1,20261116,1,20261117,1,20261118,1,20261119,1,20261120,1,20261123,1,20261124,1,20261125,1,20261126,1,20261127,1,20261130,1,20261201,1,20261202,1,20261203,1,20261204,1,20261207,1,20261208,1,20261209,1,20261210,1,20261211,1,20261214,1,20261215,1,20261216,1,20261217,1,20261218,1,20261221,1,20261222,1,20261223,1,20261224,1,20261225,1,20261228,1,20261229,1,20261230,1,20261231,1,20270101,1,20270104,1,20270105,1,20270106,1,20270107,1,20270108,1,20270111,1,20270112,1,20270113,1,20270114,1,20270115,1,20270118,1,20270119,1,20270120,1,20270121,1,20270122,1,20270125,1,20270126,1,20270127,1,20270128,1,20270129,1,20270201,1,20270202,1,20270203,1,20270204,1,20270205,1,20270208,1,20270209,1,20270210,1,20270211,1,20270212,1,20270215,1,20270216,1,20270217,1,20270218,1,20270219,1,20270222,1,20270223,1,20270224,1,20270225,1,20270226,1,20270301,1,20270302,1,20270303,1,20270304,1,20270305,1,20270308,1,20270309,1,20270310,1,20270311,1,20270312,1,20270315,1,20270316,1,20270317,1,20270318,1,20270319,1,20270322,1,20270323,1,20270324,1,20270325,1,20270326,1,20270329,1,20270330,1,20270331,1,20270401,1,20270402,1,20270405,1,20270406,1,20270407,1,20270408,1,20270409,1,20270412,1,20270413,1,20270414,1,20270415,1,20270416,1,20270419,1,20270420,1,20270421,1,20270422,1,20270423,1,20270426,1,20270427,1,20270428,1,20270429,1,20270430,1,20270503,1,20270504,1,20270505,1,20270506,1,20270507,1,20270510,1,20270511,1,20270512,1,20270513,1,20270514,1,20270517,1,20270518,1,20270519,1,20270520,1,20270521,1,20270524,1,20270525,1,20270526,1,20270527,1,20270528,1,20270531,1,20270601,1,20270602,1,20270603,1,20270604,1,20270607,1,20270608,1,20270609,1,20270610,1,20270611,1,20270614,1,20270615,1,20270616,1,20270617,1,20270618,1,20270621,1,20270622,1,20270623,1,20270624,1,20270625,1,20270628,1,20270629,1,20270630,1,20270701,1,20270702,1,20270705,1,20270706,1,20270707,1,20270708,1,20270709,1,20270712,1,20270713,1,20270714,1,20270715,1,20270716,1,20270719,1,20270720,1,20270721,1,20270722,1,20270723,1,20270726,1,20270727,1,20270728,1,20270729,1,20270730,1,20270802,1,20270803,1,20270804,1,20270805,1,20270806,1,20270809,1,20270810,1,20270811,1,20270812,1,20270813,1,20270816,1,20270817,1,20270818,1,20270819,1,20270820,1,20270823,1,20270824,1,20270825,1,20270826,1,20270827,1,20270830,1,20270831,1,20270901,1,20270902,1,20270903,1,20270906,1,20270907,1,20270908,1,20270909,1,20270910,1,20270913,1,20270914,1,20270915,1,20270916,1,20270917,1,20270920,1,20270921,1,20270922,1,20270923,1,20270924,1
'1463405',20260924,1,20260925,1,20260928,1,20260929,1,20260930,1,20261001,1,20261002,1,20261005,1,20261006,1,20261007,1,20261008,1,20261009,1,20261012,1,20261013,1,20261014,1,20261015,1,20261016,1,20261019,1,20261020,1,20261021,1,20261022,1,20261023,1,20261026,1,20261027,1,20261028,1,20261029,1,20261030,1,20261102,1,20261103,1,20261104,1,20261105,1,20261106,1,20261109,1,20261110,1,20261111,1,20261112,1,20261113,1,20261116,1,20261117,1,20261118,1,20261119,1,20261120,1,20261123,1,20261124,1,20261125,1,20261126,1,20261127,1,20261130,1,20261201,1,20261202,1,20261203,1,20261204,1,20261207,1,20261208,1,20261209,1,20261210,1,20261211,1,20261214,1,20261215,1,20261216,1,20261217,1,20261218,1,20261221,1,20261222,1,20261223,1,20261224,1,20261225,1,20261228,1,20261229,1,20261230,1,20261231,1,20270101,1,20270104,1,20270105,1,20270106,1,20270107,1,20270108,1,20270111,1,20270112,1,20270113,1,20270114,1,20270115,1,20270118,1,20270119,1,20270120,1,20270121,1,20270122,1,20270125,1,20270126,1,20270127,1,20270128,1,20270129,1,20270201,1,20270202,1,20270203,1,20270204,1,20270205,1,20270208,1,20270209,1,20270210,1,20270211,1,20270212,1,20270215,1,20270216,1,20270217,1,20270218,1,20270219,1,20270222,1,20270223,1,20270224,1,20270225,1,20270226,1,20270301,1,20270302,1,20270303,1,20270304,1,20270305,1,20270308,1,20270309,1,20270310,1,20270311,1,20270312,1,20270315,1,20270316,1,20270317,1,20270318,1,20270319,1,20270322,1,20270323,1,20270324,1,20270325,1,20270326,1,20270329,1,20270330,1,20270331,1,20270401,1,20270402,1,20270405,1,20270406,1,20270407,1,20270408,1,20270409,1,20270412,1,20270413,1,20270414,1,20270415,1,20270416,1,20270419,1,20270420,1,20270421,1,20270422,1,20270423,1,20270426,1,20270427,1,20270428,1,20270429,1,20270430,1,20270503,1,20270504,1,20270505,1,20270506,1,20270507,1,20270510,1,20270511,1,20270512,1,20270513,1,20270514,1,20270517,1,20270518,1,20270519,1,20270520,1,20270521,1,20270524,1,20270525,1,20270526,1,20270527,1,20270528,1,20270531,1,20270601,1,20270602,1,20270603,1,20270604,1,20270607,1,20270608,1,20270609,1,20270610,1,20270611,1,20270614,1,20270615,1,20270616,1,20270617,1,20270618,1,20270621,1,20270622,1,20270623,1,20270624,1,20270625,1,20270628,1,20270629,1,20270630,1,20270701,1,20270702,1,20270705,1,20270706,1,20270707,1,20270708,1,20270709,1,20270712,1,20270713,1,20270714,1,20270715,1,20270716,1,20270719,1,20270720,1,20270721,1,20270722,1,20270723,1,20270726,1,20270727,1,20270728,1,20270729,1,20270730,1,20270802,1,20270803,1,20270804,1,20270805,1,20270806,1,20270809,1,20270810,1,20270811,1,20270812,1,20270813,1,20270816,1,20270817,1,20270818,1,20270819,1,20270820,1,20270823,1,20270824,1,20270825,1,20270826,1,20270827,1,20270830,1,20270831,1,20270901,1,20270902,1,20270903,1,20270906,1,20270907,1,20270908,1,20270909,1,20270910,1,20270913,1,20270914,1,20270915,1,20270916,1,20270917,1,20270920,1,20270921,1,20270922,1,20270923,1,20270924,1
'1463416',20260924,1,20260925,1,20260928,1,20260929,1,20260930,1,20261001,1,20261002,1,20261005,1,20261006,1,20261007,1,20261008,1,20261009,1,20261012,1,20261013,1,20261014,1,20261015,1,20261016,1,20261019,1,20261020,1,20261021,1,20261022,1,20261023,1,20261026,1,20261027,1,20261028,1,20261029,1,20261030,1,20261102,1,20261103,1,20261104,1,20261105,1,20261106,1,20261109,1,20261110,1,20261111,1,20261112,1,20261113,1,20261116,1,20261117,1,20261118,1,20261119,1,20261120,1,20261123,1,20261124,1,20261125,1,20261126,1,20261127,1,20261130,1,20261201,1,20261202,1,20261203,1,20261204,1,20261207,1,20261208,1,20261209,1,20261210,1,20261211,1,20261214,1,20261215,1,20261216,1,20261217,1,20261218,1,20261221,1,20261222,1,20261223,1,20261224,1,20261225,1,20261228,1,20261229,1,20261230,1,20261231,1,20270101,1,20270104,1,20270105,1,20270106,1,20270107,1,20270108,1,20270111,1,20270112,1,20270113,1,20270114,1,20270115,1,20270118,1,20270119,1,20270120,1,20270121,1,20270122,1,20270125,1,20270126,1,20270127,1,20270128,1,20270129,1,20270201,1,20270202,1,20270203,1,20270204,1,20270205,1,20270208,1,20270209,1,20270210,1,20270211,1,20270212,1,20270215,1,20270216,1,20270217,1,20270218,1,20270219,1,20270222,1,20270223,1,20270224,1,20270225,1,20270226,1,20270301,1,20270302,1,20270303,1,20270304,1,20270305,1,20270308,1,20270309,1,20270310,1,20270311,1,20270312,1,20270315,1,20270316,1,20270317,1,20270318,1,20270319,1,20270322,1,20270323,1,20270324,1,20270325,1,20270326,1,20270329,1,20270330,1,20270331,1,20270401,1,20270402,1,20270405,1,20270406,1,20270407,1,20270408,1,20270409,1,20270412,1,20270413,1,20270414,1,20270415,1,20270416,1,20270419,1,20270420,1,20270421,1,20270422,1,20270423,1,20270426,1,20270427,1,20270428,1,20270429,1,20270430,1,20270503,1,20270504,1,20270505,1,20270506,1,20270507,1,20270510,1,20270511,1,20270512,1,20270513,1,20270514,1,20270517,1,20270518,1,20270519,1,20270520,1,20270521,1,20270524,1,20270525,1,20270526,1,20270527,1,20270528,1,20270531,1,20270601,1,20270602,1,20270603,1,20270604,1,20270607,1,20270608,1,20270609,1,20270610,1,20270611,1,20270614,1,20270615,1,20270616,1,20270617,1,20270618,1,20270621,1,20270622,1,20270623,1,20270624,1,20270625,1,20270628,1,20270629,1,20270630,1,20270701,1,20270702,1,20270705,1,20270706,1,20270707,1,20270708,1,20270709,1,20270712,1,20270713,1,20270714,1,20270715,1,20270716,1,20270719,1,20270720,1,20270721,1,20270722,1,20270723,1,20270726,1,20270727,1,20270728,1,20270729,1,20270730,1,20270802,1,20270803,1,20270804,1,20270805,1,20270806,1,20270809,1,20270810,1,20270811,1,20270812,1,20270813,1,20270816,1,20270817,1,20270818,1,20270819,1,20270820,1,20270823,1,20270824,1,20270825,1,20270826,1,20270827,1,20270830,1,20270831,1,20270901,1,20270902,1,20270903,1,20270906,1,20270907,1,20270908,1,20270909,1,20270910,1,20270913,1,20270914,1,20270915,1,20270916,1,20270917,1,20270920,1,20270921,1,20270922,1,20270923,1,20270924,1
'1463417',20260924,1,20260925,1,20260928,1,20260929,1,20260930,1,20261001,1,20261002,1,20261005,1,20261006,1,20261007,1,20261008,1,20261009,1,20261012,1,20261013,1,20261014,1,20261015,1,20261016,1,20261019,1,20261020,1,20261021,1,20261022,1,20261023,1,20261026,1,20261027,1,20261028,1,20261029,1,20261030,1,20261102,1,20261103,1,20261104,1,20261105,1,20261106,1,20261109,1,20261110,1,20261111,1,20261112,1,20261113,1,20261116,1,20261117,1,20261118,1,20261119,1,20261120,1,20261123,1,20261124,1,20261125,1,20261126,1,20261127,1,20261130,1,20261201,1,20261202,1,20261203,1,20261204,1,20261207,1,20261208,1,20261209,1,20261210,1,20261211,1,20261214,1,20261215,1,20261216,1,20261217,1,20261218,1,20261221,1,20261222,1,20261223,1,20261224,1,20261225,1,20261228,1,20261229,1,20261230,1,20261231,1,20270101,1,20270104,1,20270105,1,20270106,1,20270107,1,20270108,1,20270111,1,20270112,1,20270113,1,20270114,1,20270115,1,20270118,1,20270119,1,20270120,1,20270121,1,20270122,1,20270125,1,20270126,1,20270127,1,20270128,1,20270129,1,20270201,1,20270202,1,20270203,1,20270204,1,20270205,1,20270208,1,20270209,1,20270210,1,20270211,1,20270212,1,20270215,1,20270216,1,20270217,1,20270218,1,20270219,1,20270222,1,20270223,1,20270224,1,20270225,1,20270226,1,20270301,1,20270302,1,20270303,1,20270304,1,20270305,1,20270308,1,20270309,1,20270310,1,20270311,1,20270312,1,20270315,1,20270316,1,20270317,1,20270318,1,20270319,1,20270322,1,20270323,1,20270324,1,20270325,1,20270326,1,20270329,1,20270330,1,20270331,1,20270401,1,20270402,1,20270405,1,20270406,1,20270407,1,20270408,1,20270409,1,20270412,1,20270413,1,20270414,1,20270415,1,20270416,1,20270419,1,20270420,1,20270421,1,20270422,1,20270423,1,20270426,1,20270427,1,20270428,1,20270429,1,20270430,1,20270503,1,20270504,1,20270505,1,20270506,1,20270507,1,20270510,1,20270511,1,20270512,1,20270513,1,20270514,1,20270517,1,20270518,1,20270519,1,20270520,1,20270521,1,20270524,1,20270525,1,20270526,1,20270527,1,20270528,1,20270531,1,20270601,1,20270602,1,20270603,1,20270604,1,20270607,1,20270608,1,20270609,1,20270610,1,20270611,1,20270614,1,20270615,1,20270616,1,20270617,1,20270618,1,20270621,1,20270622,1,20270623,1,20270624,1,20270625,1,20270628,1,20270629,1,20270630,1,20270701,1,20270702,1,20270705,1,20270706,1,20270707,1,20270708,1,20270709,1,20270712,1,20270713,1,20270714,1,20270715,1,20270716,1,20270719,1,20270720,1,20270721,1,20270722,1,20270723,1,20270726,1,20270727,1,20270728,1,20270729,1,20270730,1,20270802,1,20270803,1,20270804,1,20270805,1,20270806,1,20270809,1,20270810,1,20270811,1,20270812,1,20270813,1,20270816,1,20270817,1,20270818,1,20270819,1,20270820,1,20270823,1,20270824,1,20270825,1,20270826,1,20270827,1,20270830,1,20270831,1,20270901,1,20270902,1,20270903,1,20270906,1,20270907,1,20270908,1,20270909,1,20270910,1,20270913,1,20270914,1,20270915,1,20270916,1,20270917,1,20270920,1,20270921,1,20270922,1,20270923,1,20270924,1
'1463455',20260924,1,20260925,1,20260928,1,20260929,1,20260930,1,20261001,1,20261002,1,20261005,1,20261006,1,20261007,1,20261008,1,20261009,1,20261012,1,20261013,1,20261014,1,20261015,1,20261016,1,20261019,1,20261020,1,20261021,1,20261022,1,20261023,1,20261026,1,20261027,1,20261028,1,20261029,1,20261030,1,20261102,1,20261103,1,20261104,1,20261105,1,20261106,1,20261109,1,20261110,1,20261111,1,20261112,1,20261113,1,20261116,1,20261117,1,20261118,1,20261119,1,20261120,1,20261123,1,20261124,1,20261125,1,20261126,1,20261127,1,20261130,1,20261201,1,20261202,1,20261203,1,20261204,1,20261207,1,20261208,1,20261209,1,20261210,1,20261211,1,20261214,1,20261215,1,20261216,1,20261217,1,20261218,1,20261221,1,20261222,1,20261223,1,20261224,1,20261225,1,20261228,1,20261229,1,20261230,1,20261231,1,20270101,1,20270104,1,20270105,1,20270106,1,20270107,1,20270108,1,20270111,1,20270112,1,20270113,1,20270114,1,20270115,1,20270118,1,20270119,1,20270120,1,20270121,1,20270122,1,20270125,1,20270126,1,20270127,1,20270128,1,20270129,1,20270201,1,20270202,1,20270203,1,20270204,1,20270205,1,20270208,1,20270209,1,20270210,1,20270211,1,20270212,1,20270215,1,20270216,1,20270217,1,20270218,1,20270219,1,20270222,1,20270223,1,20270224,1,20270225,1,20270226,1,20270301,1,20270302,1,20270303,1,20270304,1,20270305,1,20270308,1,20270309,1,20270310,1,20270311,1,20270312,1,20270315,1,20270316,1,20270317,1,20270318,1,20270319,1,20270322,1,20270323,1,20270324,1,20270325,1,20270326,1,20270329,1,20270330,1,20270331,1,20270401,1,20270402,1,20270405,1,20270406,1,20270407,1,20270408,1,20270409,1,20270412,1,20270413,1,20270414,1,20270415,1,20270416,1,20270419,1,20270420,1,20270421,1,20270422,1,20270423,1,20270426,1,20270427,1,20270428,1,20270429,1,20270430,1,20270503,1,20270504,1,20270505,1,20270506,1,20270507,1,20270510,1,20270511,1,20270512,1,20270513,1,20270514,1,20270517,1,20270518,1,20270519,1,20270520,1,20270521,1,20270524,1,20270525,1,20270526,1,20270527,1,20270528,1,20270531,1,20270601,1,20270602,1,20270603,1,20270604,1,20270607,1,20270608,1,20270609,1,20270610,1,20270611,1,20270614,1,20270615,1,20270616,1,20270617,1,20270618,1,20270621,1,20270622,1,20270623,1,20270624,1,20270625,1,20270628,1,20270629,1,20270630,1,20270701,1,20270702,1,20270705,1,20270706,1,20270707,1,20270708,1,20270709,1,20270712,1,20270713,1,20270714,1,20270715,1,20270716,1,20270719,1,20270720,1,20270721,1,20270722,1,20270723,1,20270726,1,20270727,1,20270728,1,20270729,1,20270730,1,20270802,1,20270803,1,20270804,1,20270805,1,20270806,1,20270809,1,20270810,1,20270811,1,20270812,1,20270813,1,20270816,1,20270817,1,20270818,1,20270819,1,20270820,1,20270823,1,20270824,1,20270825,1,20270826,1,20270827,1,20270830,1,20270831,1,20270901,1,20270902,1,20270903,1,20270906,1,20270907,1,20270908,1,20270909,1,20270910,1,20270913,1,20270914,1,20270915,1,20270916,1,20270917,1,20270920,1,20270921,1,20270922,1,20270923,1,20270924,1
'1463456',20260924,1,20260925,1,20260928,1,20260929,1,20260930,1,20261001,1,20261002,1,20261005,1,20261006,1,20261007,1,20261008,1,20261009,1,20261012,1,20261013,1,20261014,1,20261015,1,20261016,1,20261019,1,20261020,1,20261021,1,20261022,1,20261023,1,20261026,1,20261027,1,20261028,1,20261029,1,20261030,1,20261102,1,20261103,1,20261104,1,20261105,1,20261106,1,20261109,1,20261110,1,20261111,1,20261112,1,20261113,1,20261116,1,20261117,1,20261118,1,20261119,1,20261120,1,20261123,1,20261124,1,20261125,1,20261126,1,20261127,1,20261130,1,20261201,1,20261202,1,20261203,1,20261204,1,20261207,1,20261208,1,20261209,1,20261210,1,20261211,1,20261214,1,20261215,1,20261216,1,20261217,1,20261218,1,20261221,1,20261222,1,20261223,1,20261224,1,20261225,1,20261228,1,20261229,1,20261230,1,20261231,1,20270101,1,20270104,1,20270105,1,20270106,1,20270107,1,20270108,1,20270111,1,20270112,1,20270113,1,20270114,1,20270115,1,20270118,1,20270119,1,20270120,1,20270121,1,20270122,1,20270125,1,20270126,1,20270127,1,20270128,1,20270129,1,20270201,1,20270202,1,20270203,1,20270204,1,20270205,1,20270208,1,20270209,1,20270210,1,20270211,1,20270212,1,20270215,1,20270216,1,20270217,1,20270218,1,20270219,1,20270222,1,20270223,1,20270224,1,20270225,1,20270226,1,20270301,1,20270302,1,20270303,1,20270304,1,20270305,1,20270308,1,20270309,1,20270310,1,20270311,1,20270312,1,20270315,1,20270316,1,20270317,1,20270318,1,20270319,1,20270322,1,20270323,1,20270324,1,20270325,1,20270326,1,20270329,1,20270330,1,20270331,1,20270401,1,20270402,1,20270405,1,20270406,1,20270407,1,20270408,1,20270409,1,20270412,1,20270413,1,20270414,1,20270415,1,20270416,1,20270419,1,20270420,1,20270421,1,20270422,1,20270423,1,20270426,1,20270427,1,20270428,1,20270429,1,20270430,1,20270503,1,20270504,1,20270505,1,20270506,1,20270507,1,20270510,1,20270511,1,20270512,1,20270513,1,20270514,1,20270517,1,20270518,1,20270519,1,20270520,1,20270521,1,20270524,1,20270525,1,20270526,1,20270527,1,20270528,1,20270531,1,20270601,1,20270602,1,20270603,1,20270604,1,20270607,1,20270608,1,20270609,1,20270610,1,20270611,1,20270614,1,20270615,1,20270616,1,20270617,1,20270618,1,20270621,1,20270622,1,20270623,1,20270624,1,20270625,1,20270628,1,20270629,1,20270630,1,20270701,1,20270702,1,20270705,1,20270706,1,20270707,1,20270708,1,20270709,1,20270712,1,20270713,1,20270714,1,20270715,1,20270716,1,20270719,1,20270720,1,20270721,1,20270722,1,20270723,1,20270726,1,20270727,1,20270728,1,20270729,1,20270730,1,20270802,1,20270803,1,20270804,1,20270805,1,20270806,1,20270809,1,20270810,1,20270811,1,20270812,1,20270813,1,20270816,1,20270817,1,20270818,1,20270819,1,20270820,1,20270823,1,20270824,1,20270825,1,20270826,1,20270827,1,20270830,1,20270831,1,20270901,1,20270902,1,20270903,1,20270906,1,20270907,1,20270908,1,20270909,1,20270910,1,20270913,1,20270914,1,20270915,1,20270916,1,20270917,1,20270920,1,20270921,1,20270922,1,20270923,1,20270924,1
'1463466',20260924,1,20260925,1,20260928,1,20260929,1,20260930,1,20261001,1,20261002,1,20261005,1,20261006,1,20261007,1,20261008,1,20261009,1,20261012,1,20261013,1,20261014,1,20261015,1,20261016,1,20261019,1,20261020,1,20261021,1,20261022,1,20261023,1,20261026,1,20261027,1,20261028,1,20261029,1,20261030,1,20261102,1,20261103,1,20261104,1,20261105,1,20261106,1,20261109,1,20261110,1,20261111,1,20261112,1,20261113,1,20261116,1,20261117,1,20261118,1,20261119,1,20261120,1,20261123,1,20261124,1,20261125,1,20261126,1,20261127,1,20261130,1,20261201,1,20261202,1,20261203,1,20261204,1,20261207,1,20261208,1,20261209,1,20261210,1,20261211,1,20261214,1,20261215,1,20261216,1,20261217,1,20261218,1,20261221,1,20261222,1,20261223,1,20261224,1,20261225,1,20261228,1,20261229,1,20261230,1,20261231,1,20270101,1,20270104,1,20270105,1,20270106,1,20270107,1,20270108,1,20270111,1,20270112,1,20270113,1,20270114,1,20270115,1,20270118,1,20270119,1,20270120,1,20270121,1,20270122,1,20270125,1,20270126,1,20270127,1,20270128,1,20270129,1,20270201,1,20270202,1,20270203,1,20270204,1,20270205,1,20270208,1,20270209,1,20270210,1,20270211,1,20270212,1,20270215,1,20270216,1,20270217,1,20270218,1,20270219,1,20270222,1,20270223,1,20270224,1,20270225,1,20270226,1,20270301,1,20270302,1,20270303,1,20270304,1,20270305,1,20270308,1,20270309,1,20270310,1,20270311,1,20270312,1,20270315,1,20270316,1,20270317,1,20270318,1,20270319,1,20270322,1,20270323,1,20270324,1,20270325,1,20270326,1,20270329,1,20270330,1,20270331,1,20270401,1,20270402,1,20270405,1,20270406,1,20270407,1,20270408,1,20270409,1,20270412,1,20270413,1,20270414,1,20270415,1,20270416,1,20270419,1,20270420,1,20270421,1,20270422,1,20270423,1,20270426,1,20270427,1,20270428,1,20270429,1,20270430,1,20270503,1,20270504,1,20270505,1,20270506,1,20270507,1,20270510,1,20270511,1,20270512,1,20270513,1,20270514,1,20270517,1,20270518,1,20270519,1,20270520,1,20270521,1,20270524,1,20270525,1,20270526,1,20270527,1,20270528,1,20270531,1,20270601,1,20270602,1,20270603,1,20270604,1,20270607,1,20270608,1,20270609,1,20270610,1,20270611,1,20270614,1,20270615,1,20270616,1,20270617,1,20270618,1,20270621,1,20270622,1,20270623,1,20270624,1,20270625,1,20270628,1,20270629,1,20270630,1,20270701,1,20270702,1,20270705,1,20270706,1,20270707,1,20270708,1,20270709,1,20270712,1,20270713,1,20270714,1,20270715,1,20270716,1,20270719,1,20270720,1,20270721,1,20270722,1,20270723,1,20270726,1,20270727,1,20270728,1,20270729,1,20270730,1,20270802,1,20270803,1,20270804,1,20270805,1,20270806,1,20270809,1,20270810,1,20270811,1,20270812,1,20270813,1,20270816,1,20270817,1,20270818,1,20270819,1,20270820,1,20270823,1,20270824,1,20270825,1,20270826,1,20270827,1,20270830,1,20270831,1,20270901,1,20270902,1,20270903,1,20270906,1,20270907,1,20270908,1,20270909,1,20270910,1,20270913,1,20270914,1,20270915,1,20270916,1,20270917,1,20270920,1,20270921,1,20270922,1,20270923,1,20270924,1
'1463493',20260924,1,20260925,1,20260928,1,20260929,1,20260930,1,20261001,1,20261002,1,20261005,1,20261006,1,20261007,1,20261008,1,20261009,1,20261012,1,20261013,1,20261014,1,20261015,1,20261016,1,20261019,1,20261020,1,20261021,1,20261022,1,20261023,1,20261026,1,20261027,1,20261028,1,20261029,1,20261030,1,20261102,1,20261103,1,20261104,1,20261105,1,20261106,1,20261109,1,20261110,1,20261111,1,20261112,1,20261113,1,20261116,1,20261117,1,20261118,1,20261119,1,20261120,1,20261123,1,20261124,1,20261125,1,20261126,1,20261127,1,20261130,1,20261201,1,20261202,1,20261203,1,20261204,1,20261207,1,20261208,1,20261209,1,20261210,1,20261211,1,20261214,1,20261215,1,20261216,1,20261217,1,20261218,1,20261221,1,20261222,1,20261223,1,20261224,1,20261225,1,20261228,1,20261229,1,20261230,1,20261231,1,20270101,1,20270104,1,20270105,1,20270106,1,20270107,1,20270108,1,20270111,1,20270112,1,20270113,1,20270114,1,20270115,1,20270118,1,20270119,1,20270120,1,20270121,1,20270122,1,20270125,1,20270126,1,20270127,1,20270128,1,20270129,1,20270201,1,20270202,1,20270203,1,20270204,1,20270205,1,20270208,1,20270209,1,20270210,1,20270211,1,20270212,1,20270215,1,20270216,1,20270217,1,20270218,1,20270219,1,20270222,1,20270223,1,20270224,1,20270225,1,20270226,1,20270301,1,20270302,1,20270303,1,20270304,1,20270305,1,20270308,1,20270309,1,20270310,1,20270311,1,20270312,1,20270315,1,20270316,1,20270317,1,20270318,1,20270319,1,20270322,1,20270323,1,20270324,1,20270325,1,20270326,1,20270329,1,20270330,1,20270331,1,20270401,1,20270402,1,20270405,1,20270406,1,20270407,1,20270408,1,20270409,1,20270412,1,20270413,1,20270414,1,20270415,1,20270416,1,20270419,1,20270420,1,20270421,1,20270422,1,20270423,1,20270426,1,20270427,1,20270428,1,20270429,1,20270430,1,20270503,1,20270504,1,20270505,1,20270506,1,20270507,1,20270510,1,20270511,1,20270512,1,20270513,1,20270514,1,20270517,1,20270518,1,20270519,1,20270520,1,20270521,1,20270524,1,20270525,1,20270526,1,20270527,1,20270528,1,20270531,1,20270601,1,20270602,1,20270603,1,20270604,1,20270607,1,20270608,1,20270609,1,20270610,1,20270611,1,20270614,1,20270615,1,20270616,1,20270617,1,20270618,1,20270621,1,20270622,1,20270623,1,20270624,1,20270625,1,20270628,1,20270629,1,20270630,1,20270701,1,20270702,1,20270705,1,20270706,1,20270707,1,20270708,1,20270709,1,20270712,1,20270713,1,20270714,1,20270715,1,20270716,1,20270719,1,20270720,1,20270721,1,20270722,1,20270723,1,20270726,1,20270727,1,20270728,1,20270729,1,20270730,1,20270802,1,20270803,1,20270804,1,20270805,1,20270806,1,20270809,1,20270810,1,20270811,1,20270812,1,20270813,1,20270816,1,20270817,1,20270818,1,20270819,1,20270820,1,20270823,1,20270824,1,20270825,1,20270826,1,20270827,1,20270830,1,20270831,1,20270901,1,20270902,1,20270903,1,20270906,1,20270907,1,20270908,1,20270909,1,20270910,1,20270913,1,20270914,1,20270915,1,20270916,1,20270917,1,20270920,1,20270921,1,20270922,1,20270923,1,20270924,1
'1463502',20260924,1,20260925,1,20260928,1,20260929,1,20260930,1,20261001,1,20261002,1,20261005,1,20261006,1,20261007,1,20261008,1,20261009,1,20261012,1,20261013,1,20261014,1,20261015,1,20261016,1,20261019,1,20261020,1,20261021,1,20261022,1,20261023,1,20261026,1,20261027,1,20261028,1,20261029,1,20261030,1,20261102,1,20261103,1,20261104,1,20261105,1,20261106,1,20261109,1,20261110,1,20261111,1,20261112,1,20261113,1,20261116,1,20261117,1,20261118,1,20261119,1,20261120,1,20261123,1,20261124,1,20261125,1,20261126,1,20261127,1,20261130,1,20261201,1,20261202,1,20261203,1,20261204,1,20261207,1,20261208,1,20261209,1,20261210,1,20261211,1,20261214,1,20261215,1,20261216,1,20261217,1,20261218,1,20261221,1,20261222,1,20261223,1,20261224,1,20261225,1,20261228,1,20261229,1,20261230,1,20261231,1,20270101,1,20270104,1,20270105,1,20270106,1,20270107,1,20270108,1,20270111,1,20270112,1,20270113,1,20270114,1,20270115,1,20270118,1,20270119,1,20270120,1,20270121,1,20270122,1,20270125,1,20270126,1,20270127,1,20270128,1,20270129,1,20270201,1,20270202,1,20270203,1,20270204,1,20270205,1,20270208,1,20270209,1,20270210,1,20270211,1,20270212,1,20270215,1,20270216,1,20270217,1,20270218,1,20270219,1,20270222,1,20270223,1,20270224,1,20270225,1,20270226,1,20270301,1,20270302,1,20270303,1,20270304,1,20270305,1,20270308,1,20270309,1,20270310,1,20270311,1,20270312,1,20270315,1,20270316,1,20270317,1,20270318,1,20270319,1,20270322,1,20270323,1,20270324,1,20270325,1,20270326,1,20270329,1,20270330,1,20270331,1,20270401,1,20270402,1,20270405,1,20270406,1,20270407,1,20270408,1,20270409,1,20270412,1,20270413,1,20270414,1,20270415,1,20270416,1,20270419,1,20270420,1,20270421,1,20270422,1,20270423,1,20270426,1,20270427,1,20270428,1,20270429,1,20270430,1,20270503,1,20270504,1,20270505,1,20270506,1,20270507,1,20270510,1,20270511,1,20270512,1,20270513,1,20270514,1,20270517,1,20270518,1,20270519,1,20270520,1,20270521,1,20270524,1,20270525,1,20270526,1,20270527,1,20270528,1,20270531,1,20270601,1,20270602,1,20270603,1,20270604,1,20270607,1,20270608,1,20270609,1,20270610,1,20270611,1,20270614,1,20270615,1,20270616,1,20270617,1,20270618,1,20270621,1,20270622,1,20270623,1,20270624,1,20270625,1,20270628,1,20270629,1,20270630,1,20270701,1,20270702,1,20270705,1,20270706,1,20270707,1,20270708,1,20270709,1,20270712,1,20270713,1,20270714,1,20270715,1,20270716,1,20270719,1,20270720,1,20270721,1,20270722,1,20270723,1,20270726,1,20270727,1,20270728,1,20270729,1,20270730,1,20270802,1,20270803,1,20270804,1,20270805,1,20270806,1,20270809,1,20270810,1,20270811,1,20270812,1,20270813,1,20270816,1,20270817,1,20270818,1,20270819,1,20270820,1,20270823,1,20270824,1,20270825,1,20270826,1,20270827,1,20270830,1,20270831,1,20270901,1,20270902,1,20270903,1,20270906,1,20270907,1,20270908,1,20270909,1,20270910,1,20270913,1,20270914,1,20270915,1,20270916,1,20270917,1,20270920,1,20270921,1,20270922,1,20270923,1,20270924,1
'1463503',20260924,1,20260925,1,20260928,1,20260929,1,20260930,1,20261001,1,20261002,1,20261005,1,20261006,1,20261007,1,20261008,1,20261009,1,20261012,1,20261013,1,20261014,1,20261015,1,20261016,1,20261019,1,20261020,1,20261021,1,20261022,1,20261023,1,20261026,1,20261027,1,20261028,1,20261029,1,20261030,1,20261102,1,20261103,1,20261104,1,20261105,1,20261106,1,20261109,1,20261110,1,20261111,1,20261112,1,20261113,1,20261116,1,20261117,1,20261118,1,20261119,1,20261120,1,20261123,1,20261124,1,20261125,1,20261126,1,20261127,1,20261130,1,20261201,1,20261202,1,20261203,1,20261204,1,20261207,1,20261208,1,20261209,1,20261210,1,20261211,1,20261214,1,20261215,1,20261216,1,20261217,1,20261218,1,20261221,1,20261222,1,20261223,1,20261224,1,20261225,1,20261228,1,20261229,1,20261230,1,20261231,1,20270101,1,20270104,1,20270105,1,20270106,1,20270107,1,20270108,1,20270111,1,20270112,1,20270113,1,20270114,1,20270115,1,20270118,1,20270119,1,20270120,1,20270121,1,20270122,1,20270125,1,20270126,1,20270127,1,20270128,1,20270129,1,20270201,1,20270202,1,20270203,1,20270204,1,20270205,1,20270208,1,20270209,1,20270210,1,20270211,1,20270212,1,20270215,1,20270216,1,20270217,1,20270218,1,20270219,1,20270222,1,20270223,1,20270224,1,20270225,1,20270226,1,20270301,1,20270302,1,20270303,1,20270304,1,20270305,1,20270308,1,20270309,1,20270310,1,20270311,1,20270312,1,20270315,1,20270316,1,20270317,1,20270318,1,20270319,1,20270322,1,20270323,1,20270324,1,20270325,1,20270326,1,20270329,1,20270330,1,20270331,1,20270401,1,20270402,1,20270405,1,20270406,1,20270407,1,20270408,1,20270409,1,20270412,1,20270413,1,20270414,1,20270415,1,20270416,1,20270419,1,20270420,1,20270421,1,20270422,1,20270423,1,20270426,1,20270427,1,20270428,1,20270429,1,20270430,1,20270503,1,20270504,1,20270505,1,20270506,1,20270507,1,20270510,1,20270511,1,20270512,1,20270513,1,20270514,1,20270517,1,20270518,1,20270519,1,20270520,1,20270521,1,20270524,1,20270525,1,20270526,1,20270527,1,20270528,1,20270531,1,20270601,1,20270602,1,20270603,1,20270604,1,20270607,1,20270608,1,20270609,1,20270610,1,20270611,1,20270614,1,20270615,1,20270616,1,20270617,1,20270618,1,20270621,1,20270622,1,20270623,1,20270624,1,20270625,1,20270628,1,20270629,1,20270630,1,20270701,1,20270702,1,20270705,1,20270706,1,20270707,1,20270708,1,20270709,1,20270712,1,20270713,1,20270714,1,20270715,1,20270716,1,20270719,1,20270720,1,20270721,1,20270722,1,20270723,1,20270726,1,20270727,1,20270728,1,20270729,1,20270730,1,20270802,1,20270803,1,20270804,1,20270805,1,20270806,1,20270809,1,20270810,1,20270811,1,20270812,1,20270813,1,20270816,1,20270817,1,20270818,1,20270819,1,20270820,1,20270823,1,20270824,1,20270825,1,20270826,1,20270827,1,20270830,1,20270831,1,20270901,1,20270902,1,20270903,1,20270906,1,20270907,1,20270908,1,20270909,1,20270910,1,20270913,1,20270914,1,20270915,1,20270916,1,20270917,1,20270920,1,20270921,1,20270922,1,20270923,1,20270924,1
'1463511',20260924,1,20260925,1,20260928,1,20260929,1,20260930,1,20261001,1,20261002,1,20261005,1,20261006,1,20261007,1,20261008,1,20261009,1,20261012,1,20261013,1,20261014,1,20261015,1,20261016,1,20261019,1,20261020,1,20261021,1,20261022,1,20261023,1,20261026,1,20261027,1,20261028,1,20261029,1,20261030,1,20261102,1,20261103,1,20261104,1,20261105,1,20261106,1,20261109,1,20261110,1,20261111,1,20261112,1,20261113,1,20261116,1,20261117,1,20261118,1,20261119,1,20261120,1,20261123,1,20261124,1,20261125,1,20261126,1,20261127,1,20261130,1,20261201,1,20261202,1,20261203,1,20261204,1,20261207,1,20261208,1,20261209,1,20261210,1,20261211,1,20261214,1,20261215,1,20261216,1,20261217,1,20261218,1,20261221,1,20261222,1,20261223,1,20261224,1,20261225,1,20261228,1,20261229,1,20261230,1,20261231,1,20270101,1,20270104,1,20270105,1,20270106,1,20270107,1,20270108,1,20270111,1,20270112,1,20270113,1,20270114,1,20270115,1,20270118,1,20270119,1,20270120,1,20270121,1,20270122,1,20270125,1,20270126,1,20270127,1,20270128,1,20270129,1,20270201,1,20270202,1,20270203,1,20270204,1,20270205,1,20270208,1,20270209,1,20270210,1,20270211,1,20270212,1,20270215,1,20270216,1,20270217,1,20270218,1,20270219,1,20270222,1,20270223,1,20270224,1,20270225,1,20270226,1,20270301,1,20270302,1,20270303,1,20270304,1,20270305,1,20270308,1,20270309,1,20270310,1,20270311,1,20270312,1,20270315,1,20270316,1,20270317,1,20270318,1,20270319,1,20270322,1,20270323,1,20270324,1,20270325,1,20270326,1,20270329,1,20270330,1,20270331,1,20270401,1,20270402,1,20270405,1,20270406,1,20270407,1,20270408,1,20270409,1,20270412,1,20270413,1,20270414,1,20270415,1,20270416,1,20270419,1,20270420,1,20270421,1,20270422,1,20270423,1,20270426,1,20270427,1,20270428,1,20270429,1,20270430,1,20270503,1,20270504,1,20270505,1,20270506,1,20270507,1,20270510,1,20270511,1,20270512,1,20270513,1,20270514,1,20270517,1,20270518,1,20270519,1,20270520,1,20270521,1,20270524,1,20270525,1,20270526,1,20270527,1,20270528,1,20270531,1,20270601,1,20270602,1,20270603,1,20270604,1,20270607,1,20270608,1,20270609,1,20270610,1,20270611,1,20270614,1,20270615,1,20270616,1,20270617,1,20270618,1,20270621,1,20270622,1,20270623,1,20270624,1,20270625,1,20270628,1,20270629,1,20270630,1,20270701,1,20270702,1,20270705,1,20270706,1,20270707,1,20270708,1,20270709,1,20270712,1,20270713,1,20270714,1,20270715,1,20270716,1,20270719,1,20270720,1,20270721,1,20270722,1,20270723,1,20270726,1,20270727,1,20270728,1,20270729,1,20270730,1,20270802,1,20270803,1,20270804,1,20270805,1,20270806,1,20270809,1,20270810,1,20270811,1,20270812,1,20270813,1,20270816,1,20270817,1,20270818,1,20270819,1,20270820,1,20270823,1,20270824,1,20270825,1,20270826,1,20270827,1,20270830,1,20270831,1,20270901,1,20270902,1,20270903,1,20270906,1,20270907,1,20270908,1,20270909,1,20270910,1,20270913,1,20270914,1,20270915,1,20270916,1,20270917,1,20270920,1,20270921,1,20270922,1,20270923,1,20270924,1
'1463515',20260924,1,20260925,1,20260928,1,20260929,1,20260930,1,20261001,1,20261002,1,20261005,1,20261006,1,20261007,1,20261008,1,20261009,1,20261012,1,20261013,1,20261014,1,20261015,1,20261016,1,20261019,1,20261020,1,20261021,1,20261022,1,20261023,1,20261026,1,20261027,1,20261028,1,20261029,1,20261030,1,20261102,1,20261103,1,20261104,1,20261105,1,20261106,1,20261109,1,20261110,1,20261111,1,20261112,1,20261113,1,20261116,1,20261117,1,20261118,1,20261119,1,20261120,1,20261123,1,20261124,1,20261125,1,20261126,1,20261127,1,20261130,1,20261201,1,20261202,1,20261203,1,20261204,1,20261207,1,20261208,1,20261209,1,20261210,1,20261211,1,20261214,1,20261215,1,20261216,1,20261217,1,20261218,1,20261221,1,20261222,1,20261223,1,20261224,1,20261225,1,20261228,1,20261229,1,20261230,1,20261231,1,20270101,1,20270104,1,20270105,1,20270106,1,20270107,1,20270108,1,20270111,1,20270112,1,20270113,1,20270114,1,20270115,1,20270118,1,20270119,1,20270120,1,20270121,1,20270122,1,20270125,1,20270126,1,20270127,1,20270128,1,20270129,1,20270201,1,20270202,1,20270203,1,20270204,1,20270205,1,20270208,1,20270209,1,20270210,1,20270211,1,20270212,1,20270215,1,20270216,1,20270217,1,20270218,1,20270219,1,20270222,1,20270223,1,20270224,1,20270225,1,20270226,1,20270301,1,20270302,1,20270303,1,20270304,1,20270305,1,20270308,1,20270309,1,20270310,1,20270311,1,20270312,1,20270315,1,20270316,1,20270317,1,20270318,1,20270319,1,20270322,1,20270323,1,20270324,1,20270325,1,20270326,1,20270329,1,20270330,1,20270331,1,20270401,1,20270402,1,20270405,1,20270406,1,20270407,1,20270408,1,20270409,1,20270412,1,20270413,1,20270414,1,20270415,1,20270416,1,20270419,1,20270420,1,20270421,1,20270422,1,20270423,1,20270426,1,20270427,1,20270428,1,20270429,1,20270430,1,20270503,1,20270504,1,20270505,1,20270506,1,20270507,1,20270510,1,20270511,1,20270512,1,20270513,1,20270514,1,20270517,1,20270518,1,20270519,1,20270520,1,20270521,1,20270524,1,20270525,1,20270526,1,20270527,1,20270528,1,20270531,1,20270601,1,20270602,1,20270603,1,20270604,1,20270607,1,20270608,1,20270609,1,20270610,1,20270611,1,20270614,1,20270615,1,20270616,1,20270617,1,20270618,1,20270621,1,20270622,1,20270623,1,20270624,1,20270625,1,20270628,1,20270629,1,20270630,1,20270701,1,20270702,1,20270705,1,20270706,1,20270707,1,20270708,1,20270709,1,20270712,1,20270713,1,20270714,1,20270715,1,20270716,1,20270719,1,20270720,1,20270721,1,20270722,1,20270723,1,20270726,1,20270727,1,20270728,1,20270729,1,20270730,1,20270802,1,20270803,1,20270804,1,20270805,1,20270806,1,20270809,1,20270810,1,20270811,1,20270812,1,20270813,1,20270816,1,20270817,1,20270818,1,20270819,1,20270820,1,20270823,1,20270824,1,20270825,1,20270826,1,20270827,1,20270830,1,20270831,1,20270901,1,20270902,1,20270903,1,20270906,1,20270907,1,20270908,1,20270909,1,20270910,1,20270913,1,20270914,1,20270915,1,20270916,1,20270917,1,20270920,1,20270921,1,20270922,1,20270923,1,20270924,1
'1463529',20260924,1,20260925,1,20260928,1,20260929,1,20260930,1,20261001,1,20261002,1,20261005,1,20261006,1,20261007,1,20261008,1,20261009,1,20261012,1,20261013,1,20261014,1,20261015,1,20261016,1,20261019,1,20261020,1,20261021,1,20261022,1,20261023,1,20261026,1,20261027,1,20261028,1,20261029,1,20261030,1,20261102,1,20261103,1,20261104,1,20261105,1,20261106,1,20261109,1,20261110,1,20261111,1,20261112,1,20261113,1,20261116,1,20261117,1,20261118,1,20261119,1,20261120,1,20261123,1,20261124,1,20261125,1,20261126,1,20261127,1,20261130,1,20261201,1,20261202,1,20261203,1,20261204,1,20261207,1,20261208,1,20261209,1,20261210,1,20261211,1,20261214,1,20261215,1,20261216,1,20261217,1,20261218,1,20261221,1,20261222,1,20261223,1,20261224,1,20261225,1,20261228,1,20261229,1,20261230,1,20261231,1,20270101,1,20270104,1,20270105,1,20270106,1,20270107,1,20270108,1,20270111,1,20270112,1,20270113,1,20270114,1,20270115,1,20270118,1,20270119,1,20270120,1,20270121,1,20270122,1,20270125,1,20270126,1,20270127,1,20270128,1,20270129,1,20270201,1,20270202,1,20270203,1,20270204,1,20270205,1,20270208,1,20270209,1,20270210,1,20270211,1,20270212,1,20270215,1,20270216,1,20270217,1,20270218,1,20270219,1,20270222,1,20270223,1,20270224,1,20270225,1,20270226,1,20270301,1,20270302,1,20270303,1,20270304,1,20270305,1,20270308,1,20270309,1,20270310,1,20270311,1,20270312,1,20270315,1,20270316,1,20270317,1,20270318,1,20270319,1,20270322,1,20270323,1,20270324,1,20270325,1,20270326,1,20270329,1,20270330,1,20270331,1,20270401,1,20270402,1,20270405,1,20270406,1,20270407,1,20270408,1,20270409,1,20270412,1,20270413,1,20270414,1,20270415,1,20270416,1,20270419,1,20270420,1,20270421,1,20270422,1,20270423,1,20270426,1,20270427,1,20270428,1,20270429,1,20270430,1,20270503,1,20270504,1,20270505,1,20270506,1,20270507,1,20270510,1,20270511,1,20270512,1,20270513,1,20270514,1,20270517,1,20270518,1,20270519,1,20270520,1,20270521,1,20270524,1,20270525,1,20270526,1,20270527,1,20270528,1,20270531,1,20270601,1,20270602,1,20270603,1,20270604,1,20270607,1,20270608,1,20270609,1,20270610,1,20270611,1,20270614,1,20270615,1,20270616,1,20270617,1,20270618,1,20270621,1,20270622,1,20270623,1,20270624,1,20270625,1,20270628,1,20270629,1,20270630,1,20270701,1,20270702,1,20270705,1,20270706,1,20270707,1,20270708,1,20270709,1,20270712,1,20270713,1,20270714,1,20270715,1,20270716,1,20270719,1,20270720,1,20270721,1,20270722,1,20270723,1,20270726,1,20270727,1,20270728,1,20270729,1,20270730,1,20270802,1,20270803,1,20270804,1,20270805,1,20270806,1,20270809,1,20270810,1,20270811,1,20270812,1,20270813,1,20270816,1,20270817,1,20270818,1,20270819,1,20270820,1,20270823,1,20270824,1,20270825,1,20270826,1,20270827,1,20270830,1,20270831,1,20270901,1,20270902,1,20270903,1,20270906,1,20270907,1,20270908,1,20270909,1,20270910,1,20270913,1,20270914,1,20270915,1,20270916,1,20270917,1,20270920,1,20270921,1,20270922,1,20270923,1,20270924,1
'1468577',20260924,1,20260925,1,20260926,1,20260927,1,20261001,1,20261002,1,20261003,1,20261004,1,20261008,1,20261009,1,20261010,1,20261011,1,20261015,1,20261016,1,20261017,1,20261018,1,20261022,1,20261023,1,20261024,1,20261025,1,20261029,1,20261030,1,20261031,1,20261101,1,20261105,1,20261106,1,20261107,1,20261108,1,20261112,1,20261113,1,20261114,1,20261115,1,20261119,1,20261120,1,20261121,1,20261122,1,20261126,1,20261127,1,20261128,1,20261129,1,20261203,1,20261204,1,20261205,1,20261206,1,20261210,1,20261211,1,20261212,1,20261213,1,20261217,1,20261218,1,20261219,1,20261220,1,20261224,1,20261225,1,20261226,1,20261227,1,20261231,1,20270101,1,20270102,1,20270103,1,20270107,1,20270108,1,20270109,1,20270110,1,20270114,1,20270115,1,20270116,1,20270117,1,20270121,1,20270122,1,20270123,1,20270124,1,20270128,1,20270129,1,20270130,1,20270131,1,20270204,1,20270205,1,20270206,1,20270207,1,20270211,1,20270212,1,20270213,1,20270214,1,20270218,1,20270219,1,20270220,1,20270221,1,20270225,1,20270226,1,20270227,1,20270228,1,20270304,1,20270305,1,20270306,1,20270307,1,20270311,1,20270312,1,20270313,1,20270314,1,20270318,1,20270319,1,20270320,1,20270321,1,20270325,1,20270326,1,20270327,1,20270328,1,20270401,1,20270402,1,20270403,1,20270404,1,20270408,1,20270409,1,20270410,1,20270411,1,20270415,1,20270416,1,20270417,1,20270418,1,20270422,1,20270423,1,20270424,1,20270425,1,20270429,1,20270430,1,20270501,1,20270502,1,20270506,1,20270507,1,20270508,1,20270509,1,20270513,1,20270514,1,20270515,1,20270516,1,20270520,1,20270521,1,20270522,1,20270523,1,20270527,1,20270528,1,20270529,1,20270530,1,20270603,1,20270604,1,20270605,1,20270606,1,20270610,1,20270611,1,20270612,1,20270613,1,20270617,1,20270618,1,20270619,1,20270620,1,20270624,1,20270625,1,20270626,1,20270627,1,20270701,1,20270702,1,20270703,1,20270704,1,20270708,1,20270709,1,20270710,1,20270711,1,20270715,1,20270716,1,20270717,1,20270718,1,20270722,1,20270723,1,20270724,1,20270725,1,20270729,1,20270730,1,20270731,1,20270801,1,20270805,1,20270806,1,20270807,1,20270808,1,20270812,1,20270813,1,20270814,1,20270815,1,20270819,1,20270820,1,20270821,1,20270822,1,20270826,1,20270827,1,20270828,1,20270829,1,20270902,1,20270903,1,20270904,1,20270905,1,20270909,1,20270910,1,20270911,1,20270912,1,20270916,1,20270917,1,20270918,1,20270919,1,20270923,1,20270924,1
'1468578',20260924,1,20260925,1,20260926,1,20260927,1,20261001,1,20261002,1,20261003,1,20261004,1,20261008,1,20261009,1,20261010,1,20261011,1,20261015,1,20261016,1,20261017,1,20261018,1,20261022,1,20261023,1,20261024,1,20261025,1,20261029,1,20261030,1,20261031,1,20261101,1,20261105,1,20261106,1,20261107,1,20261108,1,20261112,1,20261113,1,20261114,1,20261115,1,20261119,1,20261120,1,20261121,1,20261122,1,20261126,1,20261127,1,20261128,1,20261129,1,20261203,1,20261204,1,20261205,1,20261206,1,20261210,1,20261211,1,20261212,1,20261213,1,20261217,1,20261218,1,20261219,1,20261220,1,20261224,1,20261225,1,20261226,1,20261227,1,20261231,1,20270101,1,20270102,1,20270103,1,20270107,1,20270108,1,20270109,1,20270110,1,20270114,1,20270115,1,20270116,1,20270117,1,20270121,1,20270122,1,20270123,1,20270124,1,20270128,1,20270129,1,20270130,1,20270131,1,20270204,1,20270205,1,20270206,1,20270207,1,20270211,1,20270212,1,20270213,1,20270214,1,20270218,1,20270219,1,20270220,1,20270221,1,20270225,1,20270226,1,20270227,1,20270228,1,20270304,1,20270305,1,20270306,1,20270307,1,20270311,1,20270312,1,20270313,1,20270314,1,20270318,1,20270319,1,20270320,1,20270321,1,20270325,1,20270326,1,20270327,1,20270328,1,20270401,1,20270402,1,20270403,1,20270404,1,20270408,1,20270409,1,20270410,1,20270411,1,20270415,1,20270416,1,20270417,1,20270418,1,20270422,1,20270423,1,20270424,1,20270425,1,20270429,1,20270430,1,20270501,1,20270502,1,20270506,1,20270507,1,20270508,1,20270509,1,20270513,1,20270514,1,20270515,1,20270516,1,20270520,1,20270521,1,20270522,1,20270523,1,20270527,1,20270528,1,20270529,1,20270530,1,20270603,1,20270604,1,20270605,1,20270606,1,20270610,1,20270611,1,20270612,1,20270613,1,20270617,1,20270618,1,20270619,1,20270620,1,20270624,1,20270625,1,20270626,1,20270627,1,20270701,1,20270702,1,20270703,1,20270704,1,20270708,1,20270709,1,20270710,1,20270711,1,20270715,1,20270716,1,20270717,1,20270718,1,20270722,1,20270723,1,20270724,1,20270725,1,20270729,1,20270730,1,20270731,1,20270801,1,20270805,1,20270806,1,20270807,1,20270808,1,20270812,1,20270813,1,20270814,1,20270815,1,20270819,1,20270820,1,20270821,1,20270822,1,20270826,1,20270827,1,20270828,1,20270829,1,20270902,1,20270903,1,20270904,1,20270905,1,20270909,1,20270910,1,20270911,1,20270912,1,20270916,1,20270917,1,20270918,1,20270919,1,20270923,1,20270924,1
'1468579',20260924,1,20260925,1,20260926,1,20260927,1,20261001,1,20261002,1,20261003,1,20261004,1,20261008,1,20261009,1,20261010,1,20261011,1,20261015,1,20261016,1,20261017,1,20261018,1,20261022,1,20261023,1,20261024,1,20261025,1,20261029,1,20261030,1,20261031,1,20261101,1,20261105,1,20261106,1,20261107,1,20261108,1,20261112,1,20261113,1,20261114,1,20261115,1,20261119,1,20261120,1,20261121,1,20261122,1,20261126,1,20261127,1,20261128,1,20261129,1,20261203,1,20261204,1,20261205,1,20261206,1,20261210,1,20261211,1,20261212,1,20261213,1,20261217,1,20261218,1,20261219,1,20261220,1,20261224,1,20261225,1,20261226,1,20261227,1,20261231,1,20270101,1,20270102,1,20270103,1,20270107,1,20270108,1,20270109,1,20270110,1,20270114,1,20270115,1,20270116,1,20270117,1,20270121,1,20270122,1,20270123,1,20270124,1,20270128,1,20270129,1,20270130,1,20270131,1,20270204,1,20270205,1,20270206,1,20270207,1,20270211,1,20270212,1,20270213,1,20270214,1,20270218,1,20270219,1,20270220,1,20270221,1,20270225,1,20270226,1,20270227,1,20270228,1,20270304,1,20270305,1,20270306,1,20270307,1,20270311,1,20270312,1,20270313,1,20270314,1,20270318,1,20270319,1,20270320,1,20270321,1,20270325,1,20270326,1,20270327,1,20270328,1,20270401,1,20270402,1,20270403,1,20270404,1,20270408,1,20270409,1,20270410,1,20270411,1,20270415,1,20270416,1,20270417,1,20270418,1,20270422,1,20270423,1,20270424,1,20270425,1,20270429,1,20270430,1,20270501,1,20270502,1,20270506,1,20270507,1,20270508,1,20270509,1,20270513,1,20270514,1,20270515,1,20270516,1,20270520,1,20270521,1,20270522,1,20270523,1,20270527,1,20270528,1,20270529,1,20270530,1,20270603,1,20270604,1,20270605,1,20270606,1,20270610,1,20270611,1,20270612,1,20270613,1,20270617,1,20270618,1,20270619,1,20270620,1,20270624,1,20270625,1,20270626,1,20270627,1,20270701,1,20270702,1,20270703,1,20270704,1,20270708,1,20270709,1,20270710,1,20270711,1,20270715,1,20270716,1,20270717,1,20270718,1,20270722,1,20270723,1,20270724,1,20270725,1,20270729,1,20270730,1,20270731,1,20270801,1,20270805,1,20270806,1,20270807,1,20270808,1,20270812,1,20270813,1,20270814,1,20270815,1,20270819,1,20270820,1,20270821,1,20270822,1,20270826,1,20270827,1,20270828,1,20270829,1,20270902,1,20270903,1,20270904,1,20270905,1,20270909,1,20270910,1,20270911,1,20270912,1,20270916,1,20270917,1,20270918,1,20270919,1,20270923,1,20270924,1
'1468580',20260924,1,20260925,1,20260926,1,20260927,1,20261001,1,20261002,1,20261003,1,20261004,1,20261008,1,20261009,1,20261010,1,20261011,1,20261015,1,20261016,1,20261017,1,20261018,1,20261022,1,20261023,1,20261024,1,20261025,1,20261029,1,20261030,1,20261031,1,20261101,1,20261105,1,20261106,1,20261107,1,20261108,1,20261112,1,20261113,1,20261114,1,20261115,1,20261119,1,20261120,1,20261121,1,20261122,1,20261126,1,20261127,1,20261128,1,20261129,1,20261203,1,20261204,1,20261205,1,20261206,1,20261210,1,20261211,1,20261212,1,20261213,1,20261217,1,20261218,1,20261219,1,20261220,1,20261224,1,20261225,1,20261226,1,20261227,1,20261231,1,20270101,1,20270102,1,20270103,1,20270107,1,20270108,1,20270109,1,20270110,1,20270114,1,20270115,1,20270116,1,20270117,1,20270121,1,20270122,1,20270123,1,20270124,1,20270128,1,20270129,1,20270130,1,20270131,1,20270204,1,20270205,1,20270206,1,20270207,1,20270211,1,20270212,1,20270213,1,20270214,1,20270218,1,20270219,1,20270220,1,20270221,1,20270225,1,20270226,1,20270227,1,20270228,1,20270304,1,20270305,1,20270306,1,20270307,1,20270311,1,20270312,1,20270313,1,20270314,1,20270318,1,20270319,1,20270320,1,20270321,1,20270325,1,20270326,1,20270327,1,20270328,1,20270401,1,20270402,1,20270403,1,20270404,1,20270408,1,20270409,1,20270410,1,20270411,1,20270415,1,20270416,1,20270417,1,20270418,1,20270422,1,20270423,1,20270424,1,20270425,1,20270429,1,20270430,1,20270501,1,20270502,1,20270506,1,20270507,1,20270508,1,20270509,1,20270513,1,20270514,1,20270515,1,20270516,1,20270520,1,20270521,1,20270522,1,20270523,1,20270527,1,20270528,1,20270529,1,20270530,1,20270603,1,20270604,1,20270605,1,20270606,1,20270610,1,20270611,1,20270612,1,20270613,1,20270617,1,20270618,1,20270619,1,20270620,1,20270624,1,20270625,1,20270626,1,20270627,1,20270701,1,20270702,1,20270703,1,20270704,1,20270708,1,20270709,1,20270710,1,20270711,1,20270715,1,20270716,1,20270717,1,20270718,1,20270722,1,20270723,1,20270724,1,20270725,1,20270729,1,20270730,1,20270731,1,20270801,1,20270805,1,20270806,1,20270807,1,20270808,1,20270812,1,20270813,1,20270814,1,20270815,1,20270819,1,20270820,1,20270821,1,20270822,1,20270826,1,20270827,1,20270828,1,20270829,1,20270902,1,20270903,1,20270904,1,20270905,1,20270909,1,20270910,1,20270911,1,20270912,1,20270916,1,20270917,1,20270918,1,20270919,1,20270923,1,20270924,1
'1468581',20260924,1,20260925,1,20260926,1,20260927,1,20261001,1,20261002,1,20261003,1,20261004,1,20261008,1,20261009,1,20261010,1,20261011,1,20261015,1,20261016,1,20261017,1,20261018,1,20261022,1,20261023,1,20261024,1,20261025,1,20261029,1,20261030,1,20261031,1,20261101,1,20261105,1,20261106,1,20261107,1,20261108,1,20261112,1,20261113,1,20261114,1,20261115,1,20261119,1,20261120,1,20261121,1,20261122,1,20261126,1,20261127,1,20261128,1,20261129,1,20261203,1,20261204,1,20261205,1,20261206,1,20261210,1,20261211,1,20261212,1,20261213,1,20261217,1,20261218,1,20261219,1,20261220,1,20261224,1,20261225,1,20261226,1,20261227,1,20261231,1,20270101,1,20270102,1,20270103,1,20270107,1,20270108,1,20270109,1,20270110,1,20270114,1,20270115,1,20270116,1,20270117,1,20270121,1,20270122,1,20270123,1,20270124,1,20270128,1,20270129,1,20270130,1,20270131,1,20270204,1,20270205,1,20270206,1,20270207,1,20270211,1,20270212,1,20270213,1,20270214,1,20270218,1,20270219,1,20270220,1,20270221,1,20270225,1,20270226,1,20270227,1,20270228,1,20270304,1,20270305,1,20270306,1,20270307,1,20270311,1,20270312,1,20270313,1,20270314,1,20270318,1,20270319,1,20270320,1,20270321,1,20270325,1,20270326,1,20270327,1,20270328,1,20270401,1,20270402,1,20270403,1,20270404,1,20270408,1,20270409,1,20270410,1,20270411,1,20270415,1,20270416,1,20270417,1,20270418,1,20270422,1,20270423,1,20270424,1,20270425,1,20270429,1,20270430,1,20270501,1,20270502,1,20270506,1,20270507,1,20270508,1,20270509,1,20270513,1,20270514,1,20270515,1,20270516,1,20270520,1,20270521,1,20270522,1,20270523,1,20270527,1,20270528,1,20270529,1,20270530,1,20270603,1,20270604,1,20270605,1,20270606,1,20270610,1,20270611,1,20270612,1,20270613,1,20270617,1,20270618,1,20270619,1,20270620,1,20270624,1,20270625,1,20270626,1,20270627,1,20270701,1,20270702,1,20270703,1,20270704,1,20270708,1,20270709,1,20270710,1,20270711,1,20270715,1,20270716,1,20270717,1,20270718,1,20270722,1,20270723,1,20270724,1,20270725,1,20270729,1,20270730,1,20270731,1,20270801,1,20270805,1,20270806,1,20270807,1,20270808,1,20270812,1,20270813,1,20270814,1,20270815,1,20270819,1,20270820,1,20270821,1,20270822,1,20270826,1,20270827,1,20270828,1,20270829,1,20270902,1,20270903,1,20270904,1,20270905,1,20270909,1,20270910,1,20270911,1,20270912,1,20270916,1,20270917,1,20270918,1,20270919,1,20270923,1,20270924,1
'1468582',20260924,1,20260925,1,20260926,1,20260927,1,20261001,1,20261002,1,20261003,1,20261004,1,20261008,1,20261009,1,20261010,1,20261011,1,20261015,1,20261016,1,20261017,1,20261018,1,20261022,1,20261023,1,20261024,1,20261025,1,20261029,1,20261030,1,20261031,1,20261101,1,20261105,1,20261106,1,20261107,1,20261108,1,20261112,1,20261113,1,20261114,1,20261115,1,20261119,1,20261120,1,20261121,1,20261122,1,20261126,1,20261127,1,20261128,1,20261129,1,20261203,1,20261204,1,20261205,1,20261206,1,20261210,1,20261211,1,20261212,1,20261213,1,20261217,1,20261218,1,20261219,1,20261220,1,20261224,1,20261225,1,20261226,1,20261227,1,20261231,1,20270101,1,20270102,1,20270103,1,20270107,1,20270108,1,20270109,1,20270110,1,20270114,1,20270115,1,20270116,1,20270117,1,20270121,1,20270122,1,20270123,1,20270124,1,20270128,1,20270129,1,20270130,1,20270131,1,20270204,1,20270205,1,20270206,1,20270207,1,20270211,1,20270212,1,20270213,1,20270214,1,20270218,1,20270219,1,20270220,1,20270221,1,20270225,1,20270226,1,20270227,1,20270228,1,20270304,1,20270305,1,20270306,1,20270307,1,20270311,1,20270312,1,20270313,1,20270314,1,20270318,1,20270319,1,20270320,1,20270321,1,20270325,1,20270326,1,20270327,1,20270328,1,20270401,1,20270402,1,20270403,1,20270404,1,20270408,1,20270409,1,20270410,1,20270411,1,20270415,1,20270416,1,20270417,1,20270418,1,20270422,1,20270423,1,20270424,1,20270425,1,20270429,1,20270430,1,20270501,1,20270502,1,20270506,1,20270507,1,20270508,1,20270509,1,20270513,1,20270514,1,20270515,1,20270516,1,20270520,1,20270521,1,20270522,1,20270523,1,20270527,1,20270528,1,20270529,1,20270530,1,20270603,1,20270604,1,20270605,1,20270606,1,20270610,1,20270611,1,20270612,1,20270613,1,20270617,1,20270618,1,20270619,1,20270620,1,20270624,1,20270625,1,20270626,1,20270627,1,20270701,1,20270702,1,20270703,1,20270704,1,20270708,1,20270709,1,20270710,1,20270711,1,20270715,1,20270716,1,20270717,1,20270718,1,20270722,1,20270723,1,20270724,1,20270725,1,20270729,1,20270730,1,20270731,1,20270801,1,20270805,1,20270806,1,20270807,1,20270808,1,20270812,1,20270813,1,20270814,1,20270815,1,20270819,1,20270820,1,20270821,1,20270822,1,20270826,1,20270827,1,20270828,1,20270829,1,20270902,1,20270903,1,20270904,1,20270905,1,20270909,1,20270910,1,20270911,1,20270912,1,20270916,1,20270917,1,20270918,1,20270919,1,20270923,1,20270924,1
'1468583',20260924,1,20260925,1,20260926,1,20260927,1,20261001,1,20261002,1,20261003,1,20261004,1,20261008,1,20261009,1,20261010,1,20261011,1,20261015,1,20261016,1,20261017,1,20261018,1,20261022,1,20261023,1,20261024,1,20261025,1,20261029,1,20261030,1,20261031,1,20261101,1,20261105,1,20261106,1,20261107,1,20261108,1,20261112,1,20261113,1,20261114,1,20261115,1,20261119,1,20261120,1,20261121,1,20261122,1,20261126,1,20261127,1,20261128,1,20261129,1,20261203,1,20261204,1,20261205,1,20261206,1,20261210,1,20261211,1,20261212,1,20261213,1,20261217,1,20261218,1,20261219,1,20261220,1,20261224,1,20261225,1,20261226,1,20261227,1,20261231,1,20270101,1,20270102,1,20270103,1,20270107,1,20270108,1,20270109,1,20270110,1,20270114,1,20270115,1,20270116,1,20270117,1,20270121,1,20270122,1,20270123,1,20270124,1,20270128,1,20270129,1,20270130,1,20270131,1,20270204,1,20270205,1,20270206,1,20270207,1,20270211,1,20270212,1,20270213,1,20270214,1,20270218,1,20270219,1,20270220,1,20270221,1,20270225,1,20270226,1,20270227,1,20270228,1,20270304,1,20270305,1,20270306,1,20270307,1,20270311,1,20270312,1,20270313,1,20270314,1,20270318,1,20270319,1,20270320,1,20270321,1,20270325,1,20270326,1,20270327,1,20270328,1,20270401,1,20270402,1,20270403,1,20270404,1,20270408,1,20270409,1,20270410,1,20270411,1,20270415,1,20270416,1,20270417,1,20270418,1,20270422,1,20270423,1,20270424,1,20270425,1,20270429,1,20270430,1,20270501,1,20270502,1,20270506,1,20270507,1,20270508,1,20270509,1,20270513,1,20270514,1,20270515,1,20270516,1,20270520,1,20270521,1,20270522,1,20270523,1,20270527,1,20270528,1,20270529,1,20270530,1,20270603,1,20270604,1,20270605,1,20270606,1,20270610,1,20270611,1,20270612,1,20270613,1,20270617,1,20270618,1,20270619,1,20270620,1,20270624,1,20270625,1,20270626,1,20270627,1,20270701,1,20270702,1,20270703,1,20270704,1,20270708,1,20270709,1,20270710,1,20270711,1,20270715,1,20270716,1,20270717,1,20270718,1,20270722,1,20270723,1,20270724,1,20270725,1,20270729,1,20270730,1,20270731,1,20270801,1,20270805,1,20270806,1,20270807,1,20270808,1,20270812,1,20270813,1,20270814,1,20270815,1,20270819,1,20270820,1,20270821,1,20270822,1,20270826,1,20270827,1,20270828,1,20270829,1,20270902,1,20270903,1,20270904,1,20270905,1,20270909,1,20270910,1,20270911,1,20270912,1,20270916,1,20270917,1,20270918,1,20270919,1,20270923,1,20270924,1
'1468584',20260924,1,20260925,1,20260926,1,20260927,1,20261001,1,20261002,1,20261003,1,20261004,1,20261008,1,20261009,1,20261010,1,20261011,1,20261015,1,20261016,1,20261017,1,20261018,1,20261022,1,20261023,1,20261024,1,20261025,1,20261029,1,20261030,1,20261031,1,20261101,1,20261105,1,20261106,1,20261107,1,20261108,1,20261112,1,20261113,1,20261114,1,20261115,1,20261119,1,20261120,1,20261121,1,20261122,1,20261126,1,20261127,1,20261128,1,20261129,1,20261203,1,20261204,1,20261205,1,20261206,1,20261210,1,20261211,1,20261212,1,20261213,1,20261217,1,20261218,1,20261219,1,20261220,1,20261224,1,20261225,1,20261226,1,20261227,1,20261231,1,20270101,1,20270102,1,20270103,1,20270107,1,20270108,1,20270109,1,20270110,1,20270114,1,20270115,1,20270116,1,20270117,1,20270121,1,20270122,1,20270123,1,20270124,1,20270128,1,20270129,1,20270130,1,20270131,1,20270204,1,20270205,1,20270206,1,20270207,1,20270211,1,20270212,1,20270213,1,20270214,1,20270218,1,20270219,1,20270220,1,20270221,1,20270225,1,20270226,1,20270227,1,20270228,1,20270304,1,20270305,1,20270306,1,20270307,1,20270311,1,20270312,1,20270313,1,20270314,1,20270318,1,20270319,1,20270320,1,20270321,1,20270325,1,20270326,1,20270327,1,20270328,1,20270401,1,20270402,1,20270403,1,20270404,1,20270408,1,20270409,1,20270410,1,20270411,1,20270415,1,20270416,1,20270417,1,20270418,1,20270422,1,20270423,1,20270424,1,20270425,1,20270429,1,20270430,1,20270501,1,20270502,1,20270506,1,20270507,1,20270508,1,20270509,1,20270513,1,20270514,1,20270515,1,20270516,1,20270520,1,20270521,1,20270522,1,20270523,1,20270527,1,20270528,1,20270529,1,20270530,1,20270603,1,20270604,1,20270605,1,20270606,1,20270610,1,20270611,1,20270612,1,20270613,1,20270617,1,20270618,1,20270619,1,20270620,1,20270624,1,20270625,1,20270626,1,20270627,1,20270701,1,20270702,1,20270703,1,20270704,1,20270708,1,20270709,1,20270710,1,20270711,1,20270715,1,20270716,1,20270717,1,20270718,1,20270722,1,20270723,1,20270724,1,20270725,1,20270729,1,20270730,1,20270731,1,20270801,1,20270805,1,20270806,1,20270807,1,20270808,1,20270812,1,20270813,1,20270814,1,20270815,1,20270819,1,20270820,1,20270821,1,20270822,1,20270826,1,20270827,1,20270828,1,20270829,1,20270902,1,20270903,1,20270904,1,20270905,1,20270909,1,20270910,1,20270911,1,20270912,1,20270916,1,20270917,1,20270918,1,20270919,1,20270923,1,20270924,1
'1468585',20260924,1,20260925,1,20260926,1,20260927,1,20261001,1,20261002,1,20261003,1,20261004,1,20261008,1,20261009,1,20261010,1,20261011,1,20261015,1,20261016,1,20261017,1,20261018,1,20261022,1,20261023,1,20261024,1,20261025,1,20261029,1,20261030,1,20261031,1,20261101,1,20261105,1,20261106,1,20261107,1,20261108,1,20261112,1,20261113,1,20261114,1,20261115,1,20261119,1,20261120,1,20261121,1,20261122,1,20261126,1,20261127,1,20261128,1,20261129,1,20261203,1,20261204,1,20261205,1,20261206,1,20261210,1,20261211,1,20261212,1,20261213,1,20261217,1,20261218,1,20261219,1,20261220,1,20261224,1,20261225,1,20261226,1,20261227,1,20261231,1,20270101,1,20270102,1,20270103,1,20270107,1,20270108,1,20270109,1,20270110,1,20270114,1,20270115,1,20270116,1,20270117,1,20270121,1,20270122,1,20270123,1,20270124,1,20270128,1,20270129,1,20270130,1,20270131,1,20270204,1,20270205,1,20270206,1,20270207,1,20270211,1,20270212,1,20270213,1,20270214,1,20270218,1,20270219,1,20270220,1,20270221,1,20270225,1,20270226,1,20270227,1,20270228,1,20270304,1,20270305,1,20270306,1,20270307,1,20270311,1,20270312,1,20270313,1,20270314,1,20270318,1,20270319,1,20270320,1,20270321,1,20270325,1,20270326,1,20270327,1,20270328,1,20270401,1,20270402,1,20270403,1,20270404,1,20270408,1,20270409,1,20270410,1,20270411,1,20270415,1,20270416,1,20270417,1,20270418,1,20270422,1,20270423,1,20270424,1,20270425,1,20270429,1,20270430,1,20270501,1,20270502,1,20270506,1,20270507,1,20270508,1,20270509,1,20270513,1,20270514,1,20270515,1,20270516,1,20270520,1,20270521,1,20270522,1,20270523,1,20270527,1,20270528,1,20270529,1,20270530,1,20270603,1,20270604,1,20270605,1,20270606,1,20270610,1,20270611,1,20270612,1,20270613,1,20270617,1,20270618,1,20270619,1,20270620,1,20270624,1,20270625,1,20270626,1,20270627,1,20270701,1,20270702,1,20270703,1,20270704,1,20270708,1,20270709,1,20270710,1,20270711,1,20270715,1,20270716,1,20270717,1,20270718,1,20270722,1,20270723,1,20270724,1,20270725,1,20270729,1,20270730,1,20270731,1,20270801,1,20270805,1,20270806,1,20270807,1,20270808,1,20270812,1,20270813,1,20270814,1,20270815,1,20270819,1,20270820,1,20270821,1,20270822,1,20270826,1,20270827,1,20270828,1,20270829,1,20270902,1,20270903,1,20270904,1,20270905,1,20270909,1,20270910,1,20270911,1,20270912,1,20270916,1,20270917,1,20270918,1,20270919,1,20270923,1,20270924,1
'1468586',20260924,1,20260925,1,20260926,1,20260927,1,20261001,1,20261002,1,20261003,1,20261004,1,20261008,1,20261009,1,20261010,1,20261011,1,20261015,1,20261016,1,20261017,1,20261018,1,20261022,1,20261023,1,20261024,1,20261025,1,20261029,1,20261030,1,20261031,1,20261101,1,20261105,1,20261106,1,20261107,1,20261108,1,20261112,1,20261113,1,20261114,1,20261115,1,20261119,1,20261120,1,20261121,1,20261122,1,20261126,1,20261127,1,20261128,1,20261129,1,20261203,1,20261204,1,20261205,1,20261206,1,20261210,1,20261211,1,20261212,1,20261213,1,20261217,1,20261218,1,20261219,1,20261220,1,20261224,1,20261225,1,20261226,1,20261227,1,20261231,1,20270101,1,20270102,1,20270103,1,20270107,1,20270108,1,20270109,1,20270110,1,20270114,1,20270115,1,20270116,1,20270117,1,20270121,1,20270122,1,20270123,1,20270124,1,20270128,1,20270129,1,20270130,1,20270131,1,20270204,1,20270205,1,20270206,1,20270207,1,20270211,1,20270212,1,20270213,1,20270214,1,20270218,1,20270219,1,20270220,1,20270221,1,20270225,1,20270226,1,20270227,1,20270228,1,20270304,1,20270305,1,20270306,1,20270307,1,20270311,1,20270312,1,20270313,1,20270314,1,20270318,1,20270319,1,20270320,1,20270321,1,20270325,1,20270326,1,20270327,1,20270328,1,20270401,1,20270402,1,20270403,1,20270404,1,20270408,1,20270409,1,20270410,1,20270411,1,20270415,1,20270416,1,20270417,1,20270418,1,20270422,1,20270423,1,20270424,1,20270425,1,20270429,1,20270430,1,20270501,1,20270502,1,20270506,1,20270507,1,20270508,1,20270509,1,20270513,1,20270514,1,20270515,1,20270516,1,20270520,1,20270521,1,20270522,1,20270523,1,20270527,1,20270528,1,20270529,1,20270530,1,20270603,1,20270604,1,20270605,1,20270606,1,20270610,1,20270611,1,20270612,1,20270613,1,20270617,1,20270618,1,20270619,1,20270620,1,20270624,1,20270625,1,20270626,1,20270627,1,20270701,1,20270702,1,20270703,1,20270704,1,20270708,1,20270709,1,20270710,1,20270711,1,20270715,1,20270716,1,20270717,1,20270718,1,20270722,1,20270723,1,20270724,1,20270725,1,20270729,1,20270730,1,20270731,1,20270801,1,20270805,1,20270806,1,20270807,1,20270808,1,20270812,1,20270813,1,20270814,1,20270815,1,20270819,1,20270820,1,20270821,1,20270822,1,20270826,1,20270827,1,20270828,1,20270829,1,20270902,1,20270903,1,20270904,1,20270905,1,20270909,1,20270910,1,20270911,1,20270912,1,20270916,1,20270917,1,20270918,1,20270919,1,20270923,1,20270924,1
'1468587',20260924,1,20260925,1,20260926,1,20260927,1,20261001,1,20261002,1,20261003,1,20261004,1,20261008,1,20261009,1,20261010,1,20261011,1,20261015,1,20261016,1,20261017,1,20261018,1,20261022,1,20261023,1,20261024,1,20261025,1,20261029,1,20261030,1,20261031,1,20261101,1,20261105,1,20261106,1,20261107,1,20261108,1,20261112,1,20261113,1,20261114,1,20261115,1,20261119,1,20261120,1,20261121,1,20261122,1,20261126,1,20261127,1,20261128,1,20261129,1,20261203,1,20261204,1,20261205,1,20261206,1,20261210,1,20261211,1,20261212,1,20261213,1,20261217,1,20261218,1,20261219,1,20261220,1,20261224,1,20261225,1,20261226,1,20261227,1,20261231,1,20270101,1,20270102,1,20270103,1,20270107,1,20270108,1,20270109,1,20270110,1,20270114,1,20270115,1,20270116,1,20270117,1,20270121,1,20270122,1,20270123,1,20270124,1,20270128,1,20270129,1,20270130,1,20270131,1,20270204,1,20270205,1,20270206,1,20270207,1,20270211,1,20270212,1,20270213,1,20270214,1,20270218,1,20270219,1,20270220,1,20270221,1,20270225,1,20270226,1,20270227,1,20270228,1,20270304,1,20270305,1,20270306,1,20270307,1,20270311,1,20270312,1,20270313,1,20270314,1,20270318,1,20270319,1,20270320,1,20270321,1,20270325,1,20270326,1,20270327,1,20270328,1,20270401,1,20270402,1,20270403,1,20270404,1,20270408,1,20270409,1,20270410,1,20270411,1,20270415,1,20270416,1,20270417,1,20270418,1,20270422,1,20270423,1,20270424,1,20270425,1,20270429,1,20270430,1,20270501,1,20270502,1,20270506,1,20270507,1,20270508,1,20270509,1,20270513,1,20270514,1,20270515,1,20270516,1,20270520,1,20270521,1,20270522,1,20270523,1,20270527,1,20270528,1,20270529,1,20270530,1,20270603,1,20270604,1,20270605,1,20270606,1,20270610,1,20270611,1,20270612,1,20270613,1,20270617,1,20270618,1,20270619,1,20270620,1,20270624,1,20270625,1,20270626,1,20270627,1,20270701,1,20270702,1,20270703,1,20270704,1,20270708,1,20270709,1,20270710,1,20270711,1,20270715,1,20270716,1,20270717,1,20270718,1,20270722,1,20270723,1,20270724,1,20270725,1,20270729,1,20270730,1,20270731,1,20270801,1,20270805,1,20270806,1,20270807,1,20270808,1,20270812,1,20270813,1,20270814,1,20270815,1,20270819,1,20270820,1,20270821,1,20270822,1,20270826,1,20270827,1,20270828,1,20270829,1,20270902,1,20270903,1,20270904,1,20270905,1,20270909,1,20270910,1,20270911,1,20270912,1,20270916,1,20270917,1,20270918,1,20270919,1,20270923,1,20270924,1
'1468588',20260924,1,20260925,1,20260926,1,20260927,1,20261001,1,20261002,1,20261003,1,20261004,1,20261008,1,20261009,1,20261010,1,20261011,1,20261015,1,20261016,1,20261017,1,20261018,1,20261022,1,20261023,1,20261024,1,20261025,1,20261029,1,20261030,1,20261031,1,20261101,1,20261105,1,20261106,1,20261107,1,20261108,1,20261112,1,20261113,1,20261114,1,20261115,1,20261119,1,20261120,1,20261121,1,20261122,1,20261126,1,20261127,1,20261128,1,20261129,1,20261203,1,20261204,1,20261205,1,20261206,1,20261210,1,20261211,1,20261212,1,20261213,1,20261217,1,20261218,1,20261219,1,20261220,1,20261224,1,20261225,1,20261226,1,20261227,1,20261231,1,20270101,1,20270102,1,20270103,1,20270107,1,20270108,1,20270109,1,20270110,1,20270114,1,20270115,1,20270116,1,20270117,1,20270121,1,20270122,1,20270123,1,20270124,1,20270128,1,20270129,1,20270130,1,20270131,1,20270204,1,20270205,1,20270206,1,20270207,1,20270211,1,20270212,1,20270213,1,20270214,1,20270218,1,20270219,1,20270220,1,20270221,1,20270225,1,20270226,1,20270227,1,20270228,1,20270304,1,20270305,1,20270306,1,20270307,1,20270311,1,20270312,1,20270313,1,20270314,1,20270318,1,20270319,1,20270320,1,20270321,1,20270325,1,20270326,1,20270327,1,20270328,1,20270401,1,20270402,1,20270403,1,20270404,1,20270408,1,20270409,1,20270410,1,20270411,1,20270415,1,20270416,1,20270417,1,20270418,1,20270422,1,20270423,1,20270424,1,20270425,1,20270429,1,20270430,1,20270501,1,20270502,1,20270506,1,20270507,1,20270508,1,20270509,1,20270513,1,20270514,1,20270515,1,20270516,1,20270520,1,20270521,1,20270522,1,20270523,1,20270527,1,20270528,1,20270529,1,20270530,1,20270603,1,20270604,1,20270605,1,20270606,1,20270610,1,20270611,1,20270612,1,20270613,1,20270617,1,20270618,1,20270619,1,20270620,1,20270624,1,20270625,1,20270626,1,20270627,1,20270701,1,20270702,1,20270703,1,20270704,1,20270708,1,20270709,1,20270710,1,20270711,1,20270715,1,20270716,1,20270717,1,20270718,1,20270722,1,20270723,1,20270724,1,20270725,1,20270729,1,20270730,1,20270731,1,20270801,1,20270805,1,20270806,1,20270807,1,20270808,1,20270812,1,20270813,1,20270814,1,20270815,1,20270819,1,20270820,1,20270821,1,20270822,1,20270826,1,20270827,1,20270828,1,20270829,1,20270902,1,20270903,1,20270904,1,20270905,1,20270909,1,20270910,1,20270911,1,20270912,1,20270916,1,20270917,1,20270918,1,20270919,1,20270923,1,20270924,1
'1468589',20260924,1,20260925,1,20260926,1,20260927,1,20261001,1,20261002,1,20261003,1,20261004,1,20261008,1,20261009,1,20261010,1,20261011,1,20261015,1,20261016,1,20261017,1,20261018,1,20261022,1,20261023,1,20261024,1,20261025,1,20261029,1,20261030,1,20261031,1,20261101,1,20261105,1,20261106,1,20261107,1,20261108,1,20261112,1,20261113,1,20261114,1,20261115,1,20261119,1,20261120,1,20261121,1,20261122,1,20261126,1,20261127,1,20261128,1,20261129,1,20261203,1,20261204,1,20261205,1,20261206,1,20261210,1,20261211,1,20261212,1,20261213,1,20261217,1,20261218,1,20261219,1,20261220,1,20261224,1,20261225,1,20261226,1,20261227,1,20261231,1,20270101,1,20270102,1,20270103,1,20270107,1,20270108,1,20270109,1,20270110,1,20270114,1,20270115,1,20270116,1,20270117,1,20270121,1,20270122,1,20270123,1,20270124,1,20270128,1,20270129,1,20270130,1,20270131,1,20270204,1,20270205,1,20270206,1,20270207,1,20270211,1,20270212,1,20270213,1,20270214,1,20270218,1,20270219,1,20270220,1,20270221,1,20270225,1,20270226,1,20270227,1,20270228,1,20270304,1,20270305,1,20270306,1,20270307,1,20270311,1,20270312,1,20270313,1,20270314,1,20270318,1,20270319,1,20270320,1,20270321,1,20270325,1,20270326,1,20270327,1,20270328,1,20270401,1,20270402,1,20270403,1,20270404,1,20270408,1,20270409,1,20270410,1,20270411,1,20270415,1,20270416,1,20270417,1,20270418,1,20270422,1,20270423,1,20270424,1,20270425,1,20270429,1,20270430,1,20270501,1,20270502,1,20270506,1,20270507,1,20270508,1,20270509,1,20270513,1,20270514,1,20270515,1,20270516,1,20270520,1,20270521,1,20270522,1,20270523,1,20270527,1,20270528,1,20270529,1,20270530,1,20270603,1,20270604,1,20270605,1,20270606,1,20270610,1,20270611,1,20270612,1,20270613,1,20270617,1,20270618,1,20270619,1,20270620,1,20270624,1,20270625,1,20270626,1,20270627,1,20270701,1,20270702,1,20270703,1,20270704,1,20270708,1,20270709,1,20270710,1,20270711,1,20270715,1,20270716,1,20270717,1,20270718,1,20270722,1,20270723,1,20270724,1,20270725,1,20270729,1,20270730,1,20270731,1,20270801,1,20270805,1,20270806,1,20270807,1,20270808,1,20270812,1,20270813,1,20270814,1,20270815,1,20270819,1,20270820,1,20270821,1,20270822,1,20270826,1,20270827,1,20270828,1,20270829,1,20270902,1,20270903,1,20270904,1,20270905,1,20270909,1,20270910,1,20270911,1,20270912,1,20270916,1,20270917,1,20270918,1,20270919,1,20270923,1,20270924,1
'1468590',20260924,1,20260925,1,20260926,1,20260927,1,20261001,1,20261002,1,20261003,1,20261004,1,20261008,1,20261009,1,20261010,1,20261011,1,20261015,1,20261016,1,20261017,1,20261018,1,20261022,1,20261023,1,20261024,1,20261025,1,20261029,1,20261030,1,20261031,1,20261101,1,20261105,1,20261106,1,20261107,1,20261108,1,20261112,1,20261113,1,20261114,1,20261115,1,20261119,1,20261120,1,20261121,1,20261122,1,20261126,1,20261127,1,20261128,1,20261129,1,20261203,1,20261204,1,20261205,1,20261206,1,20261210,1,20261211,1,20261212,1,20261213,1,20261217,1,20261218,1,20261219,1,20261220,1,20261224,1,20261225,1,20261226,1,20261227,1,20261231,1,20270101,1,20270102,1,20270103,1,20270107,1,20270108,1,20270109,1,20270110,1,20270114,1,20270115,1,20270116,1,20270117,1,20270121,1,20270122,1,20270123,1,20270124,1,20270128,1,20270129,1,20270130,1,20270131,1,20270204,1,20270205,1,20270206,1,20270207,1,20270211,1,20270212,1,20270213,1,20270214,1,20270218,1,20270219,1,20270220,1,20270221,1,20270225,1,20270226,1,20270227,1,20270228,1,20270304,1,20270305,1,20270306,1,20270307,1,20270311,1,20270312,1,20270313,1,20270314,1,20270318,1,20270319,1,20270320,1,20270321,1,20270325,1,20270326,1,20270327,1,20270328,1,20270401,1,20270402,1,20270403,1,20270404,1,20270408,1,20270409,1,20270410,1,20270411,1,20270415,1,20270416,1,20270417,1,20270418,1,20270422,1,20270423,1,20270424,1,20270425,1,20270429,1,20270430,1,20270501,1,20270502,1,20270506,1,20270507,1,20270508,1,20270509,1,20270513,1,20270514,1,20270515,1,20270516,1,20270520,1,20270521,1,20270522,1,20270523,1,20270527,1,20270528,1,20270529,1,20270530,1,20270603,1,20270604,1,20270605,1,20270606,1,20270610,1,20270611,1,20270612,1,20270613,1,20270617,1,20270618,1,20270619,1,20270620,1,20270624,1,20270625,1,20270626,1,20270627,1,20270701,1,20270702,1,20270703,1,20270704,1,20270708,1,20270709,1,20270710,1,20270711,1,20270715,1,20270716,1,20270717,1,20270718,1,20270722,1,20270723,1,20270724,1,20270725,1,20270729,1,20270730,1,20270731,1,20270801,1,20270805,1,20270806,1,20270807,1,20270808,1,20270812,1,20270813,1,20270814,1,20270815,1,20270819,1,20270820,1,20270821,1,20270822,1,20270826,1,20270827,1,20270828,1,20270829,1,20270902,1,20270903,1,20270904,1,20270905,1,20270909,1,20270910,1,20270911,1,20270912,1,20270916,1,20270917,1,20270918,1,20270919,1,20270923,1,20270924,1
'1468591',20260924,1,20260925,1,20260926,1,20260927,1,20261001,1,20261002,1,20261003,1,20261004,1,20261008,1,20261009,1,20261010,1,20261011,1,20261015,1,20261016,1,20261017,1,20261018,1,20261022,1,20261023,1,20261024,1,20261025,1,20261029,1,20261030,1,20261031,1,20261101,1,20261105,1,20261106,1,20261107,1,20261108,1,20261112,1,20261113,1,20261114,1,20261115,1,20261119,1,20261120,1,20261121,1,20261122,1,20261126,1,20261127,1,20261128,1,20261129,1,20261203,1,20261204,1,20261205,1,20261206,1,20261210,1,20261211,1,20261212,1,20261213,1,20261217,1,20261218,1,20261219,1,20261220,1,20261224,1,20261225,1,20261226,1,20261227,1,20261231,1,20270101,1,20270102,1,20270103,1,20270107,1,20270108,1,20270109,1,20270110,1,20270114,1,20270115,1,20270116,1,20270117,1,20270121,1,20270122,1,20270123,1,20270124,1,20270128,1,20270129,1,20270130,1,20270131,1,20270204,1,20270205,1,20270206,1,20270207,1,20270211,1,20270212,1,20270213,1,20270214,1,20270218,1,20270219,1,20270220,1,20270221,1,20270225,1,20270226,1,20270227,1,20270228,1,20270304,1,20270305,1,20270306,1,20270307,1,20270311,1,20270312,1,20270313,1,20270314,1,20270318,1,20270319,1,20270320,1,20270321,1,20270325,1,20270326,1,20270327,1,20270328,1,20270401,1,20270402,1,20270403,1,20270404,1,20270408,1,20270409,1,20270410,1,20270411,1,20270415,1,20270416,1,20270417,1,20270418,1,20270422,1,20270423,1,20270424,1,20270425,1,20270429,1,20270430,1,20270501,1,20270502,1,20270506,1,20270507,1,20270508,1,20270509,1,20270513,1,20270514,1,20270515,1,20270516,1,20270520,1,20270521,1,20270522,1,20270523,1,20270527,1,20270528,1,20270529,1,20270530,1,20270603,1,20270604,1,20270605,1,20270606,1,20270610,1,20270611,1,20270612,1,20270613,1,20270617,1,20270618,1,20270619,1,20270620,1,20270624,1,20270625,1,20270626,1,20270627,1,20270701,1,20270702,1,20270703,1,20270704,1,20270708,1,20270709,1,20270710,1,20270711,1,20270715,1,20270716,1,20270717,1,20270718,1,20270722,1,20270723,1,20270724,1,20270725,1,20270729,1,20270730,1,20270731,1,20270801,1,20270805,1,20270806,1,20270807,1,20270808,1,20270812,1,20270813,1,20270814,1,20270815,1,20270819,1,20270820,1,20270821,1,20270822,1,20270826,1,20270827,1,20270828,1,20270829,1,20270902,1,20270903,1,20270904,1,20270905,1,20270909,1,20270910,1,20270911,1,20270912,1,20270916,1,20270917,1,20270918,1,20270919,1,20270923,1,20270924,1
'1468592',20260924,1,20260925,1,20260926,1,20260927,1,20261001,1,20261002,1,20261003,1,20261004,1,20261008,1,20261009,1,20261010,1,20261011,1,20261015,1,20261016,1,20261017,1,20261018,1,20261022,1,20261023,1,20261024,1,20261025,1,20261029,1,20261030,1,20261031,1,20261101,1,20261105,1,20261106,1,20261107,1,20261108,1,20261112,1,20261113,1,20261114,1,20261115,1,20261119,1,20261120,1,20261121,1,20261122,1,20261126,1,20261127,1,20261128,1,20261129,1,20261203,1,20261204,1,20261205,1,20261206,1,20261210,1,20261211,1,20261212,1,20261213,1,20261217,1,20261218,1,20261219,1,20261220,1,20261224,1,20261225,1,20261226,1,20261227,1,20261231,1,20270101,1,20270102,1,20270103,1,20270107,1,20270108,1,20270109,1,20270110,1,20270114,1,20270115,1,20270116,1,20270117,1,20270121,1,20270122,1,20270123,1,20270124,1,20270128,1,20270129,1,20270130,1,20270131,1,20270204,1,20270205,1,20270206,1,20270207,1,20270211,1,20270212,1,20270213,1,20270214,1,20270218,1,20270219,1,20270220,1,20270221,1,20270225,1,20270226,1,20270227,1,20270228,1,20270304,1,20270305,1,20270306,1,20270307,1,20270311,1,20270312,1,20270313,1,20270314,1,20270318,1,20270319,1,20270320,1,20270321,1,20270325,1,20270326,1,20270327,1,20270328,1,20270401,1,20270402,1,20270403,1,20270404,1,20270408,1,20270409,1,20270410,1,20270411,1,20270415,1,20270416,1,20270417,1,20270418,1,20270422,1,20270423,1,20270424,1,20270425,1,20270429,1,20270430,1,20270501,1,20270502,1,20270506,1,20270507,1,20270508,1,20270509,1,20270513,1,20270514,1,20270515,1,20270516,1,20270520,1,20270521,1,20270522,1,20270523,1,20270527,1,20270528,1,20270529,1,20270530,1,20270603,1,20270604,1,20270605,1,20270606,1,20270610,1,20270611,1,20270612,1,20270613,1,20270617,1,20270618,1,20270619,1,20270620,1,20270624,1,20270625,1,20270626,1,20270627,1,20270701,1,20270702,1,20270703,1,20270704,1,20270708,1,20270709,1,20270710,1,20270711,1,20270715,1,20270716,1,20270717,1,20270718,1,20270722,1,20270723,1,20270724,1,20270725,1,20270729,1,20270730,1,20270731,1,20270801,1,20270805,1,20270806,1,20270807,1,20270808,1,20270812,1,20270813,1,20270814,1,20270815,1,20270819,1,20270820,1,20270821,1,20270822,1,20270826,1,20270827,1,20270828,1,20270829,1,20270902,1,20270903,1,20270904,1,20270905,1,20270909,1,20270910,1,20270911,1,20270912,1,20270916,1,20270917,1,20270918,1,20270919,1,20270923,1,20270924,1
'1468593',20260924,1,20260925,1,20260926,1,20260927,1,20261001,1,20261002,1,20261003,1,20261004,1,20261008,1,20261009,1,20261010,1,20261011,1,20261015,1,20261016,1,20261017,1,20261018,1,20261022,1,20261023,1,20261024,1,20261025,1,20261029,1,20261030,1,20261031,1,20261101,1,20261105,1,20261106,1,20261107,1,20261108,1,20261112,1,20261113,1,20261114,1,20261115,1,20261119,1,20261120,1,20261121,1,20261122,1,20261126,1,20261127,1,20261128,1,20261129,1,20261203,1,20261204,1,20261205,1,20261206,1,20261210,1,20261211,1,20261212,1,20261213,1,20261217,1,20261218,1,20261219,1,20261220,1,20261224,1,20261225,1,20261226,1,20261227,1,20261231,1,20270101,1,20270102,1,20270103,1,20270107,1,20270108,1,20270109,1,20270110,1,20270114,1,20270115,1,20270116,1,20270117,1,20270121,1,20270122,1,20270123,1,20270124,1,20270128,1,20270129,1,20270130,1,20270131,1,20270204,1,20270205,1,20270206,1,20270207,1,20270211,1,20270212,1,20270213,1,20270214,1,20270218,1,20270219,1,20270220,1,20270221,1,20270225,1,20270226,1,20270227,1,20270228,1,20270304,1,20270305,1,20270306,1,20270307,1,20270311,1,20270312,1,20270313,1,20270314,1,20270318,1,20270319,1,20270320,1,20270321,1,20270325,1,20270326,1,20270327,1,20270328,1,20270401,1,20270402,1,20270403,1,20270404,1,20270408,1,20270409,1,20270410,1,20270411,1,20270415,1,20270416,1,20270417,1,20270418,1,20270422,1,20270423,1,20270424,1,20270425,1,20270429,1,20270430,1,20270501,1,20270502,1,20270506,1,20270507,1,20270508,1,20270509,1,20270513,1,20270514,1,20270515,1,20270516,1,20270520,1,20270521,1,20270522,1,20270523,1,20270527,1,20270528,1,20270529,1,20270530,1,20270603,1,20270604,1,20270605,1,20270606,1,20270610,1,20270611,1,20270612,1,20270613,1,20270617,1,20270618,1,20270619,1,20270620,1,20270624,1,20270625,1,20270626,1,20270627,1,20270701,1,20270702,1,20270703,1,20270704,1,20270708,1,20270709,1,20270710,1,20270711,1,20270715,1,20270716,1,20270717,1,20270718,1,20270722,1,20270723,1,20270724,1,20270725,1,20270729,1,20270730,1,20270731,1,20270801,1,20270805,1,20270806,1,20270807,1,20270808,1,20270812,1,20270813,1,20270814,1,20270815,1,20270819,1,20270820,1,20270821,1,20270822,1,20270826,1,20270827,1,20270828,1,20270829,1,20270902,1,20270903,1,20270904,1,20270905,1,20270909,1,20270910,1,20270911,1,20270912,1,20270916,1,20270917,1,20270918,1,20270919,1,20270923,1,20270924,1
'1475659',20260924,1,20260925,1,20260928,1,20260929,1,20260930,1,20261001,1,20261002,1,20261005,1,20261006,1,20261007,1,20261008,1,20261009,1,20261012,1,20261013,1,20261014,1,20261015,1,20261016,1,20261019,1,20261020,1,20261021,1,20261022,1,20261023,1,20261026,1,20261027,1,20261028,1,20261029,1,20261030,1,20261102,1,20261103,1,20261104,1,20261105,1,20261106,1,20261109,1,20261110,1,20261111,1,20261112,1,20261113,1,20261116,1,20261117,1,20261118,1,20261119,1,20261120,1,20261123,1,20261124,1,20261125,1,20261126,1,20261127,1,20261130,1,20261201,1,20261202,1,20261203,1,20261204,1,20261207,1,20261208,1,20261209,1,20261210,1,20261211,1,20261214,1,20261215,1,20261216,1,20261217,1,20261218,1,20261221,1,20261222,1,20261223,1,20261224,1,20261225,1,20261228,1,20261229,1,20261230,1,20261231,1,20270101,1,20270104,1,20270105,1,20270106,1,20270107,1,20270108,1,20270111,1,20270112,1,20270113,1,20270114,1,20270115,1,20270118,1,20270119,1,20270120,1,20270121,1,20270122,1,20270125,1,20270126,1,20270127,1,20270128,1,20270129,1,20270201,1,20270202,1,20270203,1,20270204,1,20270205,1,20270208,1,20270209,1,20270210,1,20270211,1,20270212,1,20270215,1,20270216,1,20270217,1,20270218,1,20270219,1,20270222,1,20270223,1,20270224,1,20270225,1,20270226,1,20270301,1,20270302,1,20270303,1,20270304,1,20270305,1,20270308,1,20270309,1,20270310,1,20270311,1,20270312,1,20270315,1,20270316,1,20270317,1,20270318,1,20270319,1,20270322,1,20270323,1,20270324,1,20270325,1,20270326,1,20270329,1,20270330,1,20270331,1,20270401,1,20270402,1,20270405,1,20270406,1,20270407,1,20270408,1,20270409,1,20270412,1,20270413,1,20270414,1,20270415,1,20270416,1,20270419,1,20270420,1,20270421,1,20270422,1,20270423,1,20270426,1,20270427,1,20270428,1,20270429,1,20270430,1,20270503,1,20270504,1,20270505,1,20270506,1,20270507,1,20270510,1,20270511,1,20270512,1,20270513,1,20270514,1,20270517,1,20270518,1,20270519,1,20270520,1,20270521,1,20270524,1,20270525,1,20270526,1,20270527,1,20270528,1,20270531,1,20270601,1,20270602,1,20270603,1,20270604,1,20270607,1,20270608,1,20270609,1,20270610,1,20270611,1,20270614,1,20270615,1,20270616,1,20270617,1,20270618,1,20270621,1,20270622,1,20270623,1,20270624,1,20270625,1,20270628,1,20270629,1,20270630,1,20270701,1,20270702,1,20270705,1,20270706,1,20270707,1,20270708,1,20270709,1,20270712,1,20270713,1,20270714,1,20270715,1,20270716,1,20270719,1,20270720,1,20270721,1,20270722,1,20270723,1,20270726,1,20270727,1,20270728,1,20270729,1,20270730,1,20270802,1,20270803,1,20270804,1,20270805,1,20270806,1,20270809,1,20270810,1,20270811,1,20270812,1,20270813,1,20270816,1,20270817,1,20270818,1,20270819,1,20270820,1,20270823,1,20270824,1,20270825,1,20270826,1,20270827,1,20270830,1,20270831,1,20270901,1,20270902,1,20270903,1,20270906,1,20270907,1,20270908,1,20270909,1,20270910,1,20270913,1,20270914,1,20270915,1,20270916,1,20270917,1,20270920,1,20270921,1,20270922,1,20270923,1,20270924,1
'1475660',20260924,1,20260925,1,20260928,1,20260929,1,20260930,1,20261001,1,20261002,1,20261005,1,20261006,1,20261007,1,20261008,1,20261009,1,20261012,1,20261013,1,20261014,1,20261015,1,20261016,1,20261019,1,20261020,1,20261021,1,20261022,1,20261023,1,20261026,1,20261027,1,20261028,1,20261029,1,20261030,1,20261102,1,20261103,1,20261104,1,20261105,1,20261106,1,20261109,1,20261110,1,20261111,1,20261112,1,20261113,1,20261116,1,20261117,1,20261118,1,20261119,1,20261120,1,20261123,1,20261124,1,20261125,1,20261126,1,20261127,1,20261130,1,20261201,1,20261202,1,20261203,1,20261204,1,20261207,1,20261208,1,20261209,1,20261210,1,20261211,1,20261214,1,20261215,1,20261216,1,20261217,1,20261218,1,20261221,1,20261222,1,20261223,1,20261224,1,20261225,1,20261228,1,20261229,1,20261230,1,20261231,1,20270101,1,20270104,1,20270105,1,20270106,1,20270107,1,20270108,1,20270111,1,20270112,1,20270113,1,20270114,1,20270115,1,20270118,1,20270119,1,20270120,1,20270121,1,20270122,1,20270125,1,20270126,1,20270127,1,20270128,1,20270129,1,20270201,1,20270202,1,20270203,1,20270204,1,20270205,1,20270208,1,20270209,1,20270210,1,20270211,1,20270212,1,20270215,1,20270216,1,20270217,1,20270218,1,20270219,1,20270222,1,20270223,1,20270224,1,20270225,1,20270226,1,20270301,1,20270302,1,20270303,1,20270304,1,20270305,1,20270308,1,20270309,1,20270310,1,20270311,1,20270312,1,20270315,1,20270316,1,20270317,1,20270318,1,20270319,1,20270322,1,20270323,1,20270324,1,20270325,1,20270326,1,20270329,1,20270330,1,20270331,1,20270401,1,20270402,1,20270405,1,20270406,1,20270407,1,20270408,1,20270409,1,20270412,1,20270413,1,20270414,1,20270415,1,20270416,1,20270419,1,20270420,1,20270421,1,20270422,1,20270423,1,20270426,1,20270427,1,20270428,1,20270429,1,20270430,1,20270503,1,20270504,1,20270505,1,20270506,1,20270507,1,20270510,1,20270511,1,20270512,1,20270513,1,20270514,1,20270517,1,20270518,1,20270519,1,20270520,1,20270521,1,20270524,1,20270525,1,20270526,1,20270527,1,20270528,1,20270531,1,20270601,1,20270602,1,20270603,1,20270604,1,20270607,1,20270608,1,20270609,1,20270610,1,20270611,1,20270614,1,20270615,1,20270616,1,20270617,1,20270618,1,20270621,1,20270622,1,20270623,1,20270624,1,20270625,1,20270628,1,20270629,1,20270630,1,20270701,1,20270702,1,20270705,1,20270706,1,20270707,1,20270708,1,20270709,1,20270712,1,20270713,1,20270714,1,20270715,1,20270716,1,20270719,1,20270720,1,20270721,1,20270722,1,20270723,1,20270726,1,20270727,1,20270728,1,20270729,1,20270730,1,20270802,1,20270803,1,20270804,1,20270805,1,20270806,1,20270809,1,20270810,1,20270811,1,20270812,1,20270813,1,20270816,1,20270817,1,20270818,1,20270819,1,20270820,1,20270823,1,20270824,1,20270825,1,20270826,1,20270827,1,20270830,1,20270831,1,20270901,1,20270902,1,20270903,1,20270906,1,20270907,1,20270908,1,20270909,1,20270910,1,20270913,1,20270914,1,20270915,1,20270916,1,20270917,1,20270920,1,20270921,1,20270922,1,20270923,1,20270924,1
'1475661',20260924,1,20260925,1,20260928,1,20260929,1,20260930,1,20261001,1,20261002,1,20261005,1,20261006,1,20261007,1,20261008,1,20261009,1,20261012,1,20261013,1,20261014,1,20261015,1,20261016,1,20261019,1,20261020,1,20261021,1,20261022,1,20261023,1,20261026,1,20261027,1,20261028,1,20261029,1,20261030,1,20261102,1,20261103,1,20261104,1,20261105,1,20261106,1,20261109,1,20261110,1,20261111,1,20261112,1,20261113,1,20261116,1,20261117,1,20261118,1,20261119,1,20261120,1,20261123,1,20261124,1,20261125,1,20261126,1,20261127,1,20261130,1,20261201,1,20261202,1,20261203,1,20261204,1,20261207,1,20261208,1,20261209,1,20261210,1,20261211,1,20261214,1,20261215,1,20261216,1,20261217,1,20261218,1,20261221,1,20261222,1,20261223,1,20261224,1,20261225,1,20261228,1,20261229,1,20261230,1,20261231,1,20270101,1,20270104,1,20270105,1,20270106,1,20270107,1,20270108,1,20270111,1,20270112,1,20270113,1,20270114,1,20270115,1,20270118,1,20270119,1,20270120,1,20270121,1,20270122,1,20270125,1,20270126,1,20270127,1,20270128,1,20270129,1,20270201,1,20270202,1,20270203,1,20270204,1,20270205,1,20270208,1,20270209,1,20270210,1,20270211,1,20270212,1,20270215,1,20270216,1,20270217,1,20270218,1,20270219,1,20270222,1,20270223,1,20270224,1,20270225,1,20270226,1,20270301,1,20270302,1,20270303,1,20270304,1,20270305,1,20270308,1,20270309,1,20270310,1,20270311,1,20270312,1,20270315,1,20270316,1,20270317,1,20270318,1,20270319,1,20270322,1,20270323,1,20270324,1,20270325,1,20270326,1,20270329,1,20270330,1,20270331,1,20270401,1,20270402,1,20270405,1,20270406,1,20270407,1,20270408,1,20270409,1,20270412,1,20270413,1,20270414,1,20270415,1,20270416,1,20270419,1,20270420,1,20270421,1,20270422,1,20270423,1,20270426,1,20270427,1,20270428,1,20270429,1,20270430,1,20270503,1,20270504,1,20270505,1,20270506,1,20270507,1,20270510,1,20270511,1,20270512,1,20270513,1,20270514,1,20270517,1,20270518,1,20270519,1,20270520,1,20270521,1,20270524,1,20270525,1,20270526,1,20270527,1,20270528,1,20270531,1,20270601,1,20270602,1,20270603,1,20270604,1,20270607,1,20270608,1,20270609,1,20270610,1,20270611,1,20270614,1,20270615,1,20270616,1,20270617,1,20270618,1,20270621,1,20270622,1,20270623,1,20270624,1,20270625,1,20270628,1,20270629,1,20270630,1,20270701,1,20270702,1,20270705,1,20270706,1,20270707,1,20270708,1,20270709,1,20270712,1,20270713,1,20270714,1,20270715,1,20270716,1,20270719,1,20270720,1,20270721,1,20270722,1,20270723,1,20270726,1,20270727,1,20270728,1,20270729,1,20270730,1,20270802,1,20270803,1,20270804,1,20270805,1,20270806,1,20270809,1,20270810,1,20270811,1,20270812,1,20270813,1,20270816,1,20270817,1,20270818,1,20270819,1,20270820,1,20270823,1,20270824,1,20270825,1,20270826,1,20270827,1,20270830,1,20270831,1,20270901,1,20270902,1,20270903,1,20270906,1,20270907,1,20270908,1,20270909,1,20270910,1,20270913,1,20270914,1,20270915,1,20270916,1,20270917,1,20270920,1,20270921,1,20270922,1,20270923,1,20270924,1
'1475662',20260924,1,20260925,1,20260928,1,20260929,1,20260930,1,20261001,1,20261002,1,20261005,1,20261006,1,20261007,1,20261008,1,20261009,1,20261012,1,20261013,1,20261014,1,20261015,1,20261016,1,20261019,1,20261020,1,20261021,1,20261022,1,20261023,1,20261026,1,20261027,1,20261028,1,20261029,1,20261030,1,20261102,1,20261103,1,20261104,1,20261105,1,20261106,1,20261109,1,20261110,1,20261111,1,20261112,1,20261113,1,20261116,1,20261117,1,20261118,1,20261119,1,20261120,1,20261123,1,20261124,1,20261125,1,20261126,1,20261127,1,20261130,1,20261201,1,20261202,1,20261203,1,20261204,1,20261207,1,20261208,1,20261209,1,20261210,1,20261211,1,20261214,1,20261215,1,20261216,1,20261217,1,20261218,1,20261221,1,20261222,1,20261223,1,20261224,1,20261225,1,20261228,1,20261229,1,20261230,1,20261231,1,20270101,1,20270104,1,20270105,1,20270106,1,20270107,1,20270108,1,20270111,1,20270112,1,20270113,1,20270114,1,20270115,1,20270118,1,20270119,1,20270120,1,20270121,1,20270122,1,20270125,1,20270126,1,20270127,1,20270128,1,20270129,1,20270201,1,20270202,1,20270203,1,20270204,1,20270205,1,20270208,1,20270209,1,20270210,1,20270211,1,20270212,1,20270215,1,20270216,1,20270217,1,20270218,1,20270219,1,20270222,1,20270223,1,20270224,1,20270225,1,20270226,1,20270301,1,20270302,1,20270303,1,20270304,1,20270305,1,20270308,1,20270309,1,20270310,1,20270311,1,20270312,1,20270315,1,20270316,1,20270317,1,20270318,1,20270319,1,20270322,1,20270323,1,20270324,1,20270325,1,20270326,1,20270329,1,20270330,1,20270331,1,20270401,1,20270402,1,20270405,1,20270406,1,20270407,1,20270408,1,20270409,1,20270412,1,20270413,1,20270414,1,20270415,1,20270416,1,20270419,1,20270420,1,20270421,1,20270422,1,20270423,1,20270426,1,20270427,1,20270428,1,20270429,1,20270430,1,20270503,1,20270504,1,20270505,1,20270506,1,20270507,1,20270510,1,20270511,1,20270512,1,20270513,1,20270514,1,20270517,1,20270518,1,20270519,1,20270520,1,20270521,1,20270524,1,20270525,1,20270526,1,20270527,1,20270528,1,20270531,1,20270601,1,20270602,1,20270603,1,20270604,1,20270607,1,20270608,1,20270609,1,20270610,1,20270611,1,20270614,1,20270615,1,20270616,1,20270617,1,20270618,1,20270621,1,20270622,1,20270623,1,20270624,1,20270625,1,20270628,1,20270629,1,20270630,1,20270701,1,20270702,1,20270705,1,20270706,1,20270707,1,20270708,1,20270709,1,20270712,1,20270713,1,20270714,1,20270715,1,20270716,1,20270719,1,20270720,1,20270721,1,20270722,1,20270723,1,20270726,1,20270727,1,20270728,1,20270729,1,20270730,1,20270802,1,20270803,1,20270804,1,20270805,1,20270806,1,20270809,1,20270810,1,20270811,1,20270812,1,20270813,1,20270816,1,20270817,1,20270818,1,20270819,1,20270820,1,20270823,1,20270824,1,20270825,1,20270826,1,20270827,1,20270830,1,20270831,1,20270901,1,20270902,1,20270903,1,20270906,1,20270907,1,20270908,1,20270909,1,20270910,1,20270913,1,20270914,1,20270915,1,20270916,1,20270917,1,20270920,1,20270921,1,20270922,1,20270923,1,20270924,1
'1475663',20260924,1,20260925,1,20260928,1,20260929,1,20260930,1,20261001,1,20261002,1,20261005,1,20261006,1,20261007,1,20261008,1,20261009,1,20261012,1,20261013,1,20261014,1,20261015,1,20261016,1,20261019,1,20261020,1,20261021,1,20261022,1,20261023,1,20261026,1,20261027,1,20261028,1,20261029,1,20261030,1,20261102,1,20261103,1,20261104,1,20261105,1,20261106,1,20261109,1,20261110,1,20261111,1,20261112,1,20261113,1,20261116,1,20261117,1,20261118,1,20261119,1,20261120,1,20261123,1,20261124,1,20261125,1,20261126,1,20261127,1,20261130,1,20261201,1,20261202,1,20261203,1,20261204,1,20261207,1,20261208,1,20261209,1,20261210,1,20261211,1,20261214,1,20261215,1,20261216,1,20261217,1,20261218,1,20261221,1,20261222,1,20261223,1,20261224,1,20261225,1,20261228,1,20261229,1,20261230,1,20261231,1,20270101,1,20270104,1,20270105,1,20270106,1,20270107,1,20270108,1,20270111,1,20270112,1,20270113,1,20270114,1,20270115,1,20270118,1,20270119,1,20270120,1,20270121,1,20270122,1,20270125,1,20270126,1,20270127,1,20270128,1,20270129,1,20270201,1,20270202,1,20270203,1,20270204,1,20270205,1,20270208,1,20270209,1,20270210,1,20270211,1,20270212,1,20270215,1,20270216,1,20270217,1,20270218,1,20270219,1,20270222,1,20270223,1,20270224,1,20270225,1,20270226,1,20270301,1,20270302,1,20270303,1,20270304,1,20270305,1,20270308,1,20270309,1,20270310,1,20270311,1,20270312,1,20270315,1,20270316,1,20270317,1,20270318,1,20270319,1,20270322,1,20270323,1,20270324,1,20270325,1,20270326,1,20270329,1,20270330,1,20270331,1,20270401,1,20270402,1,20270405,1,20270406,1,20270407,1,20270408,1,20270409,1,20270412,1,20270413,1,20270414,1,20270415,1,20270416,1,20270419,1,20270420,1,20270421,1,20270422,1,20270423,1,20270426,1,20270427,1,20270428,1,20270429,1,20270430,1,20270503,1,20270504,1,20270505,1,20270506,1,20270507,1,20270510,1,20270511,1,20270512,1,20270513,1,20270514,1,20270517,1,20270518,1,20270519,1,20270520,1,20270521,1,20270524,1,20270525,1,20270526,1,20270527,1,20270528,1,20270531,1,20270601,1,20270602,1,20270603,1,20270604,1,20270607,1,20270608,1,20270609,1,20270610,1,20270611,1,20270614,1,20270615,1,20270616,1,20270617,1,20270618,1,20270621,1,20270622,1,20270623,1,20270624,1,20270625,1,20270628,1,20270629,1,20270630,1,20270701,1,20270702,1,20270705,1,20270706,1,20270707,1,20270708,1,20270709,1,20270712,1,20270713,1,20270714,1,20270715,1,20270716,1,20270719,1,20270720,1,20270721,1,20270722,1,20270723,1,20270726,1,20270727,1,20270728,1,20270729,1,20270730,1,20270802,1,20270803,1,20270804,1,20270805,1,20270806,1,20270809,1,20270810,1,20270811,1,20270812,1,20270813,1,20270816,1,20270817,1,20270818,1,20270819,1,20270820,1,20270823,1,20270824,1,20270825,1,20270826,1,20270827,1,20270830,1,20270831,1,20270901,1,20270902,1,20270903,1,20270906,1,20270907,1,20270908,1,20270909,1,20270910,1,20270913,1,20270914,1,20270915,1,20270916,1,20270917,1,20270920,1,20270921,1,20270922,1,20270923,1,20270924,1
'1475664',20260924,1,20260925,1,20260928,1,20260929,1,20260930,1,20261001,1,20261002,1,20261005,1,20261006,1,20261007,1,20261008,1,20261009,1,20261012,1,20261013,1,20261014,1,20261015,1,20261016,1,20261019,1,20261020,1,20261021,1,20261022,1,20261023,1,20261026,1,20261027,1,20261028,1,20261029,1,20261030,1,20261102,1,20261103,1,20261104,1,20261105,1,20261106,1,20261109,1,20261110,1,20261111,1,20261112,1,20261113,1,20261116,1,20261117,1,20261118,1,20261119,1,20261120,1,20261123,1,20261124,1,20261125,1,20261126,1,20261127,1,20261130,1,20261201,1,20261202,1,20261203,1,20261204,1,20261207,1,20261208,1,20261209,1,20261210,1,20261211,1,20261214,1,20261215,1,20261216,1,20261217,1,20261218,1,20261221,1,20261222,1,20261223,1,20261224,1,20261225,1,20261228,1,20261229,1,20261230,1,20261231,1,20270101,1,20270104,1,20270105,1,20270106,1,20270107,1,20270108,1,20270111,1,20270112,1,20270113,1,20270114,1,20270115,1,20270118,1,20270119,1,20270120,1,20270121,1,20270122,1,20270125,1,20270126,1,20270127,1,20270128,1,20270129,1,20270201,1,20270202,1,20270203,1,20270204,1,20270205,1,20270208,1,20270209,1,20270210,1,20270211,1,20270212,1,20270215,1,20270216,1,20270217,1,20270218,1,20270219,1,20270222,1,20270223,1,20270224,1,20270225,1,20270226,1,20270301,1,20270302,1,20270303,1,20270304,1,20270305,1,20270308,1,20270309,1,20270310,1,20270311,1,20270312,1,20270315,1,20270316,1,20270317,1,20270318,1,20270319,1,20270322,1,20270323,1,20270324,1,20270325,1,20270326,1,20270329,1,20270330,1,20270331,1,20270401,1,20270402,1,20270405,1,20270406,1,20270407,1,20270408,1,20270409,1,20270412,1,20270413,1,20270414,1,20270415,1,20270416,1,20270419,1,20270420,1,20270421,1,20270422,1,20270423,1,20270426,1,20270427,1,20270428,1,20270429,1,20270430,1,20270503,1,20270504,1,20270505,1,20270506,1,20270507,1,20270510,1,20270511,1,20270512,1,20270513,1,20270514,1,20270517,1,20270518,1,20270519,1,20270520,1,20270521,1,20270524,1,20270525,1,20270526,1,20270527,1,20270528,1,20270531,1,20270601,1,20270602,1,20270603,1,20270604,1,20270607,1,20270608,1,20270609,1,20270610,1,20270611,1,20270614,1,20270615,1,20270616,1,20270617,1,20270618,1,20270621,1,20270622,1,20270623,1,20270624,1,20270625,1,20270628,1,20270629,1,20270630,1,20270701,1,20270702,1,20270705,1,20270706,1,20270707,1,20270708,1,20270709,1,20270712,1,20270713,1,20270714,1,20270715,1,20270716,1,20270719,1,20270720,1,20270721,1,20270722,1,20270723,1,20270726,1,20270727,1,20270728,1,20270729,1,20270730,1,20270802,1,20270803,1,20270804,1,20270805,1,20270806,1,20270809,1,20270810,1,20270811,1,20270812,1,20270813,1,20270816,1,20270817,1,20270818,1,20270819,1,20270820,1,20270823,1,20270824,1,20270825,1,20270826,1,20270827,1,20270830,1,20270831,1,20270901,1,20270902,1,20270903,1,20270906,1,20270907,1,20270908,1,20270909,1,20270910,1,20270913,1,20270914,1,20270915,1,20270916,1,20270917,1,20270920,1,20270921,1,20270922,1,20270923,1,20270924,1
'1475665',20260924,1,20260925,1,20260928,1,20260929,1,20260930,1,20261001,1,20261002,1,20261005,1,20261006,1,20261007,1,20261008,1,20261009,1,20261012,1,20261013,1,20261014,1,20261015,1,20261016,1,20261019,1,20261020,1,20261021,1,20261022,1,20261023,1,20261026,1,20261027,1,20261028,1,20261029,1,20261030,1,20261102,1,20261103,1,20261104,1,20261105,1,20261106,1,20261109,1,20261110,1,20261111,1,20261112,1,20261113,1,20261116,1,20261117,1,20261118,1,20261119,1,20261120,1,20261123,1,20261124,1,20261125,1,20261126,1,20261127,1,20261130,1,20261201,1,20261202,1,20261203,1,20261204,1,20261207,1,20261208,1,20261209,1,20261210,1,20261211,1,20261214,1,20261215,1,20261216,1,20261217,1,20261218,1,20261221,1,20261222,1,20261223,1,20261224,1,20261225,1,20261228,1,20261229,1,20261230,1,20261231,1,20270101,1,20270104,1,20270105,1,20270106,1,20270107,1,20270108,1,20270111,1,20270112,1,20270113,1,20270114,1,20270115,1,20270118,1,20270119,1,20270120,1,20270121,1,20270122,1,20270125,1,20270126,1,20270127,1,20270128,1,20270129,1,20270201,1,20270202,1,20270203,1,20270204,1,20270205,1,20270208,1,20270209,1,20270210,1,20270211,1,20270212,1,20270215,1,20270216,1,20270217,1,20270218,1,20270219,1,20270222,1,20270223,1,20270224,1,20270225,1,20270226,1,20270301,1,20270302,1,20270303,1,20270304,1,20270305,1,20270308,1,20270309,1,20270310,1,20270311,1,20270312,1,20270315,1,20270316,1,20270317,1,20270318,1,20270319,1,20270322,1,20270323,1,20270324,1,20270325,1,20270326,1,20270329,1,20270330,1,20270331,1,20270401,1,20270402,1,20270405,1,20270406,1,20270407,1,20270408,1,20270409,1,20270412,1,20270413,1,20270414,1,20270415,1,20270416,1,20270419,1,20270420,1,20270421,1,20270422,1,20270423,1,20270426,1,20270427,1,20270428,1,20270429,1,20270430,1,20270503,1,20270504,1,20270505,1,20270506,1,20270507,1,20270510,1,20270511,1,20270512,1,20270513,1,20270514,1,20270517,1,20270518,1,20270519,1,20270520,1,20270521,1,20270524,1,20270525,1,20270526,1,20270527,1,20270528,1,20270531,1,20270601,1,20270602,1,20270603,1,20270604,1,20270607,1,20270608,1,20270609,1,20270610,1,20270611,1,20270614,1,20270615,1,20270616,1,20270617,1,20270618,1,20270621,1,20270622,1,20270623,1,20270624,1,20270625,1,20270628,1,20270629,1,20270630,1,20270701,1,20270702,1,20270705,1,20270706,1,20270707,1,20270708,1,20270709,1,20270712,1,20270713,1,20270714,1,20270715,1,20270716,1,20270719,1,20270720,1,20270721,1,20270722,1,20270723,1,20270726,1,20270727,1,20270728,1,20270729,1,20270730,1,20270802,1,20270803,1,20270804,1,20270805,1,20270806,1,20270809,1,20270810,1,20270811,1,20270812,1,20270813,1,20270816,1,20270817,1,20270818,1,20270819,1,20270820,1,20270823,1,20270824,1,20270825,1,20270826,1,20270827,1,20270830,1,20270831,1,20270901,1,20270902,1,20270903,1,20270906,1,20270907,1,20270908,1,20270909,1,20270910,1,20270913,1,20270914,1,20270915,1,20270916,1,20270917,1,20270920,1,20270921,1,20270922,1,20270923,1,20270924,1
'1475666',20260924,1,20260925,1,20260928,1,20260929,1,20260930,1,20261001,1,20261002,1,20261005,1,20261006,1,20261007,1,20261008,1,20261009,1,20261012,1,20261013,1,20261014,1,20261015,1,20261016,1,20261019,1,20261020,1,20261021,1,20261022,1,20261023,1,20261026,1,20261027,1,20261028,1,20261029,1,20261030,1,20261102,1,20261103,1,20261104,1,20261105,1,20261106,1,20261109,1,20261110,1,20261111,1,20261112,1,20261113,1,20261116,1,20261117,1,20261118,1,20261119,1,20261120,1,20261123,1,20261124,1,20261125,1,20261126,1,20261127,1,20261130,1,20261201,1,20261202,1,20261203,1,20261204,1,20261207,1,20261208,1,20261209,1,20261210,1,20261211,1,20261214,1,20261215,1,20261216,1,20261217,1,20261218,1,20261221,1,20261222,1,20261223,1,20261224,1,20261225,1,20261228,1,20261229,1,20261230,1,20261231,1,20270101,1,20270104,1,20270105,1,20270106,1,20270107,1,20270108,1,20270111,1,20270112,1,20270113,1,20270114,1,20270115,1,20270118,1,20270119,1,20270120,1,20270121,1,20270122,1,20270125,1,20270126,1,20270127,1,20270128,1,20270129,1,20270201,1,20270202,1,20270203,1,20270204,1,20270205,1,20270208,1,20270209,1,20270210,1,20270211,1,20270212,1,20270215,1,20270216,1,20270217,1,20270218,1,20270219,1,20270222,1,20270223,1,20270224,1,20270225,1,20270226,1,20270301,1,20270302,1,20270303,1,20270304,1,20270305,1,20270308,1,20270309,1,20270310,1,20270311,1,20270312,1,20270315,1,20270316,1,20270317,1,20270318,1,20270319,1,20270322,1,20270323,1,20270324,1,20270325,1,20270326,1,20270329,1,20270330,1,20270331,1,20270401,1,20270402,1,20270405,1,20270406,1,20270407,1,20270408,1,20270409,1,20270412,1,20270413,1,20270414,1,20270415,1,20270416,1,20270419,1,20270420,1,20270421,1,20270422,1,20270423,1,20270426,1,20270427,1,20270428,1,20270429,1,20270430,1,20270503,1,20270504,1,20270505,1,20270506,1,20270507,1,20270510,1,20270511,1,20270512,1,20270513,1,20270514,1,20270517,1,20270518,1,20270519,1,20270520,1,20270521,1,20270524,1,20270525,1,20270526,1,20270527,1,20270528,1,20270531,1,20270601,1,20270602,1,20270603,1,20270604,1,20270607,1,20270608,1,20270609,1,20270610,1,20270611,1,20270614,1,20270615,1,20270616,1,20270617,1,20270618,1,20270621,1,20270622,1,20270623,1,20270624,1,20270625,1,20270628,1,20270629,1,20270630,1,20270701,1,20270702,1,20270705,1,20270706,1,20270707,1,20270708,1,20270709,1,20270712,1,20270713,1,20270714,1,20270715,1,20270716,1,20270719,1,20270720,1,20270721,1,20270722,1,20270723,1,20270726,1,20270727,1,20270728,1,20270729,1,20270730,1,20270802,1,20270803,1,20270804,1,20270805,1,20270806,1,20270809,1,20270810,1,20270811,1,20270812,1,20270813,1,20270816,1,20270817,1,20270818,1,20270819,1,20270820,1,20270823,1,20270824,1,20270825,1,20270826,1,20270827,1,20270830,1,20270831,1,20270901,1,20270902,1,20270903,1,20270906,1,20270907,1,20270908,1,20270909,1,20270910,1,20270913,1,20270914,1,20270915,1,20270916,1,20270917,1,20270920,1,20270921,1,20270922,1,20270923,1,20270924,1
'1475667',20260924,1,20260925,1,20260928,1,20260929,1,20260930,1,20261001,1,20261002,1,20261005,1,20261006,1,20261007,1,20261008,1,20261009,1,20261012,1,20261013,1,20261014,1,20261015,1,20261016,1,20261019,1,20261020,1,20261021,1,20261022,1,20261023,1,20261026,1,20261027,1,20261028,1,20261029,1,20261030,1,20261102,1,20261103,1,20261104,1,20261105,1,20261106,1,20261109,1,20261110,1,20261111,1,20261112,1,20261113,1,20261116,1,20261117,1,20261118,1,20261119,1,20261120,1,20261123,1,20261124,1,20261125,1,20261126,1,20261127,1,20261130,1,20261201,1,20261202,1,20261203,1,20261204,1,20261207,1,20261208,1,20261209,1,20261210,1,20261211,1,20261214,1,20261215,1,20261216,1,20261217,1,20261218,1,20261221,1,20261222,1,20261223,1,20261224,1,20261225,1,20261228,1,20261229,1,20261230,1,20261231,1,20270101,1,20270104,1,20270105,1,20270106,1,20270107,1,20270108,1,20270111,1,20270112,1,20270113,1,20270114,1,20270115,1,20270118,1,20270119,1,20270120,1,20270121,1,20270122,1,20270125,1,20270126,1,20270127,1,20270128,1,20270129,1,20270201,1,20270202,1,20270203,1,20270204,1,20270205,1,20270208,1,20270209,1,20270210,1,20270211,1,20270212,1,20270215,1,20270216,1,20270217,1,20270218,1,20270219,1,20270222,1,20270223,1,20270224,1,20270225,1,20270226,1,20270301,1,20270302,1,20270303,1,20270304,1,20270305,1,20270308,1,20270309,1,20270310,1,20270311,1,20270312,1,20270315,1,20270316,1,20270317,1,20270318,1,20270319,1,20270322,1,20270323,1,20270324,1,20270325,1,20270326,1,20270329,1,20270330,1,20270331,1,20270401,1,20270402,1,20270405,1,20270406,1,20270407,1,20270408,1,20270409,1,20270412,1,20270413,1,20270414,1,20270415,1,20270416,1,20270419,1,20270420,1,20270421,1,20270422,1,20270423,1,20270426,1,20270427,1,20270428,1,20270429,1,20270430,1,20270503,1,20270504,1,20270505,1,20270506,1,20270507,1,20270510,1,20270511,1,20270512,1,20270513,1,20270514,1,20270517,1,20270518,1,20270519,1,20270520,1,20270521,1,20270524,1,20270525,1,20270526,1,20270527,1,20270528,1,20270531,1,20270601,1,20270602,1,20270603,1,20270604,1,20270607,1,20270608,1,20270609,1,20270610,1,20270611,1,20270614,1,20270615,1,20270616,1,20270617,1,20270618,1,20270621,1,20270622,1,20270623,1,20270624,1,20270625,1,20270628,1,20270629,1,20270630,1,20270701,1,20270702,1,20270705,1,20270706,1,20270707,1,20270708,1,20270709,1,20270712,1,20270713,1,20270714,1,20270715,1,20270716,1,20270719,1,20270720,1,20270721,1,20270722,1,20270723,1,20270726,1,20270727,1,20270728,1,20270729,1,20270730,1,20270802,1,20270803,1,20270804,1,20270805,1,20270806,1,20270809,1,20270810,1,20270811,1,20270812,1,20270813,1,20270816,1,20270817,1,20270818,1,20270819,1,20270820,1,20270823,1,20270824,1,20270825,1,20270826,1,20270827,1,20270830,1,20270831,1,20270901,1,20270902,1,20270903,1,20270906,1,20270907,1,20270908,1,20270909,1,20270910,1,20270913,1,20270914,1,20270915,1,20270916,1,20270917,1,20270920,1,20270921,1,20270922,1,20270923,1,20270924,1
'1475668',20260924,1,20260925,1,20260928,1,20260929,1,20260930,1,20261001,1,20261002,1,20261005,1,20261006,1,20261007,1,20261008,1,20261009,1,20261012,1,20261013,1,20261014,1,20261015,1,20261016,1,20261019,1,20261020,1,20261021,1,20261022,1,20261023,1,20261026,1,20261027,1,20261028,1,20261029,1,20261030,1,20261102,1,20261103,1,20261104,1,20261105,1,20261106,1,20261109,1,20261110,1,20261111,1,20261112,1,20261113,1,20261116,1,20261117,1,20261118,1,20261119,1,20261120,1,20261123,1,20261124,1,20261125,1,20261126,1,20261127,1,20261130,1,20261201,1,20261202,1,20261203,1,20261204,1,20261207,1,20261208,1,20261209,1,20261210,1,20261211,1,20261214,1,20261215,1,20261216,1,20261217,1,20261218,1,20261221,1,20261222,1,20261223,1,20261224,1,20261225,1,20261228,1,20261229,1,20261230,1,20261231,1,20270101,1,20270104,1,20270105,1,20270106,1,20270107,1,20270108,1,20270111,1,20270112,1,20270113,1,20270114,1,20270115,1,20270118,1,20270119,1,20270120,1,20270121,1,20270122,1,20270125,1,20270126,1,20270127,1,20270128,1,20270129,1,20270201,1,20270202,1,20270203,1,20270204,1,20270205,1,20270208,1,20270209,1,20270210,1,20270211,1,20270212,1,20270215,1,20270216,1,20270217,1,20270218,1,20270219,1,20270222,1,20270223,1,20270224,1,20270225,1,20270226,1,20270301,1,20270302,1,20270303,1,20270304,1,20270305,1,20270308,1,20270309,1,20270310,1,20270311,1,20270312,1,20270315,1,20270316,1,20270317,1,20270318,1,20270319,1,20270322,1,20270323,1,20270324,1,20270325,1,20270326,1,20270329,1,20270330,1,20270331,1,20270401,1,20270402,1,20270405,1,20270406,1,20270407,1,20270408,1,20270409,1,20270412,1,20270413,1,20270414,1,20270415,1,20270416,1,20270419,1,20270420,1,20270421,1,20270422,1,20270423,1,20270426,1,20270427,1,20270428,1,20270429,1,20270430,1,20270503,1,20270504,1,20270505,1,20270506,1,20270507,1,20270510,1,20270511,1,20270512,1,20270513,1,20270514,1,20270517,1,20270518,1,20270519,1,20270520,1,20270521,1,20270524,1,20270525,1,20270526,1,20270527,1,20270528,1,20270531,1,20270601,1,20270602,1,20270603,1,20270604,1,20270607,1,20270608,1,20270609,1,20270610,1,20270611,1,20270614,1,20270615,1,20270616,1,20270617,1,20270618,1,20270621,1,20270622,1,20270623,1,20270624,1,20270625,1,20270628,1,20270629,1,20270630,1,20270701,1,20270702,1,20270705,1,20270706,1,20270707,1,20270708,1,20270709,1,20270712,1,20270713,1,20270714,1,20270715,1,20270716,1,20270719,1,20270720,1,20270721,1,20270722,1,20270723,1,20270726,1,20270727,1,20270728,1,20270729,1,20270730,1,20270802,1,20270803,1,20270804,1,20270805,1,20270806,1,20270809,1,20270810,1,20270811,1,20270812,1,20270813,1,20270816,1,20270817,1,20270818,1,20270819,1,20270820,1,20270823,1,20270824,1,20270825,1,20270826,1,20270827,1,20270830,1,20270831,1,20270901,1,20270902,1,20270903,1,20270906,1,20270907,1,20270908,1,20270909,1,20270910,1,20270913,1,20270914,1,20270915,1,20270916,1,20270917,1,20270920,1,20270921,1,20270922,1,20270923,1,20270924,1
'1475669',20260924,1,20260925,1,20260928,1,20260929,1,20260930,1,20261001,1,20261002,1,20261005,1,20261006,1,20261007,1,20261008,1,20261009,1,20261012,1,20261013,1,20261014,1,20261015,1,20261016,1,20261019,1,20261020,1,20261021,1,20261022,1,20261023,1,20261026,1,20261027,1,20261028,1,20261029,1,20261030,1,20261102,1,20261103,1,20261104,1,20261105,1,20261106,1,20261109,1,20261110,1,20261111,1,20261112,1,20261113,1,20261116,1,20261117,1,20261118,1,20261119,1,20261120,1,20261123,1,20261124,1,20261125,1,20261126,1,20261127,1,20261130,1,20261201,1,20261202,1,20261203,1,20261204,1,20261207,1,20261208,1,20261209,1,20261210,1,20261211,1,20261214,1,20261215,1,20261216,1,20261217,1,20261218,1,20261221,1,20261222,1,20261223,1,20261224,1,20261225,1,20261228,1,20261229,1,20261230,1,20261231,1,20270101,1,20270104,1,20270105,1,20270106,1,20270107,1,20270108,1,20270111,1,20270112,1,20270113,1,20270114,1,20270115,1,20270118,1,20270119,1,20270120,1,20270121,1,20270122,1,20270125,1,20270126,1,20270127,1,20270128,1,20270129,1,20270201,1,20270202,1,20270203,1,20270204,1,20270205,1,20270208,1,20270209,1,20270210,1,20270211,1,20270212,1,20270215,1,20270216,1,20270217,1,20270218,1,20270219,1,20270222,1,20270223,1,20270224,1,20270225,1,20270226,1,20270301,1,20270302,1,20270303,1,20270304,1,20270305,1,20270308,1,20270309,1,20270310,1,20270311,1,20270312,1,20270315,1,20270316,1,20270317,1,20270318,1,20270319,1,20270322,1,20270323,1,20270324,1,20270325,1,20270326,1,20270329,1,20270330,1,20270331,1,20270401,1,20270402,1,20270405,1,20270406,1,20270407,1,20270408,1,20270409,1,20270412,1,20270413,1,20270414,1,20270415,1,20270416,1,20270419,1,20270420,1,20270421,1,20270422,1,20270423,1,20270426,1,20270427,1,20270428,1,20270429,1,20270430,1,20270503,1,20270504,1,20270505,1,20270506,1,20270507,1,20270510,1,20270511,1,20270512,1,20270513,1,20270514,1,20270517,1,20270518,1,20270519,1,20270520,1,20270521,1,20270524,1,20270525,1,20270526,1,20270527,1,20270528,1,20270531,1,20270601,1,20270602,1,20270603,1,20270604,1,20270607,1,20270608,1,20270609,1,20270610,1,20270611,1,20270614,1,20270615,1,20270616,1,20270617,1,20270618,1,20270621,1,20270622,1,20270623,1,20270624,1,20270625,1,20270628,1,20270629,1,20270630,1,20270701,1,20270702,1,20270705,1,20270706,1,20270707,1,20270708,1,20270709,1,20270712,1,20270713,1,20270714,1,20270715,1,20270716,1,20270719,1,20270720,1,20270721,1,20270722,1,20270723,1,20270726,1,20270727,1,20270728,1,20270729,1,20270730,1,20270802,1,20270803,1,20270804,1,20270805,1,20270806,1,20270809,1,20270810,1,20270811,1,20270812,1,20270813,1,20270816,1,20270817,1,20270818,1,20270819,1,20270820,1,20270823,1,20270824,1,20270825,1,20270826,1,20270827,1,20270830,1,20270831,1,20270901,1,20270902,1,20270903,1,20270906,1,20270907,1,20270908,1,20270909,1,20270910,1,20270913,1,20270914,1,20270915,1,20270916,1,20270917,1,20270920,1,20270921,1,20270922,1,20270923,1,20270924,1
'1475670',20260924,1,20260925,1,20260928,1,20260929,1,20260930,1,20261001,1,20261002,1,20261005,1,20261006,1,20261007,1,20261008,1,20261009,1,20261012,1,20261013,1,20261014,1,20261015,1,20261016,1,20261019,1,20261020,1,20261021,1,20261022,1,20261023,1,20261026,1,20261027,1,20261028,1,20261029,1,20261030,1,20261102,1,20261103,1,20261104,1,20261105,1,20261106,1,20261109,1,20261110,1,20261111,1,20261112,1,20261113,1,20261116,1,20261117,1,20261118,1,20261119,1,20261120,1,20261123,1,20261124,1,20261125,1,20261126,1,20261127,1,20261130,1,20261201,1,20261202,1,20261203,1,20261204,1,20261207,1,20261208,1,20261209,1,20261210,1,20261211,1,20261214,1,20261215,1,20261216,1,20261217,1,20261218,1,20261221,1,20261222,1,20261223,1,20261224,1,20261225,1,20261228,1,20261229,1,20261230,1,20261231,1,20270101,1,20270104,1,20270105,1,20270106,1,20270107,1,20270108,1,20270111,1,20270112,1,20270113,1,20270114,1,20270115,1,20270118,1,20270119,1,20270120,1,20270121,1,20270122,1,20270125,1,20270126,1,20270127,1,20270128,1,20270129,1,20270201,1,20270202,1,20270203,1,20270204,1,20270205,1,20270208,1,20270209,1,20270210,1,20270211,1,20270212,1,20270215,1,20270216,1,20270217,1,20270218,1,20270219,1,20270222,1,20270223,1,20270224,1,20270225,1,20270226,1,20270301,1,20270302,1,20270303,1,20270304,1,20270305,1,20270308,1,20270309,1,20270310,1,20270311,1,20270312,1,20270315,1,20270316,1,20270317,1,20270318,1,20270319,1,20270322,1,20270323,1,20270324,1,20270325,1,20270326,1,20270329,1,20270330,1,20270331,1,20270401,1,20270402,1,20270405,1,20270406,1,20270407,1,20270408,1,20270409,1,20270412,1,20270413,1,20270414,1,20270415,1,20270416,1,20270419,1,20270420,1,20270421,1,20270422,1,20270423,1,20270426,1,20270427,1,20270428,1,20270429,1,20270430,1,20270503,1,20270504,1,20270505,1,20270506,1,20270507,1,20270510,1,20270511,1,20270512,1,20270513,1,20270514,1,20270517,1,20270518,1,20270519,1,20270520,1,20270521,1,20270524,1,20270525,1,20270526,1,20270527,1,20270528,1,20270531,1,20270601,1,20270602,1,20270603,1,20270604,1,20270607,1,20270608,1,20270609,1,20270610,1,20270611,1,20270614,1,20270615,1,20270616,1,20270617,1,20270618,1,20270621,1,20270622,1,20270623,1,20270624,1,20270625,1,20270628,1,20270629,1,20270630,1,20270701,1,20270702,1,20270705,1,20270706,1,20270707,1,20270708,1,20270709,1,20270712,1,20270713,1,20270714,1,20270715,1,20270716,1,20270719,1,20270720,1,20270721,1,20270722,1,20270723,1,20270726,1,20270727,1,20270728,1,20270729,1,20270730,1,20270802,1,20270803,1,20270804,1,20270805,1,20270806,1,20270809,1,20270810,1,20270811,1,20270812,1,20270813,1,20270816,1,20270817,1,20270818,1,20270819,1,20270820,1,20270823,1,20270824,1,20270825,1,20270826,1,20270827,1,20270830,1,20270831,1,20270901,1,20270902,1,20270903,1,20270906,1,20270907,1,20270908,1,20270909,1,20270910,1,20270913,1,20270914,1,20270915,1,20270916,1,20270917,1,20270920,1,20270921,1,20270922,1,20270923,1,20270924,1
'1475671',20260924,1,20260925,1,20260928,1,20260929,1,20260930,1,20261001,1,20261002,1,20261005,1,20261006,1,20261007,1,20261008,1,20261009,1,20261012,1,20261013,1,20261014,1,20261015,1,20261016,1,20261019,1,20261020,1,20261021,1,20261022,1,20261023,1,20261026,1,20261027,1,20261028,1,20261029,1,20261030,1,20261102,1,20261103,1,20261104,1,20261105,1,20261106,1,20261109,1,20261110,1,20261111,1,20261112,1,20261113,1,20261116,1,20261117,1,20261118,1,20261119,1,20261120,1,20261123,1,20261124,1,20261125,1,20261126,1,20261127,1,20261130,1,20261201,1,20261202,1,20261203,1,20261204,1,20261207,1,20261208,1,20261209,1,20261210,1,20261211,1,20261214,1,20261215,1,20261216,1,20261217,1,20261218,1,20261221,1,20261222,1,20261223,1,20261224,1,20261225,1,20261228,1,20261229,1,20261230,1,20261231,1,20270101,1,20270104,1,20270105,1,20270106,1,20270107,1,20270108,1,20270111,1,20270112,1,20270113,1,20270114,1,20270115,1,20270118,1,20270119,1,20270120,1,20270121,1,20270122,1,20270125,1,20270126,1,20270127,1,20270128,1,20270129,1,20270201,1,20270202,1,20270203,1,20270204,1,20270205,1,20270208,1,20270209,1,20270210,1,20270211,1,20270212,1,20270215,1,20270216,1,20270217,1,20270218,1,20270219,1,20270222,1,20270223,1,20270224,1,20270225,1,20270226,1,20270301,1,20270302,1,20270303,1,20270304,1,20270305,1,20270308,1,20270309,1,20270310,1,20270311,1,20270312,1,20270315,1,20270316,1,20270317,1,20270318,1,20270319,1,20270322,1,20270323,1,20270324,1,20270325,1,20270326,1,20270329,1,20270330,1,20270331,1,20270401,1,20270402,1,20270405,1,20270406,1,20270407,1,20270408,1,20270409,1,20270412,1,20270413,1,20270414,1,20270415,1,20270416,1,20270419,1,20270420,1,20270421,1,20270422,1,20270423,1,20270426,1,20270427,1,20270428,1,20270429,1,20270430,1,20270503,1,20270504,1,20270505,1,20270506,1,20270507,1,20270510,1,20270511,1,20270512,1,20270513,1,20270514,1,20270517,1,20270518,1,20270519,1,20270520,1,20270521,1,20270524,1,20270525,1,20270526,1,20270527,1,20270528,1,20270531,1,20270601,1,20270602,1,20270603,1,20270604,1,20270607,1,20270608,1,20270609,1,20270610,1,20270611,1,20270614,1,20270615,1,20270616,1,20270617,1,20270618,1,20270621,1,20270622,1,20270623,1,20270624,1,20270625,1,20270628,1,20270629,1,20270630,1,20270701,1,20270702,1,20270705,1,20270706,1,20270707,1,20270708,1,20270709,1,20270712,1,20270713,1,20270714,1,20270715,1,20270716,1,20270719,1,20270720,1,20270721,1,20270722,1,20270723,1,20270726,1,20270727,1,20270728,1,20270729,1,20270730,1,20270802,1,20270803,1,20270804,1,20270805,1,20270806,1,20270809,1,20270810,1,20270811,1,20270812,1,20270813,1,20270816,1,20270817,1,20270818,1,20270819,1,20270820,1,20270823,1,20270824,1,20270825,1,20270826,1,20270827,1,20270830,1,20270831,1,20270901,1,20270902,1,20270903,1,20270906,1,20270907,1,20270908,1,20270909,1,20270910,1,20270913,1,20270914,1,20270915,1,20270916,1,20270917,1,20270920,1,20270921,1,20270922,1,20270923,1,20270924,1
'1475672',20260924,1,20260925,1,20260928,1,20260929,1,20260930,1,20261001,1,20261002,1,20261005,1,20261006,1,20261007,1,20261008,1,20261009,1,20261012,1,20261013,1,20261014,1,20261015,1,20261016,1,20261019,1,20261020,1,20261021,1,20261022,1,20261023,1,20261026,1,20261027,1,20261028,1,20261029,1,20261030,1,20261102,1,20261103,1,20261104,1,20261105,1,20261106,1,20261109,1,20261110,1,20261111,1,20261112,1,20261113,1,20261116,1,20261117,1,20261118,1,20261119,1,20261120,1,20261123,1,20261124,1,20261125,1,20261126,1,20261127,1,20261130,1,20261201,1,20261202,1,20261203,1,20261204,1,20261207,1,20261208,1,20261209,1,20261210,1,20261211,1,20261214,1,20261215,1,20261216,1,20261217,1,20261218,1,20261221,1,20261222,1,20261223,1,20261224,1,20261225,1,20261228,1,20261229,1,20261230,1,20261231,1,20270101,1,20270104,1,20270105,1,20270106,1,20270107,1,20270108,1,20270111,1,20270112,1,20270113,1,20270114,1,20270115,1,20270118,1,20270119,1,20270120,1,20270121,1,20270122,1,20270125,1,20270126,1,20270127,1,20270128,1,20270129,1,20270201,1,20270202,1,20270203,1,20270204,1,20270205,1,20270208,1,20270209,1,20270210,1,20270211,1,20270212,1,20270215,1,20270216,1,20270217,1,20270218,1,20270219,1,20270222,1,20270223,1,20270224,1,20270225,1,20270226,1,20270301,1,20270302,1,20270303,1,20270304,1,20270305,1,20270308,1,20270309,1,20270310,1,20270311,1,20270312,1,20270315,1,20270316,1,20270317,1,20270318,1,20270319,1,20270322,1,20270323,1,20270324,1,20270325,1,20270326,1,20270329,1,20270330,1,20270331,1,20270401,1,20270402,1,20270405,1,20270406,1,20270407,1,20270408,1,20270409,1,20270412,1,20270413,1,20270414,1,20270415,1,20270416,1,20270419,1,20270420,1,20270421,1,20270422,1,20270423,1,20270426,1,20270427,1,20270428,1,20270429,1,20270430,1,20270503,1,20270504,1,20270505,1,20270506,1,20270507,1,20270510,1,20270511,1,20270512,1,20270513,1,20270514,1,20270517,1,20270518,1,20270519,1,20270520,1,20270521,1,20270524,1,20270525,1,20270526,1,20270527,1,20270528,1,20270531,1,20270601,1,20270602,1,20270603,1,20270604,1,20270607,1,20270608,1,20270609,1,20270610,1,20270611,1,20270614,1,20270615,1,20270616,1,20270617,1,20270618,1,20270621,1,20270622,1,20270623,1,20270624,1,20270625,1,20270628,1,20270629,1,20270630,1,20270701,1,20270702,1,20270705,1,20270706,1,20270707,1,20270708,1,20270709,1,20270712,1,20270713,1,20270714,1,20270715,1,20270716,1,20270719,1,20270720,1,20270721,1,20270722,1,20270723,1,20270726,1,20270727,1,20270728,1,20270729,1,20270730,1,20270802,1,20270803,1,20270804,1,20270805,1,20270806,1,20270809,1,20270810,1,20270811,1,20270812,1,20270813,1,20270816,1,20270817,1,20270818,1,20270819,1,20270820,1,20270823,1,20270824,1,20270825,1,20270826,1,20270827,1,20270830,1,20270831,1,20270901,1,20270902,1,20270903,1,20270906,1,20270907,1,20270908,1,20270909,1,20270910,1,20270913,1,20270914,1,20270915,1,20270916,1,20270917,1,20270920,1,20270921,1,20270922,1,20270923,1,20270924,1
'1475673',20260924,1,20260925,1,20260928,1,20260929,1,20260930,1,20261001,1,20261002,1,20261005,1,20261006,1,20261007,1,20261008,1,20261009,1,20261012,1,20261013,1,20261014,1,20261015,1,20261016,1,20261019,1,20261020,1,20261021,1,20261022,1,20261023,1,20261026,1,20261027,1,20261028,1,20261029,1,20261030,1,20261102,1,20261103,1,20261104,1,20261105,1,20261106,1,20261109,1,20261110,1,20261111,1,20261112,1,20261113,1,20261116,1,20261117,1,20261118,1,20261119,1,20261120,1,20261123,1,20261124,1,20261125,1,20261126,1,20261127,1,20261130,1,20261201,1,20261202,1,20261203,1,20261204,1,20261207,1,20261208,1,20261209,1,20261210,1,20261211,1,20261214,1,20261215,1,20261216,1,20261217,1,20261218,1,20261221,1,20261222,1,20261223,1,20261224,1,20261225,1,20261228,1,20261229,1,20261230,1,20261231,1,20270101,1,20270104,1,20270105,1,20270106,1,20270107,1,20270108,1,20270111,1,20270112,1,20270113,1,20270114,1,20270115,1,20270118,1,20270119,1,20270120,1,20270121,1,20270122,1,20270125,1,20270126,1,20270127,1,20270128,1,20270129,1,20270201,1,20270202,1,20270203,1,20270204,1,20270205,1,20270208,1,20270209,1,20270210,1,20270211,1,20270212,1,20270215,1,20270216,1,20270217,1,20270218,1,20270219,1,20270222,1,20270223,1,20270224,1,20270225,1,20270226,1,20270301,1,20270302,1,20270303,1,20270304,1,20270305,1,20270308,1,20270309,1,20270310,1,20270311,1,20270312,1,20270315,1,20270316,1,20270317,1,20270318,1,20270319,1,20270322,1,20270323,1,20270324,1,20270325,1,20270326,1,20270329,1,20270330,1,20270331,1,20270401,1,20270402,1,20270405,1,20270406,1,20270407,1,20270408,1,20270409,1,20270412,1,20270413,1,20270414,1,20270415,1,20270416,1,20270419,1,20270420,1,20270421,1,20270422,1,20270423,1,20270426,1,20270427,1,20270428,1,20270429,1,20270430,1,20270503,1,20270504,1,20270505,1,20270506,1,20270507,1,20270510,1,20270511,1,20270512,1,20270513,1,20270514,1,20270517,1,20270518,1,20270519,1,20270520,1,20270521,1,20270524,1,20270525,1,20270526,1,20270527,1,20270528,1,20270531,1,20270601,1,20270602,1,20270603,1,20270604,1,20270607,1,20270608,1,20270609,1,20270610,1,20270611,1,20270614,1,20270615,1,20270616,1,20270617,1,20270618,1,20270621,1,20270622,1,20270623,1,20270624,1,20270625,1,20270628,1,20270629,1,20270630,1,20270701,1,20270702,1,20270705,1,20270706,1,20270707,1,20270708,1,20270709,1,20270712,1,20270713,1,20270714,1,20270715,1,20270716,1,20270719,1,20270720,1,20270721,1,20270722,1,20270723,1,20270726,1,20270727,1,20270728,1,20270729,1,20270730,1,20270802,1,20270803,1,20270804,1,20270805,1,20270806,1,20270809,1,20270810,1,20270811,1,20270812,1,20270813,1,20270816,1,20270817,1,20270818,1,20270819,1,20270820,1,20270823,1,20270824,1,20270825,1,20270826,1,20270827,1,20270830,1,20270831,1,20270901,1,20270902,1,20270903,1,20270906,1,20270907,1,20270908,1,20270909,1,20270910,1,20270913,1,20270914,1,20270915,1,20270916,1,20270917,1,20270920,1,20270921,1,20270922,1,20270923,1,20270924,1
'1475674',20260924,1,20260925,1,20260928,1,20260929,1,20260930,1,20261001,1,20261002,1,20261005,1,20261006,1,20261007,1,20261008,1,20261009,1,20261012,1,20261013,1,20261014,1,20261015,1,20261016,1,20261019,1,20261020,1,20261021,1,20261022,1,20261023,1,20261026,1,20261027,1,20261028,1,20261029,1,20261030,1,20261102,1,20261103,1,20261104,1,20261105,1,20261106,1,20261109,1,20261110,1,20261111,1,20261112,1,20261113,1,20261116,1,20261117,1,20261118,1,20261119,1,20261120,1,20261123,1,20261124,1,20261125,1,20261126,1,20261127,1,20261130,1,20261201,1,20261202,1,20261203,1,20261204,1,20261207,1,20261208,1,20261209,1,20261210,1,20261211,1,20261214,1,20261215,1,20261216,1,20261217,1,20261218,1,20261221,1,20261222,1,20261223,1,20261224,1,20261225,1,20261228,1,20261229,1,20261230,1,20261231,1,20270101,1,20270104,1,20270105,1,20270106,1,20270107,1,20270108,1,20270111,1,20270112,1,20270113,1,20270114,1,20270115,1,20270118,1,20270119,1,20270120,1,20270121,1,20270122,1,20270125,1,20270126,1,20270127,1,20270128,1,20270129,1,20270201,1,20270202,1,20270203,1,20270204,1,20270205,1,20270208,1,20270209,1,20270210,1,20270211,1,20270212,1,20270215,1,20270216,1,20270217,1,20270218,1,20270219,1,20270222,1,20270223,1,20270224,1,20270225,1,20270226,1,20270301,1,20270302,1,20270303,1,20270304,1,20270305,1,20270308,1,20270309,1,20270310,1,20270311,1,20270312,1,20270315,1,20270316,1,20270317,1,20270318,1,20270319,1,20270322,1,20270323,1,20270324,1,20270325,1,20270326,1,20270329,1,20270330,1,20270331,1,20270401,1,20270402,1,20270405,1,20270406,1,20270407,1,20270408,1,20270409,1,20270412,1,20270413,1,20270414,1,20270415,1,20270416,1,20270419,1,20270420,1,20270421,1,20270422,1,20270423,1,20270426,1,20270427,1,20270428,1,20270429,1,20270430,1,20270503,1,20270504,1,20270505,1,20270506,1,20270507,1,20270510,1,20270511,1,20270512,1,20270513,1,20270514,1,20270517,1,20270518,1,20270519,1,20270520,1,20270521,1,20270524,1,20270525,1,20270526,1,20270527,1,20270528,1,20270531,1,20270601,1,20270602,1,20270603,1,20270604,1,20270607,1,20270608,1,20270609,1,20270610,1,20270611,1,20270614,1,20270615,1,20270616,1,20270617,1,20270618,1,20270621,1,20270622,1,20270623,1,20270624,1,20270625,1,20270628,1,20270629,1,20270630,1,20270701,1,20270702,1,20270705,1,20270706,1,20270707,1,20270708,1,20270709,1,20270712,1,20270713,1,20270714,1,20270715,1,20270716,1,20270719,1,20270720,1,20270721,1,20270722,1,20270723,1,20270726,1,20270727,1,20270728,1,20270729,1,20270730,1,20270802,1,20270803,1,20270804,1,20270805,1,20270806,1,20270809,1,20270810,1,20270811,1,20270812,1,20270813,1,20270816,1,20270817,1,20270818,1,20270819,1,20270820,1,20270823,1,20270824,1,20270825,1,20270826,1,20270827,1,20270830,1,20270831,1,20270901,1,20270902,1,20270903,1,20270906,1,20270907,1,20270908,1,20270909,1,20270910,1,20270913,1,20270914,1,20270915,1,20270916,1,20270917,1,20270920,1,20270921,1,20270922,1,20270923,1,20270924,1
'1475675',20260924,1,20260925,1,20260928,1,20260929,1,20260930,1,20261001,1,20261002,1,20261005,1,20261006,1,20261007,1,20261008,1,20261009,1,20261012,1,20261013,1,20261014,1,20261015,1,20261016,1,20261019,1,20261020,1,20261021,1,20261022,1,20261023,1,20261026,1,20261027,1,20261028,1,20261029,1,20261030,1,20261102,1,20261103,1,20261104,1,20261105,1,20261106,1,20261109,1,20261110,1,20261111,1,20261112,1,20261113,1,20261116,1,20261117,1,20261118,1,20261119,1,20261120,1,20261123,1,20261124,1,20261125,1,20261126,1,20261127,1,20261130,1,20261201,1,20261202,1,20261203,1,20261204,1,20261207,1,20261208,1,20261209,1,20261210,1,20261211,1,20261214,1,20261215,1,20261216,1,20261217,1,20261218,1,20261221,1,20261222,1,20261223,1,20261224,1,20261225,1,20261228,1,20261229,1,20261230,1,20261231,1,20270101,1,20270104,1,20270105,1,20270106,1,20270107,1,20270108,1,20270111,1,20270112,1,20270113,1,20270114,1,20270115,1,20270118,1,20270119,1,20270120,1,20270121,1,20270122,1,20270125,1,20270126,1,20270127,1,20270128,1,20270129,1,20270201,1,20270202,1,20270203,1,20270204,1,20270205,1,20270208,1,20270209,1,20270210,1,20270211,1,20270212,1,20270215,1,20270216,1,20270217,1,20270218,1,20270219,1,20270222,1,20270223,1,20270224,1,20270225,1,20270226,1,20270301,1,20270302,1,20270303,1,20270304,1,20270305,1,20270308,1,20270309,1,20270310,1,20270311,1,20270312,1,20270315,1,20270316,1,20270317,1,20270318,1,20270319,1,20270322,1,20270323,1,20270324,1,20270325,1,20270326,1,20270329,1,20270330,1,20270331,1,20270401,1,20270402,1,20270405,1,20270406,1,20270407,1,20270408,1,20270409,1,20270412,1,20270413,1,20270414,1,20270415,1,20270416,1,20270419,1,20270420,1,20270421,1,20270422,1,20270423,1,20270426,1,20270427,1,20270428,1,20270429,1,20270430,1,20270503,1,20270504,1,20270505,1,20270506,1,20270507,1,20270510,1,20270511,1,20270512,1,20270513,1,20270514,1,20270517,1,20270518,1,20270519,1,20270520,1,20270521,1,20270524,1,20270525,1,20270526,1,20270527,1,20270528,1,20270531,1,20270601,1,20270602,1,20270603,1,20270604,1,20270607,1,20270608,1,20270609,1,20270610,1,20270611,1,20270614,1,20270615,1,20270616,1,20270617,1,20270618,1,20270621,1,20270622,1,20270623,1,20270624,1,20270625,1,20270628,1,20270629,1,20270630,1,20270701,1,20270702,1,20270705,1,20270706,1,20270707,1,20270708,1,20270709,1,20270712,1,20270713,1,20270714,1,20270715,1,20270716,1,20270719,1,20270720,1,20270721,1,20270722,1,20270723,1,20270726,1,20270727,1,20270728,1,20270729,1,20270730,1,20270802,1,20270803,1,20270804,1,20270805,1,20270806,1,20270809,1,20270810,1,20270811,1,20270812,1,20270813,1,20270816,1,20270817,1,20270818,1,20270819,1,20270820,1,20270823,1,20270824,1,20270825,1,20270826,1,20270827,1,20270830,1,20270831,1,20270901,1,20270902,1,20270903,1,20270906,1,20270907,1,20270908,1,20270909,1,20270910,1,20270913,1,20270914,1,20270915,1,20270916,1,20270917,1,20270920,1,20270921,1,20270922,1,20270923,1,20270924,1
'1475676',20260924,1,20260925,1,20260928,1,20260929,1,20260930,1,20261001,1,20261002,1,20261005,1,20261006,1,20261007,1,20261008,1,20261009,1,20261012,1,20261013,1,20261014,1,20261015,1,20261016,1,20261019,1,20261020,1,20261021,1,20261022,1,20261023,1,20261026,1,20261027,1,20261028,1,20261029,1,20261030,1,20261102,1,20261103,1,20261104,1,20261105,1,20261106,1,20261109,1,20261110,1,20261111,1,20261112,1,20261113,1,20261116,1,20261117,1,20261118,1,20261119,1,20261120,1,20261123,1,20261124,1,20261125,1,20261126,1,20261127,1,20261130,1,20261201,1,20261202,1,20261203,1,20261204,1,20261207,1,20261208,1,20261209,1,20261210,1,20261211,1,20261214,1,20261215,1,20261216,1,20261217,1,20261218,1,20261221,1,20261222,1,20261223,1,20261224,1,20261225,1,20261228,1,20261229,1,20261230,1,20261231,1,20270101,1,20270104,1,20270105,1,20270106,1,20270107,1,20270108,1,20270111,1,20270112,1,20270113,1,20270114,1,20270115,1,20270118,1,20270119,1,20270120,1,20270121,1,20270122,1,20270125,1,20270126,1,20270127,1,20270128,1,20270129,1,20270201,1,20270202,1,20270203,1,20270204,1,20270205,1,20270208,1,20270209,1,20270210,1,20270211,1,20270212,1,20270215,1,20270216,1,20270217,1,20270218,1,20270219,1,20270222,1,20270223,1,20270224,1,20270225,1,20270226,1,20270301,1,20270302,1,20270303,1,20270304,1,20270305,1,20270308,1,20270309,1,20270310,1,20270311,1,20270312,1,20270315,1,20270316,1,20270317,1,20270318,1,20270319,1,20270322,1,20270323,1,20270324,1,20270325,1,20270326,1,20270329,1,20270330,1,20270331,1,20270401,1,20270402,1,20270405,1,20270406,1,20270407,1,20270408,1,20270409,1,20270412,1,20270413,1,20270414,1,20270415,1,20270416,1,20270419,1,20270420,1,20270421,1,20270422,1,20270423,1,20270426,1,20270427,1,20270428,1,20270429,1,20270430,1,20270503,1,20270504,1,20270505,1,20270506,1,20270507,1,20270510,1,20270511,1,20270512,1,20270513,1,20270514,1,20270517,1,20270518,1,20270519,1,20270520,1,20270521,1,20270524,1,20270525,1,20270526,1,20270527,1,20270528,1,20270531,1,20270601,1,20270602,1,20270603,1,20270604,1,20270607,1,20270608,1,20270609,1,20270610,1,20270611,1,20270614,1,20270615,1,20270616,1,20270617,1,20270618,1,20270621,1,20270622,1,20270623,1,20270624,1,20270625,1,20270628,1,20270629,1,20270630,1,20270701,1,20270702,1,20270705,1,20270706,1,20270707,1,20270708,1,20270709,1,20270712,1,20270713,1,20270714,1,20270715,1,20270716,1,20270719,1,20270720,1,20270721,1,20270722,1,20270723,1,20270726,1,20270727,1,20270728,1,20270729,1,20270730,1,20270802,1,20270803,1,20270804,1,20270805,1,20270806,1,20270809,1,20270810,1,20270811,1,20270812,1,20270813,1,20270816,1,20270817,1,20270818,1,20270819,1,20270820,1,20270823,1,20270824,1,20270825,1,20270826,1,20270827,1,20270830,1,20270831,1,20270901,1,20270902,1,20270903,1,20270906,1,20270907,1,20270908,1,20270909,1,20270910,1,20270913,1,20270914,1,20270915,1,20270916,1,20270917,1,20270920,1,20270921,1,20270922,1,20270923,1,20270924,1
'1475677',20260924,1,20260925,1,20260928,1,20260929,1,20260930,1,20261001,1,20261002,1,20261005,1,20261006,1,20261007,1,20261008,1,20261009,1,20261012,1,20261013,1,20261014,1,20261015,1,20261016,1,20261019,1,20261020,1,20261021,1,20261022,1,20261023,1,20261026,1,20261027,1,20261028,1,20261029,1,20261030,1,20261102,1,20261103,1,20261104,1,20261105,1,20261106,1,20261109,1,20261110,1,20261111,1,20261112,1,20261113,1,20261116,1,20261117,1,20261118,1,20261119,1,20261120,1,20261123,1,20261124,1,20261125,1,20261126,1,20261127,1,20261130,1,20261201,1,20261202,1,20261203,1,20261204,1,20261207,1,20261208,1,20261209,1,20261210,1,20261211,1,20261214,1,20261215,1,20261216,1,20261217,1,20261218,1,20261221,1,20261222,1,20261223,1,20261224,1,20261225,1,20261228,1,20261229,1,20261230,1,20261231,1,20270101,1,20270104,1,20270105,1,20270106,1,20270107,1,20270108,1,20270111,1,20270112,1,20270113,1,20270114,1,20270115,1,20270118,1,20270119,1,20270120,1,20270121,1,20270122,1,20270125,1,20270126,1,20270127,1,20270128,1,20270129,1,20270201,1,20270202,1,20270203,1,20270204,1,20270205,1,20270208,1,20270209,1,20270210,1,20270211,1,20270212,1,20270215,1,20270216,1,20270217,1,20270218,1,20270219,1,20270222,1,20270223,1,20270224,1,20270225,1,20270226,1,20270301,1,20270302,1,20270303,1,20270304,1,20270305,1,20270308,1,20270309,1,20270310,1,20270311,1,20270312,1,20270315,1,20270316,1,20270317,1,20270318,1,20270319,1,20270322,1,20270323,1,20270324,1,20270325,1,20270326,1,20270329,1,20270330,1,20270331,1,20270401,1,20270402,1,20270405,1,20270406,1,20270407,1,20270408,1,20270409,1,20270412,1,20270413,1,20270414,1,20270415,1,20270416,1,20270419,1,20270420,1,20270421,1,20270422,1,20270423,1,20270426,1,20270427,1,20270428,1,20270429,1,20270430,1,20270503,1,20270504,1,20270505,1,20270506,1,20270507,1,20270510,1,20270511,1,20270512,1,20270513,1,20270514,1,20270517,1,20270518,1,20270519,1,20270520,1,20270521,1,20270524,1,20270525,1,20270526,1,20270527,1,20270528,1,20270531,1,20270601,1,20270602,1,20270603,1,20270604,1,20270607,1,20270608,1,20270609,1,20270610,1,20270611,1,20270614,1,20270615,1,20270616,1,20270617,1,20270618,1,20270621,1,20270622,1,20270623,1,20270624,1,20270625,1,20270628,1,20270629,1,20270630,1,20270701,1,20270702,1,20270705,1,20270706,1,20270707,1,20270708,1,20270709,1,20270712,1,20270713,1,20270714,1,20270715,1,20270716,1,20270719,1,20270720,1,20270721,1,20270722,1,20270723,1,20270726,1,20270727,1,20270728,1,20270729,1,20270730,1,20270802,1,20270803,1,20270804,1,20270805,1,20270806,1,20270809,1,20270810,1,20270811,1,20270812,1,20270813,1,20270816,1,20270817,1,20270818,1,20270819,1,20270820,1,20270823,1,20270824,1,20270825,1,20270826,1,20270827,1,20270830,1,20270831,1,20270901,1,20270902,1,20270903,1,20270906,1,20270907,1,20270908,1,20270909,1,20270910,1,20270913,1,20270914,1,20270915,1,20270916,1,20270917,1,20270920,1,20270921,1,20270922,1,20270923,1,20270924,1
'1475678',20260924,1,20260925,1,20260928,1,20260929,1,20260930,1,20261001,1,20261002,1,20261005,1,20261006,1,20261007,1,20261008,1,20261009,1,20261012,1,20261013,1,20261014,1,20261015,1,20261016,1,20261019,1,20261020,1,20261021,1,20261022,1,20261023,1,20261026,1,20261027,1,20261028,1,20261029,1,20261030,1,20261102,1,20261103,1,20261104,1,20261105,1,20261106,1,20261109,1,20261110,1,20261111,1,20261112,1,20261113,1,20261116,1,20261117,1,20261118,1,20261119,1,20261120,1,20261123,1,20261124,1,20261125,1,20261126,1,20261127,1,20261130,1,20261201,1,20261202,1,20261203,1,20261204,1,20261207,1,20261208,1,20261209,1,20261210,1,20261211,1,20261214,1,20261215,1,20261216,1,20261217,1,20261218,1,20261221,1,20261222,1,20261223,1,20261224,1,20261225,1,20261228,1,20261229,1,20261230,1,20261231,1,20270101,1,20270104,1,20270105,1,20270106,1,20270107,1,20270108,1,20270111,1,20270112,1,20270113,1,20270114,1,20270115,1,20270118,1,20270119,1,20270120,1,20270121,1,20270122,1,20270125,1,20270126,1,20270127,1,20270128,1,20270129,1,20270201,1,20270202,1,20270203,1,20270204,1,20270205,1,20270208,1,20270209,1,20270210,1,20270211,1,20270212,1,20270215,1,20270216,1,20270217,1,20270218,1,20270219,1,20270222,1,20270223,1,20270224,1,20270225,1,20270226,1,20270301,1,20270302,1,20270303,1,20270304,1,20270305,1,20270308,1,20270309,1,20270310,1,20270311,1,20270312,1,20270315,1,20270316,1,20270317,1,20270318,1,20270319,1,20270322,1,20270323,1,20270324,1,20270325,1,20270326,1,20270329,1,20270330,1,20270331,1,20270401,1,20270402,1,20270405,1,20270406,1,20270407,1,20270408,1,20270409,1,20270412,1,20270413,1,20270414,1,20270415,1,20270416,1,20270419,1,20270420,1,20270421,1,20270422,1,20270423,1,20270426,1,20270427,1,20270428,1,20270429,1,20270430,1,20270503,1,20270504,1,20270505,1,20270506,1,20270507,1,20270510,1,20270511,1,20270512,1,20270513,1,20270514,1,20270517,1,20270518,1,20270519,1,20270520,1,20270521,1,20270524,1,20270525,1,20270526,1,20270527,1,20270528,1,20270531,1,20270601,1,20270602,1,20270603,1,20270604,1,20270607,1,20270608,1,20270609,1,20270610,1,20270611,1,20270614,1,20270615,1,20270616,1,20270617,1,20270618,1,20270621,1,20270622,1,20270623,1,20270624,1,20270625,1,20270628,1,20270629,1,20270630,1,20270701,1,20270702,1,20270705,1,20270706,1,20270707,1,20270708,1,20270709,1,20270712,1,20270713,1,20270714,1,20270715,1,20270716,1,20270719,1,20270720,1,20270721,1,20270722,1,20270723,1,20270726,1,20270727,1,20270728,1,20270729,1,20270730,1,20270802,1,20270803,1,20270804,1,20270805,1,20270806,1,20270809,1,20270810,1,20270811,1,20270812,1,20270813,1,20270816,1,20270817,1,20270818,1,20270819,1,20270820,1,20270823,1,20270824,1,20270825,1,20270826,1,20270827,1,20270830,1,20270831,1,20270901,1,20270902,1,20270903,1,20270906,1,20270907,1,20270908,1,20270909,1,20270910,1,20270913,1,20270914,1,20270915,1,20270916,1,20270917,1,20270920,1,20270921,1,20270922,1,20270923,1,20270924,1
'1475679',20260924,1,20260925,1,20260928,1,20260929,1,20260930,1,20261001,1,20261002,1,20261005,1,20261006,1,20261007,1,20261008,1,20261009,1,20261012,1,20261013,1,20261014,1,20261015,1,20261016,1,20261019,1,20261020,1,20261021,1,20261022,1,20261023,1,20261026,1,20261027,1,20261028,1,20261029,1,20261030,1,20261102,1,20261103,1,20261104,1,20261105,1,20261106,1,20261109,1,20261110,1,20261111,1,20261112,1,20261113,1,20261116,1,20261117,1,20261118,1,20261119,1,20261120,1,20261123,1,20261124,1,20261125,1,20261126,1,20261127,1,20261130,1,20261201,1,20261202,1,20261203,1,20261204,1,20261207,1,20261208,1,20261209,1,20261210,1,20261211,1,20261214,1,20261215,1,20261216,1,20261217,1,20261218,1,20261221,1,20261222,1,20261223,1,20261224,1,20261225,1,20261228,1,20261229,1,20261230,1,20261231,1,20270101,1,20270104,1,20270105,1,20270106,1,20270107,1,20270108,1,20270111,1,20270112,1,20270113,1,20270114,1,20270115,1,20270118,1,20270119,1,20270120,1,20270121,1,20270122,1,20270125,1,20270126,1,20270127,1,20270128,1,20270129,1,20270201,1,20270202,1,20270203,1,20270204,1,20270205,1,20270208,1,20270209,1,20270210,1,20270211,1,20270212,1,20270215,1,20270216,1,20270217,1,20270218,1,20270219,1,20270222,1,20270223,1,20270224,1,20270225,1,20270226,1,20270301,1,20270302,1,20270303,1,20270304,1,20270305,1,20270308,1,20270309,1,20270310,1,20270311,1,20270312,1,20270315,1,20270316,1,20270317,1,20270318,1,20270319,1,20270322,1,20270323,1,20270324,1,20270325,1,20270326,1,20270329,1,20270330,1,20270331,1,20270401,1,20270402,1,20270405,1,20270406,1,20270407,1,20270408,1,20270409,1,20270412,1,20270413,1,20270414,1,20270415,1,20270416,1,20270419,1,20270420,1,20270421,1,20270422,1,20270423,1,20270426,1,20270427,1,20270428,1,20270429,1,20270430,1,20270503,1,20270504,1,20270505,1,20270506,1,20270507,1,20270510,1,20270511,1,20270512,1,20270513,1,20270514,1,20270517,1,20270518,1,20270519,1,20270520,1,20270521,1,20270524,1,20270525,1,20270526,1,20270527,1,20270528,1,20270531,1,20270601,1,20270602,1,20270603,1,20270604,1,20270607,1,20270608,1,20270609,1,20270610,1,20270611,1,20270614,1,20270615,1,20270616,1,20270617,1,20270618,1,20270621,1,20270622,1,20270623,1,20270624,1,20270625,1,20270628,1,20270629,1,20270630,1,20270701,1,20270702,1,20270705,1,20270706,1,20270707,1,20270708,1,20270709,1,20270712,1,20270713,1,20270714,1,20270715,1,20270716,1,20270719,1,20270720,1,20270721,1,20270722,1,20270723,1,20270726,1,20270727,1,20270728,1,20270729,1,20270730,1,20270802,1,20270803,1,20270804,1,20270805,1,20270806,1,20270809,1,20270810,1,20270811,1,20270812,1,20270813,1,20270816,1,20270817,1,20270818,1,20270819,1,20270820,1,20270823,1,20270824,1,20270825,1,20270826,1,20270827,1,20270830,1,20270831,1,20270901,1,20270902,1,20270903,1,20270906,1,20270907,1,20270908,1,20270909,1,20270910,1,20270913,1,20270914,1,20270915,1,20270916,1,20270917,1,20270920,1,20270921,1,20270922,1,20270923,1,20270924,1
'1475680',20260924,1,20260925,1,20260928,1,20260929,1,20260930,1,20261001,1,20261002,1,20261005,1,20261006,1,20261007,1,20261008,1,20261009,1,20261012,1,20261013,1,20261014,1,20261015,1,20261016,1,20261019,1,20261020,1,20261021,1,20261022,1,20261023,1,20261026,1,20261027,1,20261028,1,20261029,1,20261030,1,20261102,1,20261103,1,20261104,1,20261105,1,20261106,1,20261109,1,20261110,1,20261111,1,20261112,1,20261113,1,20261116,1,20261117,1,20261118,1,20261119,1,20261120,1,20261123,1,20261124,1,20261125,1,20261126,1,20261127,1,20261130,1,20261201,1,20261202,1,20261203,1,20261204,1,20261207,1,20261208,1,20261209,1,20261210,1,20261211,1,20261214,1,20261215,1,20261216,1,20261217,1,20261218,1,20261221,1,20261222,1,20261223,1,20261224,1,20261225,1,20261228,1,20261229,1,20261230,1,20261231,1,20270101,1,20270104,1,20270105,1,20270106,1,20270107,1,20270108,1,20270111,1,20270112,1,20270113,1,20270114,1,20270115,1,20270118,1,20270119,1,20270120,1,20270121,1,20270122,1,20270125,1,20270126,1,20270127,1,20270128,1,20270129,1,20270201,1,20270202,1,20270203,1,20270204,1,20270205,1,20270208,1,20270209,1,20270210,1,20270211,1,20270212,1,20270215,1,20270216,1,20270217,1,20270218,1,20270219,1,20270222,1,20270223,1,20270224,1,20270225,1,20270226,1,20270301,1,20270302,1,20270303,1,20270304,1,20270305,1,20270308,1,20270309,1,20270310,1,20270311,1,20270312,1,20270315,1,20270316,1,20270317,1,20270318,1,20270319,1,20270322,1,20270323,1,20270324,1,20270325,1,20270326,1,20270329,1,20270330,1,20270331,1,20270401,1,20270402,1,20270405,1,20270406,1,20270407,1,20270408,1,20270409,1,20270412,1,20270413,1,20270414,1,20270415,1,20270416,1,20270419,1,20270420,1,20270421,1,20270422,1,20270423,1,20270426,1,20270427,1,20270428,1,20270429,1,20270430,1,20270503,1,20270504,1,20270505,1,20270506,1,20270507,1,20270510,1,20270511,1,20270512,1,20270513,1,20270514,1,20270517,1,20270518,1,20270519,1,20270520,1,20270521,1,20270524,1,20270525,1,20270526,1,20270527,1,20270528,1,20270531,1,20270601,1,20270602,1,20270603,1,20270604,1,20270607,1,20270608,1,20270609,1,20270610,1,20270611,1,20270614,1,20270615,1,20270616,1,20270617,1,20270618,1,20270621,1,20270622,1,20270623,1,20270624,1,20270625,1,20270628,1,20270629,1,20270630,1,20270701,1,20270702,1,20270705,1,20270706,1,20270707,1,20270708,1,20270709,1,20270712,1,20270713,1,20270714,1,20270715,1,20270716,1,20270719,1,20270720,1,20270721,1,20270722,1,20270723,1,20270726,1,20270727,1,20270728,1,20270729,1,20270730,1,20270802,1,20270803,1,20270804,1,20270805,1,20270806,1,20270809,1,20270810,1,20270811,1,20270812,1,20270813,1,20270816,1,20270817,1,20270818,1,20270819,1,20270820,1,20270823,1,20270824,1,20270825,1,20270826,1,20270827,1,20270830,1,20270831,1,20270901,1,20270902,1,20270903,1,20270906,1,20270907,1,20270908,1,20270909,1,20270910,1,20270913,1,20270914,1,20270915,1,20270916,1,20270917,1,20270920,1,20270921,1,20270922,1,20270923,1,20270924,1
'1475681',20260924,1,20260925,1,20260928,1,20260929,1,20260930,1,20261001,1,20261002,1,20261005,1,20261006,1,20261007,1,20261008,1,20261009,1,20261012,1,20261013,1,20261014,1,20261015,1,20261016,1,20261019,1,20261020,1,20261021,1,20261022,1,20261023,1,20261026,1,20261027,1,20261028,1,20261029,1,20261030,1,20261102,1,20261103,1,20261104,1,20261105,1,20261106,1,20261109,1,20261110,1,20261111,1,20261112,1,20261113,1,20261116,1,20261117,1,20261118,1,20261119,1,20261120,1,20261123,1,20261124,1,20261125,1,20261126,1,20261127,1,20261130,1,20261201,1,20261202,1,20261203,1,20261204,1,20261207,1,20261208,1,20261209,1,20261210,1,20261211,1,20261214,1,20261215,1,20261216,1,20261217,1,20261218,1,20261221,1,20261222,1,20261223,1,20261224,1,20261225,1,20261228,1,20261229,1,20261230,1,20261231,1,20270101,1,20270104,1,20270105,1,20270106,1,20270107,1,20270108,1,20270111,1,20270112,1,20270113,1,20270114,1,20270115,1,20270118,1,20270119,1,20270120,1,20270121,1,20270122,1,20270125,1,20270126,1,20270127,1,20270128,1,20270129,1,20270201,1,20270202,1,20270203,1,20270204,1,20270205,1,20270208,1,20270209,1,20270210,1,20270211,1,20270212,1,20270215,1,20270216,1,20270217,1,20270218,1,20270219,1,20270222,1,20270223,1,20270224,1,20270225,1,20270226,1,20270301,1,20270302,1,20270303,1,20270304,1,20270305,1,20270308,1,20270309,1,20270310,1,20270311,1,20270312,1,20270315,1,20270316,1,20270317,1,20270318,1,20270319,1,20270322,1,20270323,1,20270324,1,20270325,1,20270326,1,20270329,1,20270330,1,20270331,1,20270401,1,20270402,1,20270405,1,20270406,1,20270407,1,20270408,1,20270409,1,20270412,1,20270413,1,20270414,1,20270415,1,20270416,1,20270419,1,20270420,1,20270421,1,20270422,1,20270423,1,20270426,1,20270427,1,20270428,1,20270429,1,20270430,1,20270503,1,20270504,1,20270505,1,20270506,1,20270507,1,20270510,1,20270511,1,20270512,1,20270513,1,20270514,1,20270517,1,20270518,1,20270519,1,20270520,1,20270521,1,20270524,1,20270525,1,20270526,1,20270527,1,20270528,1,20270531,1,20270601,1,20270602,1,20270603,1,20270604,1,20270607,1,20270608,1,20270609,1,20270610,1,20270611,1,20270614,1,20270615,1,20270616,1,20270617,1,20270618,1,20270621,1,20270622,1,20270623,1,20270624,1,20270625,1,20270628,1,20270629,1,20270630,1,20270701,1,20270702,1,20270705,1,20270706,1,20270707,1,20270708,1,20270709,1,20270712,1,20270713,1,20270714,1,20270715,1,20270716,1,20270719,1,20270720,1,20270721,1,20270722,1,20270723,1,20270726,1,20270727,1,20270728,1,20270729,1,20270730,1,20270802,1,20270803,1,20270804,1,20270805,1,20270806,1,20270809,1,20270810,1,20270811,1,20270812,1,20270813,1,20270816,1,20270817,1,20270818,1,20270819,1,20270820,1,20270823,1,20270824,1,20270825,1,20270826,1,20270827,1,20270830,1,20270831,1,20270901,1,20270902,1,20270903,1,20270906,1,20270907,1,20270908,1,20270909,1,20270910,1,20270913,1,20270914,1,20270915,1,20270916,1,20270917,1,20270920,1,20270921,1,20270922,1,20270923,1,20270924,1
'1475682',20260924,1,20260925,1,20260928,1,20260929,1,20260930,1,20261001,1,20261002,1,20261005,1,20261006,1,20261007,1,20261008,1,20261009,1,20261012,1,20261013,1,20261014,1,20261015,1,20261016,1,20261019,1,20261020,1,20261021,1,20261022,1,20261023,1,20261026,1,20261027,1,20261028,1,20261029,1,20261030,1,20261102,1,20261103,1,20261104,1,20261105,1,20261106,1,20261109,1,20261110,1,20261111,1,20261112,1,20261113,1,20261116,1,20261117,1,20261118,1,20261119,1,20261120,1,20261123,1,20261124,1,20261125,1,20261126,1,20261127,1,20261130,1,20261201,1,20261202,1,20261203,1,20261204,1,20261207,1,20261208,1,20261209,1,20261210,1,20261211,1,20261214,1,20261215,1,20261216,1,20261217,1,20261218,1,20261221,1,20261222,1,20261223,1,20261224,1,20261225,1,20261228,1,20261229,1,20261230,1,20261231,1,20270101,1,20270104,1,20270105,1,20270106,1,20270107,1,20270108,1,20270111,1,20270112,1,20270113,1,20270114,1,20270115,1,20270118,1,20270119,1,20270120,1,20270121,1,20270122,1,20270125,1,20270126,1,20270127,1,20270128,1,20270129,1,20270201,1,20270202,1,20270203,1,20270204,1,20270205,1,20270208,1,20270209,1,20270210,1,20270211,1,20270212,1,20270215,1,20270216,1,20270217,1,20270218,1,20270219,1,20270222,1,20270223,1,20270224,1,20270225,1,20270226,1,20270301,1,20270302,1,20270303,1,20270304,1,20270305,1,20270308,1,20270309,1,20270310,1,20270311,1,20270312,1,20270315,1,20270316,1,20270317,1,20270318,1,20270319,1,20270322,1,20270323,1,20270324,1,20270325,1,20270326,1,20270329,1,20270330,1,20270331,1,20270401,1,20270402,1,20270405,1,20270406,1,20270407,1,20270408,1,20270409,1,20270412,1,20270413,1,20270414,1,20270415,1,20270416,1,20270419,1,20270420,1,20270421,1,20270422,1,20270423,1,20270426,1,20270427,1,20270428,1,20270429,1,20270430,1,20270503,1,20270504,1,20270505,1,20270506,1,20270507,1,20270510,1,20270511,1,20270512,1,20270513,1,20270514,1,20270517,1,20270518,1,20270519,1,20270520,1,20270521,1,20270524,1,20270525,1,20270526,1,20270527,1,20270528,1,20270531,1,20270601,1,20270602,1,20270603,1,20270604,1,20270607,1,20270608,1,20270609,1,20270610,1,20270611,1,20270614,1,20270615,1,20270616,1,20270617,1,20270618,1,20270621,1,20270622,1,20270623,1,20270624,1,20270625,1,20270628,1,20270629,1,20270630,1,20270701,1,20270702,1,20270705,1,20270706,1,20270707,1,20270708,1,20270709,1,20270712,1,20270713,1,20270714,1,20270715,1,20270716,1,20270719,1,20270720,1,20270721,1,20270722,1,20270723,1,20270726,1,20270727,1,20270728,1,20270729,1,20270730,1,20270802,1,20270803,1,20270804,1,20270805,1,20270806,1,20270809,1,20270810,1,20270811,1,20270812,1,20270813,1,20270816,1,20270817,1,20270818,1,20270819,1,20270820,1,20270823,1,20270824,1,20270825,1,20270826,1,20270827,1,20270830,1,20270831,1,20270901,1,20270902,1,20270903,1,20270906,1,20270907,1,20270908,1,20270909,1,20270910,1,20270913,1,20270914,1,20270915,1,20270916,1,20270917,1,20270920,1,20270921,1,20270922,1,20270923,1,20270924,1
'1475683',20260924,1,20260925,1,20260928,1,20260929,1,20260930,1,20261001,1,20261002,1,20261005,1,20261006,1,20261007,1,20261008,1,20261009,1,20261012,1,20261013,1,20261014,1,20261015,1,20261016,1,20261019,1,20261020,1,20261021,1,20261022,1,20261023,1,20261026,1,20261027,1,20261028,1,20261029,1,20261030,1,20261102,1,20261103,1,20261104,1,20261105,1,20261106,1,20261109,1,20261110,1,20261111,1,20261112,1,20261113,1,20261116,1,20261117,1,20261118,1,20261119,1,20261120,1,20261123,1,20261124,1,20261125,1,20261126,1,20261127,1,20261130,1,20261201,1,20261202,1,20261203,1,20261204,1,20261207,1,20261208,1,20261209,1,20261210,1,20261211,1,20261214,1,20261215,1,20261216,1,20261217,1,20261218,1,20261221,1,20261222,1,20261223,1,20261224,1,20261225,1,20261228,1,20261229,1,20261230,1,20261231,1,20270101,1,20270104,1,20270105,1,20270106,1,20270107,1,20270108,1,20270111,1,20270112,1,20270113,1,20270114,1,20270115,1,20270118,1,20270119,1,20270120,1,20270121,1,20270122,1,20270125,1,20270126,1,20270127,1,20270128,1,20270129,1,20270201,1,20270202,1,20270203,1,20270204,1,20270205,1,20270208,1,20270209,1,20270210,1,20270211,1,20270212,1,20270215,1,20270216,1,20270217,1,20270218,1,20270219,1,20270222,1,20270223,1,20270224,1,20270225,1,20270226,1,20270301,1,20270302,1,20270303,1,20270304,1,20270305,1,20270308,1,20270309,1,20270310,1,20270311,1,20270312,1,20270315,1,20270316,1,20270317,1,20270318,1,20270319,1,20270322,1,20270323,1,20270324,1,20270325,1,20270326,1,20270329,1,20270330,1,20270331,1,20270401,1,20270402,1,20270405,1,20270406,1,20270407,1,20270408,1,20270409,1,20270412,1,20270413,1,20270414,1,20270415,1,20270416,1,20270419,1,20270420,1,20270421,1,20270422,1,20270423,1,20270426,1,20270427,1,20270428,1,20270429,1,20270430,1,20270503,1,20270504,1,20270505,1,20270506,1,20270507,1,20270510,1,20270511,1,20270512,1,20270513,1,20270514,1,20270517,1,20270518,1,20270519,1,20270520,1,20270521,1,20270524,1,20270525,1,20270526,1,20270527,1,20270528,1,20270531,1,20270601,1,20270602,1,20270603,1,20270604,1,20270607,1,20270608,1,20270609,1,20270610,1,20270611,1,20270614,1,20270615,1,20270616,1,20270617,1,20270618,1,20270621,1,20270622,1,20270623,1,20270624,1,20270625,1,20270628,1,20270629,1,20270630,1,20270701,1,20270702,1,20270705,1,20270706,1,20270707,1,20270708,1,20270709,1,20270712,1,20270713,1,20270714,1,20270715,1,20270716,1,20270719,1,20270720,1,20270721,1,20270722,1,20270723,1,20270726,1,20270727,1,20270728,1,20270729,1,20270730,1,20270802,1,20270803,1,20270804,1,20270805,1,20270806,1,20270809,1,20270810,1,20270811,1,20270812,1,20270813,1,20270816,1,20270817,1,20270818,1,20270819,1,20270820,1,20270823,1,20270824,1,20270825,1,20270826,1,20270827,1,20270830,1,20270831,1,20270901,1,20270902,1,20270903,1,20270906,1,20270907,1,20270908,1,20270909,1,20270910,1,20270913,1,20270914,1,20270915,1,20270916,1,20270917,1,20270920,1,20270921,1,20270922,1,20270923,1,20270924,1
'1475684',20260924,1,20260925,1,20260928,1,20260929,1,20260930,1,20261001,1,20261002,1,20261005,1,20261006,1,20261007,1,20261008,1,20261009,1,20261012,1,20261013,1,20261014,1,20261015,1,20261016,1,20261019,1,20261020,1,20261021,1,20261022,1,20261023,1,20261026,1,20261027,1,20261028,1,20261029,1,20261030,1,20261102,1,20261103,1,20261104,1,20261105,1,20261106,1,20261109,1,20261110,1,20261111,1,20261112,1,20261113,1,20261116,1,20261117,1,20261118,1,20261119,1,20261120,1,20261123,1,20261124,1,20261125,1,20261126,1,20261127,1,20261130,1,20261201,1,20261202,1,20261203,1,20261204,1,20261207,1,20261208,1,20261209,1,20261210,1,20261211,1,20261214,1,20261215,1,20261216,1,20261217,1,20261218,1,20261221,1,20261222,1,20261223,1,20261224,1,20261225,1,20261228,1,20261229,1,20261230,1,20261231,1,20270101,1,20270104,1,20270105,1,20270106,1,20270107,1,20270108,1,20270111,1,20270112,1,20270113,1,20270114,1,20270115,1,20270118,1,20270119,1,20270120,1,20270121,1,20270122,1,20270125,1,20270126,1,20270127,1,20270128,1,20270129,1,20270201,1,20270202,1,20270203,1,20270204,1,20270205,1,20270208,1,20270209,1,20270210,1,20270211,1,20270212,1,20270215,1,20270216,1,20270217,1,20270218,1,20270219,1,20270222,1,20270223,1,20270224,1,20270225,1,20270226,1,20270301,1,20270302,1,20270303,1,20270304,1,20270305,1,20270308,1,20270309,1,20270310,1,20270311,1,20270312,1,20270315,1,20270316,1,20270317,1,20270318,1,20270319,1,20270322,1,20270323,1,20270324,1,20270325,1,20270326,1,20270329,1,20270330,1,20270331,1,20270401,1,20270402,1,20270405,1,20270406,1,20270407,1,20270408,1,20270409,1,20270412,1,20270413,1,20270414,1,20270415,1,20270416,1,20270419,1,20270420,1,20270421,1,20270422,1,20270423,1,20270426,1,20270427,1,20270428,1,20270429,1,20270430,1,20270503,1,20270504,1,20270505,1,20270506,1,20270507,1,20270510,1,20270511,1,20270512,1,20270513,1,20270514,1,20270517,1,20270518,1,20270519,1,20270520,1,20270521,1,20270524,1,20270525,1,20270526,1,20270527,1,20270528,1,20270531,1,20270601,1,20270602,1,20270603,1,20270604,1,20270607,1,20270608,1,20270609,1,20270610,1,20270611,1,20270614,1,20270615,1,20270616,1,20270617,1,20270618,1,20270621,1,20270622,1,20270623,1,20270624,1,20270625,1,20270628,1,20270629,1,20270630,1,20270701,1,20270702,1,20270705,1,20270706,1,20270707,1,20270708,1,20270709,1,20270712,1,20270713,1,20270714,1,20270715,1,20270716,1,20270719,1,20270720,1,20270721,1,20270722,1,20270723,1,20270726,1,20270727,1,20270728,1,20270729,1,20270730,1,20270802,1,20270803,1,20270804,1,20270805,1,20270806,1,20270809,1,20270810,1,20270811,1,20270812,1,20270813,1,20270816,1,20270817,1,20270818,1,20270819,1,20270820,1,20270823,1,20270824,1,20270825,1,20270826,1,20270827,1,20270830,1,20270831,1,20270901,1,20270902,1,20270903,1,20270906,1,20270907,1,20270908,1,20270909,1,20270910,1,20270913,1,20270914,1,20270915,1,20270916,1,20270917,1,20270920,1,20270921,1,20270922,1,20270923,1,20270924,1
'1475685',20260924,1,20260925,1,20260928,1,20260929,1,20260930,1,20261001,1,20261002,1,20261005,1,20261006,1,20261007,1,20261008,1,20261009,1,20261012,1,20261013,1,20261014,1,20261015,1,20261016,1,20261019,1,20261020,1,20261021,1,20261022,1,20261023,1,20261026,1,20261027,1,20261028,1,20261029,1,20261030,1,20261102,1,20261103,1,20261104,1,20261105,1,20261106,1,20261109,1,20261110,1,20261111,1,20261112,1,20261113,1,20261116,1,20261117,1,20261118,1,20261119,1,20261120,1,20261123,1,20261124,1,20261125,1,20261126,1,20261127,1,20261130,1,20261201,1,20261202,1,20261203,1,20261204,1,20261207,1,20261208,1,20261209,1,20261210,1,20261211,1,20261214,1,20261215,1,20261216,1,20261217,1,20261218,1,20261221,1,20261222,1,20261223,1,20261224,1,20261225,1,20261228,1,20261229,1,20261230,1,20261231,1,20270101,1,20270104,1,20270105,1,20270106,1,20270107,1,20270108,1,20270111,1,20270112,1,20270113,1,20270114,1,20270115,1,20270118,1,20270119,1,20270120,1,20270121,1,20270122,1,20270125,1,20270126,1,20270127,1,20270128,1,20270129,1,20270201,1,20270202,1,20270203,1,20270204,1,20270205,1,20270208,1,20270209,1,20270210,1,20270211,1,20270212,1,20270215,1,20270216,1,20270217,1,20270218,1,20270219,1,20270222,1,20270223,1,20270224,1,20270225,1,20270226,1,20270301,1,20270302,1,20270303,1,20270304,1,20270305,1,20270308,1,20270309,1,20270310,1,20270311,1,20270312,1,20270315,1,20270316,1,20270317,1,20270318,1,20270319,1,20270322,1,20270323,1,20270324,1,20270325,1,20270326,1,20270329,1,20270330,1,20270331,1,20270401,1,20270402,1,20270405,1,20270406,1,20270407,1,20270408,1,20270409,1,20270412,1,20270413,1,20270414,1,20270415,1,20270416,1,20270419,1,20270420,1,20270421,1,20270422,1,20270423,1,20270426,1,20270427,1,20270428,1,20270429,1,20270430,1,20270503,1,20270504,1,20270505,1,20270506,1,20270507,1,20270510,1,20270511,1,20270512,1,20270513,1,20270514,1,20270517,1,20270518,1,20270519,1,20270520,1,20270521,1,20270524,1,20270525,1,20270526,1,20270527,1,20270528,1,20270531,1,20270601,1,20270602,1,20270603,1,20270604,1,20270607,1,20270608,1,20270609,1,20270610,1,20270611,1,20270614,1,20270615,1,20270616,1,20270617,1,20270618,1,20270621,1,20270622,1,20270623,1,20270624,1,20270625,1,20270628,1,20270629,1,20270630,1,20270701,1,20270702,1,20270705,1,20270706,1,20270707,1,20270708,1,20270709,1,20270712,1,20270713,1,20270714,1,20270715,1,20270716,1,20270719,1,20270720,1,20270721,1,20270722,1,20270723,1,20270726,1,20270727,1,20270728,1,20270729,1,20270730,1,20270802,1,20270803,1,20270804,1,20270805,1,20270806,1,20270809,1,20270810,1,20270811,1,20270812,1,20270813,1,20270816,1,20270817,1,20270818,1,20270819,1,20270820,1,20270823,1,20270824,1,20270825,1,20270826,1,20270827,1,20270830,1,20270831,1,20270901,1,20270902,1,20270903,1,20270906,1,20270907,1,20270908,1,20270909,1,20270910,1,20270913,1,20270914,1,20270915,1,20270916,1,20270917,1,20270920,1,20270921,1,20270922,1,20270923,1,20270924,1
'1475686',20260924,1,20260925,1,20260928,1,20260929,1,20260930,1,20261001,1,20261002,1,20261005,1,20261006,1,20261007,1,20261008,1,20261009,1,20261012,1,20261013,1,20261014,1,20261015,1,20261016,1,20261019,1,20261020,1,20261021,1,20261022,1,20261023,1,20261026,1,20261027,1,20261028,1,20261029,1,20261030,1,20261102,1,20261103,1,20261104,1,20261105,1,20261106,1,20261109,1,20261110,1,20261111,1,20261112,1,20261113,1,20261116,1,20261117,1,20261118,1,20261119,1,20261120,1,20261123,1,20261124,1,20261125,1,20261126,1,20261127,1,20261130,1,20261201,1,20261202,1,20261203,1,20261204,1,20261207,1,20261208,1,20261209,1,20261210,1,20261211,1,20261214,1,20261215,1,20261216,1,20261217,1,20261218,1,20261221,1,20261222,1,20261223,1,20261224,1,20261225,1,20261228,1,20261229,1,20261230,1,20261231,1,20270101,1,20270104,1,20270105,1,20270106,1,20270107,1,20270108,1,20270111,1,20270112,1,20270113,1,20270114,1,20270115,1,20270118,1,20270119,1,20270120,1,20270121,1,20270122,1,20270125,1,20270126,1,20270127,1,20270128,1,20270129,1,20270201,1,20270202,1,20270203,1,20270204,1,20270205,1,20270208,1,20270209,1,20270210,1,20270211,1,20270212,1,20270215,1,20270216,1,20270217,1,20270218,1,20270219,1,20270222,1,20270223,1,20270224,1,20270225,1,20270226,1,20270301,1,20270302,1,20270303,1,20270304,1,20270305,1,20270308,1,20270309,1,20270310,1,20270311,1,20270312,1,20270315,1,20270316,1,20270317,1,20270318,1,20270319,1,20270322,1,20270323,1,20270324,1,20270325,1,20270326,1,20270329,1,20270330,1,20270331,1,20270401,1,20270402,1,20270405,1,20270406,1,20270407,1,20270408,1,20270409,1,20270412,1,20270413,1,20270414,1,20270415,1,20270416,1,20270419,1,20270420,1,20270421,1,20270422,1,20270423,1,20270426,1,20270427,1,20270428,1,20270429,1,20270430,1,20270503,1,20270504,1,20270505,1,20270506,1,20270507,1,20270510,1,20270511,1,20270512,1,20270513,1,20270514,1,20270517,1,20270518,1,20270519,1,20270520,1,20270521,1,20270524,1,20270525,1,20270526,1,20270527,1,20270528,1,20270531,1,20270601,1,20270602,1,20270603,1,20270604,1,20270607,1,20270608,1,20270609,1,20270610,1,20270611,1,20270614,1,20270615,1,20270616,1,20270617,1,20270618,1,20270621,1,20270622,1,20270623,1,20270624,1,20270625,1,20270628,1,20270629,1,20270630,1,20270701,1,20270702,1,20270705,1,20270706,1,20270707,1,20270708,1,20270709,1,20270712,1,20270713,1,20270714,1,20270715,1,20270716,1,20270719,1,20270720,1,20270721,1,20270722,1,20270723,1,20270726,1,20270727,1,20270728,1,20270729,1,20270730,1,20270802,1,20270803,1,20270804,1,20270805,1,20270806,1,20270809,1,20270810,1,20270811,1,20270812,1,20270813,1,20270816,1,20270817,1,20270818,1,20270819,1,20270820,1,20270823,1,20270824,1,20270825,1,20270826,1,20270827,1,20270830,1,20270831,1,20270901,1,20270902,1,20270903,1,20270906,1,20270907,1,20270908,1,20270909,1,20270910,1,20270913,1,20270914,1,20270915,1,20270916,1,20270917,1,20270920,1,20270921,1,20270922,1,20270923,1,20270924,1
'1475687',20260924,1,20260925,1,20260928,1,20260929,1,20260930,1,20261001,1,20261002,1,20261005,1,20261006,1,20261007,1,20261008,1,20261009,1,20261012,1,20261013,1,20261014,1,20261015,1,20261016,1,20261019,1,20261020,1,20261021,1,20261022,1,20261023,1,20261026,1,20261027,1,20261028,1,20261029,1,20261030,1,20261102,1,20261103,1,20261104,1,20261105,1,20261106,1,20261109,1,20261110,1,20261111,1,20261112,1,20261113,1,20261116,1,20261117,1,20261118,1,20261119,1,20261120,1,20261123,1,20261124,1,20261125,1,20261126,1,20261127,1,20261130,1,20261201,1,20261202,1,20261203,1,20261204,1,20261207,1,20261208,1,20261209,1,20261210,1,20261211,1,20261214,1,20261215,1,20261216,1,20261217,1,20261218,1,20261221,1,20261222,1,20261223,1,20261224,1,20261225,1,20261228,1,20261229,1,20261230,1,20261231,1,20270101,1,20270104,1,20270105,1,20270106,1,20270107,1,20270108,1,20270111,1,20270112,1,20270113,1,20270114,1,20270115,1,20270118,1,20270119,1,20270120,1,20270121,1,20270122,1,20270125,1,20270126,1,20270127,1,20270128,1,20270129,1,20270201,1,20270202,1,20270203,1,20270204,1,20270205,1,20270208,1,20270209,1,20270210,1,20270211,1,20270212,1,20270215,1,20270216,1,20270217,1,20270218,1,20270219,1,20270222,1,20270223,1,20270224,1,20270225,1,20270226,1,20270301,1,20270302,1,20270303,1,20270304,1,20270305,1,20270308,1,20270309,1,20270310,1,20270311,1,20270312,1,20270315,1,20270316,1,20270317,1,20270318,1,20270319,1,20270322,1,20270323,1,20270324,1,20270325,1,20270326,1,20270329,1,20270330,1,20270331,1,20270401,1,20270402,1,20270405,1,20270406,1,20270407,1,20270408,1,20270409,1,20270412,1,20270413,1,20270414,1,20270415,1,20270416,1,20270419,1,20270420,1,20270421,1,20270422,1,20270423,1,20270426,1,20270427,1,20270428,1,20270429,1,20270430,1,20270503,1,20270504,1,20270505,1,20270506,1,20270507,1,20270510,1,20270511,1,20270512,1,20270513,1,20270514,1,20270517,1,20270518,1,20270519,1,20270520,1,20270521,1,20270524,1,20270525,1,20270526,1,20270527,1,20270528,1,20270531,1,20270601,1,20270602,1,20270603,1,20270604,1,20270607,1,20270608,1,20270609,1,20270610,1,20270611,1,20270614,1,20270615,1,20270616,1,20270617,1,20270618,1,20270621,1,20270622,1,20270623,1,20270624,1,20270625,1,20270628,1,20270629,1,20270630,1,20270701,1,20270702,1,20270705,1,20270706,1,20270707,1,20270708,1,20270709,1,20270712,1,20270713,1,20270714,1,20270715,1,20270716,1,20270719,1,20270720,1,20270721,1,20270722,1,20270723,1,20270726,1,20270727,1,20270728,1,20270729,1,20270730,1,20270802,1,20270803,1,20270804,1,20270805,1,20270806,1,20270809,1,20270810,1,20270811,1,20270812,1,20270813,1,20270816,1,20270817,1,20270818,1,20270819,1,20270820,1,20270823,1,20270824,1,20270825,1,20270826,1,20270827,1,20270830,1,20270831,1,20270901,1,20270902,1,20270903,1,20270906,1,20270907,1,20270908,1,20270909,1,20270910,1,20270913,1,20270914,1,20270915,1,20270916,1,20270917,1,20270920,1,20270921,1,20270922,1,20270923,1,20270924,1
'1475688',20260924,1,20260925,1,20260928,1,20260929,1,20260930,1,20261001,1,20261002,1,20261005,1,20261006,1,20261007,1,20261008,1,20261009,1,20261012,1,20261013,1,20261014,1,20261015,1,20261016,1,20261019,1,20261020,1,20261021,1,20261022,1,20261023,1,20261026,1,20261027,1,20261028,1,20261029,1,20261030,1,20261102,1,20261103,1,20261104,1,20261105,1,20261106,1,20261109,1,20261110,1,20261111,1,20261112,1,20261113,1,20261116,1,20261117,1,20261118,1,20261119,1,20261120,1,20261123,1,20261124,1,20261125,1,20261126,1,20261127,1,20261130,1,20261201,1,20261202,1,20261203,1,20261204,1,20261207,1,20261208,1,20261209,1,20261210,1,20261211,1,20261214,1,20261215,1,20261216,1,20261217,1,20261218,1,20261221,1,20261222,1,20261223,1,20261224,1,20261225,1,20261228,1,20261229,1,20261230,1,20261231,1,20270101,1,20270104,1,20270105,1,20270106,1,20270107,1,20270108,1,20270111,1,20270112,1,20270113,1,20270114,1,20270115,1,20270118,1,20270119,1,20270120,1,20270121,1,20270122,1,20270125,1,20270126,1,20270127,1,20270128,1,20270129,1,20270201,1,20270202,1,20270203,1,20270204,1,20270205,1,20270208,1,20270209,1,20270210,1,20270211,1,20270212,1,20270215,1,20270216,1,20270217,1,20270218,1,20270219,1,20270222,1,20270223,1,20270224,1,20270225,1,20270226,1,20270301,1,20270302,1,20270303,1,20270304,1,20270305,1,20270308,1,20270309,1,20270310,1,20270311,1,20270312,1,20270315,1,20270316,1,20270317,1,20270318,1,20270319,1,20270322,1,20270323,1,20270324,1,20270325,1,20270326,1,20270329,1,20270330,1,20270331,1,20270401,1,20270402,1,20270405,1,20270406,1,20270407,1,20270408,1,20270409,1,20270412,1,20270413,1,20270414,1,20270415,1,20270416,1,20270419,1,20270420,1,20270421,1,20270422,1,20270423,1,20270426,1,20270427,1,20270428,1,20270429,1,20270430,1,20270503,1,20270504,1,20270505,1,20270506,1,20270507,1,20270510,1,20270511,1,20270512,1,20270513,1,20270514,1,20270517,1,20270518,1,20270519,1,20270520,1,20270521,1,20270524,1,20270525,1,20270526,1,20270527,1,20270528,1,20270531,1,20270601,1,20270602,1,20270603,1,20270604,1,20270607,1,20270608,1,20270609,1,20270610,1,20270611,1,20270614,1,20270615,1,20270616,1,20270617,1,20270618,1,20270621,1,20270622,1,20270623,1,20270624,1,20270625,1,20270628,1,20270629,1,20270630,1,20270701,1,20270702,1,20270705,1,20270706,1,20270707,1,20270708,1,20270709,1,20270712,1,20270713,1,20270714,1,20270715,1,20270716,1,20270719,1,20270720,1,20270721,1,20270722,1,20270723,1,20270726,1,20270727,1,20270728,1,20270729,1,20270730,1,20270802,1,20270803,1,20270804,1,20270805,1,20270806,1,20270809,1,20270810,1,20270811,1,20270812,1,20270813,1,20270816,1,20270817,1,20270818,1,20270819,1,20270820,1,20270823,1,20270824,1,20270825,1,20270826,1,20270827,1,20270830,1,20270831,1,20270901,1,20270902,1,20270903,1,20270906,1,20270907,1,20270908,1,20270909,1,20270910,1,20270913,1,20270914,1,20270915,1,20270916,1,20270917,1,20270920,1,20270921,1,20270922,1,20270923,1,20270924,1
'1475689',20260924,1,20260925,1,20260928,1,20260929,1,20260930,1,20261001,1,20261002,1,20261005,1,20261006,1,20261007,1,20261008,1,20261009,1,20261012,1,20261013,1,20261014,1,20261015,1,20261016,1,20261019,1,20261020,1,20261021,1,20261022,1,20261023,1,20261026,1,20261027,1,20261028,1,20261029,1,20261030,1,20261102,1,20261103,1,20261104,1,20261105,1,20261106,1,20261109,1,20261110,1,20261111,1,20261112,1,20261113,1,20261116,1,20261117,1,20261118,1,20261119,1,20261120,1,20261123,1,20261124,1,20261125,1,20261126,1,20261127,1,20261130,1,20261201,1,20261202,1,20261203,1,20261204,1,20261207,1,20261208,1,20261209,1,20261210,1,20261211,1,20261214,1,20261215,1,20261216,1,20261217,1,20261218,1,20261221,1,20261222,1,20261223,1,20261224,1,20261225,1,20261228,1,20261229,1,20261230,1,20261231,1,20270101,1,20270104,1,20270105,1,20270106,1,20270107,1,20270108,1,20270111,1,20270112,1,20270113,1,20270114,1,20270115,1,20270118,1,20270119,1,20270120,1,20270121,1,20270122,1,20270125,1,20270126,1,20270127,1,20270128,1,20270129,1,20270201,1,20270202,1,20270203,1,20270204,1,20270205,1,20270208,1,20270209,1,20270210,1,20270211,1,20270212,1,20270215,1,20270216,1,20270217,1,20270218,1,20270219,1,20270222,1,20270223,1,20270224,1,20270225,1,20270226,1,20270301,1,20270302,1,20270303,1,20270304,1,20270305,1,20270308,1,20270309,1,20270310,1,20270311,1,20270312,1,20270315,1,20270316,1,20270317,1,20270318,1,20270319,1,20270322,1,20270323,1,20270324,1,20270325,1,20270326,1,20270329,1,20270330,1,20270331,1,20270401,1,20270402,1,20270405,1,20270406,1,20270407,1,20270408,1,20270409,1,20270412,1,20270413,1,20270414,1,20270415,1,20270416,1,20270419,1,20270420,1,20270421,1,20270422,1,20270423,1,20270426,1,20270427,1,20270428,1,20270429,1,20270430,1,20270503,1,20270504,1,20270505,1,20270506,1,20270507,1,20270510,1,20270511,1,20270512,1,20270513,1,20270514,1,20270517,1,20270518,1,20270519,1,20270520,1,20270521,1,20270524,1,20270525,1,20270526,1,20270527,1,20270528,1,20270531,1,20270601,1,20270602,1,20270603,1,20270604,1,20270607,1,20270608,1,20270609,1,20270610,1,20270611,1,20270614,1,20270615,1,20270616,1,20270617,1,20270618,1,20270621,1,20270622,1,20270623,1,20270624,1,20270625,1,20270628,1,20270629,1,20270630,1,20270701,1,20270702,1,20270705,1,20270706,1,20270707,1,20270708,1,20270709,1,20270712,1,20270713,1,20270714,1,20270715,1,20270716,1,20270719,1,20270720,1,20270721,1,20270722,1,20270723,1,20270726,1,20270727,1,20270728,1,20270729,1,20270730,1,20270802,1,20270803,1,20270804,1,20270805,1,20270806,1,20270809,1,20270810,1,20270811,1,20270812,1,20270813,1,20270816,1,20270817,1,20270818,1,20270819,1,20270820,1,20270823,1,20270824,1,20270825,1,20270826,1,20270827,1,20270830,1,20270831,1,20270901,1,20270902,1,20270903,1,20270906,1,20270907,1,20270908,1,20270909,1,20270910,1,20270913,1,20270914,1,20270915,1,20270916,1,20270917,1,20270920,1,20270921,1,20270922,1,20270923,1,20270924,1
'1475690',20260924,1,20260925,1,20260928,1,20260929,1,20260930,1,20261001,1,20261002,1,20261005,1,20261006,1,20261007,1,20261008,1,20261009,1,20261012,1,20261013,1,20261014,1,20261015,1,20261016,1,20261019,1,20261020,1,20261021,1,20261022,1,20261023,1,20261026,1,20261027,1,20261028,1,20261029,1,20261030,1,20261102,1,20261103,1,20261104,1,20261105,1,20261106,1,20261109,1,20261110,1,20261111,1,20261112,1,20261113,1,20261116,1,20261117,1,20261118,1,20261119,1,20261120,1,20261123,1,20261124,1,20261125,1,20261126,1,20261127,1,20261130,1,20261201,1,20261202,1,20261203,1,20261204,1,20261207,1,20261208,1,20261209,1,20261210,1,20261211,1,20261214,1,20261215,1,20261216,1,20261217,1,20261218,1,20261221,1,20261222,1,20261223,1,20261224,1,20261225,1,20261228,1,20261229,1,20261230,1,20261231,1,20270101,1,20270104,1,20270105,1,20270106,1,20270107,1,20270108,1,20270111,1,20270112,1,20270113,1,20270114,1,20270115,1,20270118,1,20270119,1,20270120,1,20270121,1,20270122,1,20270125,1,20270126,1,20270127,1,20270128,1,20270129,1,20270201,1,20270202,1,20270203,1,20270204,1,20270205,1,20270208,1,20270209,1,20270210,1,20270211,1,20270212,1,20270215,1,20270216,1,20270217,1,20270218,1,20270219,1,20270222,1,20270223,1,20270224,1,20270225,1,20270226,1,20270301,1,20270302,1,20270303,1,20270304,1,20270305,1,20270308,1,20270309,1,20270310,1,20270311,1,20270312,1,20270315,1,20270316,1,20270317,1,20270318,1,20270319,1,20270322,1,20270323,1,20270324,1,20270325,1,20270326,1,20270329,1,20270330,1,20270331,1,20270401,1,20270402,1,20270405,1,20270406,1,20270407,1,20270408,1,20270409,1,20270412,1,20270413,1,20270414,1,20270415,1,20270416,1,20270419,1,20270420,1,20270421,1,20270422,1,20270423,1,20270426,1,20270427,1,20270428,1,20270429,1,20270430,1,20270503,1,20270504,1,20270505,1,20270506,1,20270507,1,20270510,1,20270511,1,20270512,1,20270513,1,20270514,1,20270517,1,20270518,1,20270519,1,20270520,1,20270521,1,20270524,1,20270525,1,20270526,1,20270527,1,20270528,1,20270531,1,20270601,1,20270602,1,20270603,1,20270604,1,20270607,1,20270608,1,20270609,1,20270610,1,20270611,1,20270614,1,20270615,1,20270616,1,20270617,1,20270618,1,20270621,1,20270622,1,20270623,1,20270624,1,20270625,1,20270628,1,20270629,1,20270630,1,20270701,1,20270702,1,20270705,1,20270706,1,20270707,1,20270708,1,20270709,1,20270712,1,20270713,1,20270714,1,20270715,1,20270716,1,20270719,1,20270720,1,20270721,1,20270722,1,20270723,1,20270726,1,20270727,1,20270728,1,20270729,1,20270730,1,20270802,1,20270803,1,20270804,1,20270805,1,20270806,1,20270809,1,20270810,1,20270811,1,20270812,1,20270813,1,20270816,1,20270817,1,20270818,1,20270819,1,20270820,1,20270823,1,20270824,1,20270825,1,20270826,1,20270827,1,20270830,1,20270831,1,20270901,1,20270902,1,20270903,1,20270906,1,20270907,1,20270908,1,20270909,1,20270910,1,20270913,1,20270914,1,20270915,1,20270916,1,20270917,1,20270920,1,20270921,1,20270922,1,20270923,1,20270924,1
'1497228',20260925,1,20260928,1,20260929,1,20260930,1,20261001,1,20261002,1,20261005,1,20261006,1,20261007,1,20261008,1,20261009,1,20261012,1,20261013,1,20261014,1,20261015,1,20261016,1,20261019,1,20261020,1,20261021,1,20261022,1,20261023,1,20261026,1,20261027,1,20261028,1,20261029,1,20261030,1,20261102,1,20261103,1,20261104,1,20261105,1,20261106,1,20261109,1,20261110,1,20261111,1,20261112,1,20261113,1,20261116,1,20261117,1,20261118,1,20261119,1,20261120,1,20261123,1,20261124,1,20261125,1,20261126,1,20261127,1,20261130,1,20261201,1,20261202,1,20261203,1,20261204,1,20261207,1,20261208,1,20261209,1,20261210,1,20261211,1,20261214,1,20261215,1,20261216,1,20261217,1,20261218,1,20261221,1,20261222,1,20261223,1,20261224,1,20261225,1,20261228,1,20261229,1,20261230,1,20261231,1,20270101,1,20270104,1,20270105,1,20270106,1,20270107,1,20270108,1,20270111,1,20270112,1,20270113,1,20270114,1,20270115,1,20270118,1,20270119,1,20270120,1,20270121,1,20270122,1,20270125,1,20270126,1,20270127,1,20270128,1,20270129,1,20270201,1,20270202,1,20270203,1,20270204,1,20270205,1,20270208,1,20270209,1,20270210,1,20270211,1,20270212,1,20270215,1,20270216,1,20270217,1,20270218,1,20270219,1,20270222,1,20270223,1,20270224,1,20270225,1,20270226,1,20270301,1,20270302,1,20270303,1,20270304,1,20270305,1,20270308,1,20270309,1,20270310,1,20270311,1,20270312,1,20270315,1,20270316,1,20270317,1,20270318,1,20270319,1,20270322,1,20270323,1,20270324,1,20270325,1,20270326,1,20270329,1,20270330,1,20270331,1,20270401,1,20270402,1,20270405,1,20270406,1,20270407,1,20270408,1,20270409,1,20270412,1,20270413,1,20270414,1,20270415,1,20270416,1,20270419,1,20270420,1,20270421,1,20270422,1,20270423,1,20270426,1,20270427,1,20270428,1,20270429,1,20270430,1,20270503,1,20270504,1,20270505,1,20270506,1,20270507,1,20270510,1,20270511,1,20270512,1,20270513,1,20270514,1,20270517,1,20270518,1,20270519,1,20270520,1,20270521,1,20270524,1,20270525,1,20270526,1,20270527,1,20270528,1,20270531,1,20270601,1,20270602,1,20270603,1,20270604,1,20270607,1,20270608,1,20270609,1,20270610,1,20270611,1,20270614,1,20270615,1,20270616,1,20270617,1,20270618,1,20270621,1,20270622,1,20270623,1,20270624,1,20270625,1,20270628,1,20270629,1,20270630,1,20270701,1,20270702,1,20270705,1,20270706,1,20270707,1,20270708,1,20270709,1,20270712,1,20270713,1,20270714,1,20270715,1,20270716,1,20270719,1,20270720,1,20270721,1,20270722,1,20270723,1,20270726,1,20270727,1,20270728,1,20270729,1,20270730,1,20270802,1,20270803,1,20270804,1,20270805,1,20270806,1,20270809,1,20270810,1,20270811,1,20270812,1,20270813,1,20270816,1,20270817,1,20270818,1,20270819,1,20270820,1,20270823,1,20270824,1,20270825,1,20270826,1,20270827,1,20270830,1,20270831,1,20270901,1,20270902,1,20270903,1,20270906,1,20270907,1,20270908,1,20270909,1,20270910,1,20270913,1,20270914,1,20270915,1,20270916,1,20270917,1,20270920,1,20270921,1,20270922,1,20270923,1,20270924,1
'1497229',20260925,1,20260928,1,20260929,1,20260930,1,20261001,1,20261002,1,20261005,1,20261006,1,20261007,1,20261008,1,20261009,1,20261012,1,20261013,1,20261014,1,20261015,1,20261016,1,20261019,1,20261020,1,20261021,1,20261022,1,20261023,1,20261026,1,20261027,1,20261028,1,20261029,1,20261030,1,20261102,1,20261103,1,20261104,1,20261105,1,20261106,1,20261109,1,20261110,1,20261111,1,20261112,1,20261113,1,20261116,1,20261117,1,20261118,1,20261119,1,20261120,1,20261123,1,20261124,1,20261125,1,20261126,1,20261127,1,20261130,1,20261201,1,20261202,1,20261203,1,20261204,1,20261207,1,20261208,1,20261209,1,20261210,1,20261211,1,20261214,1,20261215,1,20261216,1,20261217,1,20261218,1,20261221,1,20261222,1,20261223,1,20261224,1,20261225,1,20261228,1,20261229,1,20261230,1,20261231,1,20270101,1,20270104,1,20270105,1,20270106,1,20270107,1,20270108,1,20270111,1,20270112,1,20270113,1,20270114,1,20270115,1,20270118,1,20270119,1,20270120,1,20270121,1,20270122,1,20270125,1,20270126,1,20270127,1,20270128,1,20270129,1,20270201,1,20270202,1,20270203,1,20270204,1,20270205,1,20270208,1,20270209,1,20270210,1,20270211,1,20270212,1,20270215,1,20270216,1,20270217,1,20270218,1,20270219,1,20270222,1,20270223,1,20270224,1,20270225,1,20270226,1,20270301,1,20270302,1,20270303,1,20270304,1,20270305,1,20270308,1,20270309,1,20270310,1,20270311,1,20270312,1,20270315,1,20270316,1,20270317,1,20270318,1,20270319,1,20270322,1,20270323,1,20270324,1,20270325,1,20270326,1,20270329,1,20270330,1,20270331,1,20270401,1,20270402,1,20270405,1,20270406,1,20270407,1,20270408,1,20270409,1,20270412,1,20270413,1,20270414,1,20270415,1,20270416,1,20270419,1,20270420,1,20270421,1,20270422,1,20270423,1,20270426,1,20270427,1,20270428,1,20270429,1,20270430,1,20270503,1,20270504,1,20270505,1,20270506,1,20270507,1,20270510,1,20270511,1,20270512,1,20270513,1,20270514,1,20270517,1,20270518,1,20270519,1,20270520,1,20270521,1,20270524,1,20270525,1,20270526,1,20270527,1,20270528,1,20270531,1,20270601,1,20270602,1,20270603,1,20270604,1,20270607,1,20270608,1,20270609,1,20270610,1,20270611,1,20270614,1,20270615,1,20270616,1,20270617,1,20270618,1,20270621,1,20270622,1,20270623,1,20270624,1,20270625,1,20270628,1,20270629,1,20270630,1,20270701,1,20270702,1,20270705,1,20270706,1,20270707,1,20270708,1,20270709,1,20270712,1,20270713,1,20270714,1,20270715,1,20270716,1,20270719,1,20270720,1,20270721,1,20270722,1,20270723,1,20270726,1,20270727,1,20270728,1,20270729,1,20270730,1,20270802,1,20270803,1,20270804,1,20270805,1,20270806,1,20270809,1,20270810,1,20270811,1,20270812,1,20270813,1,20270816,1,20270817,1,20270818,1,20270819,1,20270820,1,20270823,1,20270824,1,20270825,1,20270826,1,20270827,1,20270830,1,20270831,1,20270901,1,20270902,1,20270903,1,20270906,1,20270907,1,20270908,1,20270909,1,20270910,1,20270913,1,20270914,1,20270915,1,20270916,1,20270917,1,20270920,1,20270921,1,20270922,1,20270923,1,20270924,1
'1497230',20260925,1,20260928,1,20260929,1,20260930,1,20261001,1,20261002,1,20261005,1,20261006,1,20261007,1,20261008,1,20261009,1,20261012,1,20261013,1,20261014,1,20261015,1,20261016,1,20261019,1,20261020,1,20261021,1,20261022,1,20261023,1,20261026,1,20261027,1,20261028,1,20261029,1,20261030,1,20261102,1,20261103,1,20261104,1,20261105,1,20261106,1,20261109,1,20261110,1,20261111,1,20261112,1,20261113,1,20261116,1,20261117,1,20261118,1,20261119,1,20261120,1,20261123,1,20261124,1,20261125,1,20261126,1,20261127,1,20261130,1,20261201,1,20261202,1,20261203,1,20261204,1,20261207,1,20261208,1,20261209,1,20261210,1,20261211,1,20261214,1,20261215,1,20261216,1,20261217,1,20261218,1,20261221,1,20261222,1,20261223,1,20261224,1,20261225,1,20261228,1,20261229,1,20261230,1,20261231,1,20270101,1,20270104,1,20270105,1,20270106,1,20270107,1,20270108,1,20270111,1,20270112,1,20270113,1,20270114,1,20270115,1,20270118,1,20270119,1,20270120,1,20270121,1,20270122,1,20270125,1,20270126,1,20270127,1,20270128,1,20270129,1,20270201,1,20270202,1,20270203,1,20270204,1,20270205,1,20270208,1,20270209,1,20270210,1,20270211,1,20270212,1,20270215,1,20270216,1,20270217,1,20270218,1,20270219,1,20270222,1,20270223,1,20270224,1,20270225,1,20270226,1,20270301,1,20270302,1,20270303,1,20270304,1,20270305,1,20270308,1,20270309,1,20270310,1,20270311,1,20270312,1,20270315,1,20270316,1,20270317,1,20270318,1,20270319,1,20270322,1,20270323,1,20270324,1,20270325,1,20270326,1,20270329,1,20270330,1,20270331,1,20270401,1,20270402,1,20270405,1,20270406,1,20270407,1,20270408,1,20270409,1,20270412,1,20270413,1,20270414,1,20270415,1,20270416,1,20270419,1,20270420,1,20270421,1,20270422,1,20270423,1,20270426,1,20270427,1,20270428,1,20270429,1,20270430,1,20270503,1,20270504,1,20270505,1,20270506,1,20270507,1,20270510,1,20270511,1,20270512,1,20270513,1,20270514,1,20270517,1,20270518,1,20270519,1,20270520,1,20270521,1,20270524,1,20270525,1,20270526,1,20270527,1,20270528,1,20270531,1,20270601,1,20270602,1,20270603,1,20270604,1,20270607,1,20270608,1,20270609,1,20270610,1,20270611,1,20270614,1,20270615,1,20270616,1,20270617,1,20270618,1,20270621,1,20270622,1,20270623,1,20270624,1,20270625,1,20270628,1,20270629,1,20270630,1,20270701,1,20270702,1,20270705,1,20270706,1,20270707,1,20270708,1,20270709,1,20270712,1,20270713,1,20270714,1,20270715,1,20270716,1,20270719,1,20270720,1,20270721,1,20270722,1,20270723,1,20270726,1,20270727,1,20270728,1,20270729,1,20270730,1,20270802,1,20270803,1,20270804,1,20270805,1,20270806,1,20270809,1,20270810,1,20270811,1,20270812,1,20270813,1,20270816,1,20270817,1,20270818,1,20270819,1,20270820,1,20270823,1,20270824,1,20270825,1,20270826,1,20270827,1,20270830,1,20270831,1,20270901,1,20270902,1,20270903,1,20270906,1,20270907,1,20270908,1,20270909,1,20270910,1,20270913,1,20270914,1,20270915,1,20270916,1,20270917,1,20270920,1,20270921,1,20270922,1,20270923,1,20270924,1
'1497231',20260925,1,20260928,1,20260929,1,20260930,1,20261001,1,20261002,1,20261005,1,20261006,1,20261007,1,20261008,1,20261009,1,20261012,1,20261013,1,20261014,1,20261015,1,20261016,1,20261019,1,20261020,1,20261021,1,20261022,1,20261023,1,20261026,1,20261027,1,20261028,1,20261029,1,20261030,1,20261102,1,20261103,1,20261104,1,20261105,1,20261106,1,20261109,1,20261110,1,20261111,1,20261112,1,20261113,1,20261116,1,20261117,1,20261118,1,20261119,1,20261120,1,20261123,1,20261124,1,20261125,1,20261126,1,20261127,1,20261130,1,20261201,1,20261202,1,20261203,1,20261204,1,20261207,1,20261208,1,20261209,1,20261210,1,20261211,1,20261214,1,20261215,1,20261216,1,20261217,1,20261218,1,20261221,1,20261222,1,20261223,1,20261224,1,20261225,1,20261228,1,20261229,1,20261230,1,20261231,1,20270101,1,20270104,1,20270105,1,20270106,1,20270107,1,20270108,1,20270111,1,20270112,1,20270113,1,20270114,1,20270115,1,20270118,1,20270119,1,20270120,1,20270121,1,20270122,1,20270125,1,20270126,1,20270127,1,20270128,1,20270129,1,20270201,1,20270202,1,20270203,1,20270204,1,20270205,1,20270208,1,20270209,1,20270210,1,20270211,1,20270212,1,20270215,1,20270216,1,20270217,1,20270218,1,20270219,1,20270222,1,20270223,1,20270224,1,20270225,1,20270226,1,20270301,1,20270302,1,20270303,1,20270304,1,20270305,1,20270308,1,20270309,1,20270310,1,20270311,1,20270312,1,20270315,1,20270316,1,20270317,1,20270318,1,20270319,1,20270322,1,20270323,1,20270324,1,20270325,1,20270326,1,20270329,1,20270330,1,20270331,1,20270401,1,20270402,1,20270405,1,20270406,1,20270407,1,20270408,1,20270409,1,20270412,1,20270413,1,20270414,1,20270415,1,20270416,1,20270419,1,20270420,1,20270421,1,20270422,1,20270423,1,20270426,1,20270427,1,20270428,1,20270429,1,20270430,1,20270503,1,20270504,1,20270505,1,20270506,1,20270507,1,20270510,1,20270511,1,20270512,1,20270513,1,20270514,1,20270517,1,20270518,1,20270519,1,20270520,1,20270521,1,20270524,1,20270525,1,20270526,1,20270527,1,20270528,1,20270531,1,20270601,1,20270602,1,20270603,1,20270604,1,20270607,1,20270608,1,20270609,1,20270610,1,20270611,1,20270614,1,20270615,1,20270616,1,20270617,1,20270618,1,20270621,1,20270622,1,20270623,1,20270624,1,20270625,1,20270628,1,20270629,1,20270630,1,20270701,1,20270702,1,20270705,1,20270706,1,20270707,1,20270708,1,20270709,1,20270712,1,20270713,1,20270714,1,20270715,1,20270716,1,20270719,1,20270720,1,20270721,1,20270722,1,20270723,1,20270726,1,20270727,1,20270728,1,20270729,1,20270730,1,20270802,1,20270803,1,20270804,1,20270805,1,20270806,1,20270809,1,20270810,1,20270811,1,20270812,1,20270813,1,20270816,1,20270817,1,20270818,1,20270819,1,20270820,1,20270823,1,20270824,1,20270825,1,20270826,1,20270827,1,20270830,1,20270831,1,20270901,1,20270902,1,20270903,1,20270906,1,20270907,1,20270908,1,20270909,1,20270910,1,20270913,1,20270914,1,20270915,1,20270916,1,20270917,1,20270920,1,20270921,1,20270922,1,20270923,1,20270924,1
'1497232',20260925,1,20260928,1,20260929,1,20260930,1,20261001,1,20261002,1,20261005,1,20261006,1,20261007,1,20261008,1,20261009,1,20261012,1,20261013,1,20261014,1,20261015,1,20261016,1,20261019,1,20261020,1,20261021,1,20261022,1,20261023,1,20261026,1,20261027,1,20261028,1,20261029,1,20261030,1,20261102,1,20261103,1,20261104,1,20261105,1,20261106,1,20261109,1,20261110,1,20261111,1,20261112,1,20261113,1,20261116,1,20261117,1,20261118,1,20261119,1,20261120,1,20261123,1,20261124,1,20261125,1,20261126,1,20261127,1,20261130,1,20261201,1,20261202,1,20261203,1,20261204,1,20261207,1,20261208,1,20261209,1,20261210,1,20261211,1,20261214,1,20261215,1,20261216,1,20261217,1,20261218,1,20261221,1,20261222,1,20261223,1,20261224,1,20261225,1,20261228,1,20261229,1,20261230,1,20261231,1,20270101,1,20270104,1,20270105,1,20270106,1,20270107,1,20270108,1,20270111,1,20270112,1,20270113,1,20270114,1,20270115,1,20270118,1,20270119,1,20270120,1,20270121,1,20270122,1,20270125,1,20270126,1,20270127,1,20270128,1,20270129,1,20270201,1,20270202,1,20270203,1,20270204,1,20270205,1,20270208,1,20270209,1,20270210,1,20270211,1,20270212,1,20270215,1,20270216,1,20270217,1,20270218,1,20270219,1,20270222,1,20270223,1,20270224,1,20270225,1,20270226,1,20270301,1,20270302,1,20270303,1,20270304,1,20270305,1,20270308,1,20270309,1,20270310,1,20270311,1,20270312,1,20270315,1,20270316,1,20270317,1,20270318,1,20270319,1,20270322,1,20270323,1,20270324,1,20270325,1,20270326,1,20270329,1,20270330,1,20270331,1,20270401,1,20270402,1,20270405,1,20270406,1,20270407,1,20270408,1,20270409,1,20270412,1,20270413,1,20270414,1,20270415,1,20270416,1,20270419,1,20270420,1,20270421,1,20270422,1,20270423,1,20270426,1,20270427,1,20270428,1,20270429,1,20270430,1,20270503,1,20270504,1,20270505,1,20270506,1,20270507,1,20270510,1,20270511,1,20270512,1,20270513,1,20270514,1,20270517,1,20270518,1,20270519,1,20270520,1,20270521,1,20270524,1,20270525,1,20270526,1,20270527,1,20270528,1,20270531,1,20270601,1,20270602,1,20270603,1,20270604,1,20270607,1,20270608,1,20270609,1,20270610,1,20270611,1,20270614,1,20270615,1,20270616,1,20270617,1,20270618,1,20270621,1,20270622,1,20270623,1,20270624,1,20270625,1,20270628,1,20270629,1,20270630,1,20270701,1,20270702,1,20270705,1,20270706,1,20270707,1,20270708,1,20270709,1,20270712,1,20270713,1,20270714,1,20270715,1,20270716,1,20270719,1,20270720,1,20270721,1,20270722,1,20270723,1,20270726,1,20270727,1,20270728,1,20270729,1,20270730,1,20270802,1,20270803,1,20270804,1,20270805,1,20270806,1,20270809,1,20270810,1,20270811,1,20270812,1,20270813,1,20270816,1,20270817,1,20270818,1,20270819,1,20270820,1,20270823,1,20270824,1,20270825,1,20270826,1,20270827,1,20270830,1,20270831,1,20270901,1,20270902,1,20270903,1,20270906,1,20270907,1,20270908,1,20270909,1,20270910,1,20270913,1,20270914,1,20270915,1,20270916,1,20270917,1,20270920,1,20270921,1,20270922,1,20270923,1,20270924,1
'1497233',20260925,1,20260928,1,20260929,1,20260930,1,20261001,1,20261002,1,20261005,1,20261006,1,20261007,1,20261008,1,20261009,1,20261012,1,20261013,1,20261014,1,20261015,1,20261016,1,20261019,1,20261020,1,20261021,1,20261022,1,20261023,1,20261026,1,20261027,1,20261028,1,20261029,1,20261030,1,20261102,1,20261103,1,20261104,1,20261105,1,20261106,1,20261109,1,20261110,1,20261111,1,20261112,1,20261113,1,20261116,1,20261117,1,20261118,1,20261119,1,20261120,1,20261123,1,20261124,1,20261125,1,20261126,1,20261127,1,20261130,1,20261201,1,20261202,1,20261203,1,20261204,1,20261207,1,20261208,1,20261209,1,20261210,1,20261211,1,20261214,1,20261215,1,20261216,1,20261217,1,20261218,1,20261221,1,20261222,1,20261223,1,20261224,1,20261225,1,20261228,1,20261229,1,20261230,1,20261231,1,20270101,1,20270104,1,20270105,1,20270106,1,20270107,1,20270108,1,20270111,1,20270112,1,20270113,1,20270114,1,20270115,1,20270118,1,20270119,1,20270120,1,20270121,1,20270122,1,20270125,1,20270126,1,20270127,1,20270128,1,20270129,1,20270201,1,20270202,1,20270203,1,20270204,1,20270205,1,20270208,1,20270209,1,20270210,1,20270211,1,20270212,1,20270215,1,20270216,1,20270217,1,20270218,1,20270219,1,20270222,1,20270223,1,20270224,1,20270225,1,20270226,1,20270301,1,20270302,1,20270303,1,20270304,1,20270305,1,20270308,1,20270309,1,20270310,1,20270311,1,20270312,1,20270315,1,20270316,1,20270317,1,20270318,1,20270319,1,20270322,1,20270323,1,20270324,1,20270325,1,20270326,1,20270329,1,20270330,1,20270331,1,20270401,1,20270402,1,20270405,1,20270406,1,20270407,1,20270408,1,20270409,1,20270412,1,20270413,1,20270414,1,20270415,1,20270416,1,20270419,1,20270420,1,20270421,1,20270422,1,20270423,1,20270426,1,20270427,1,20270428,1,20270429,1,20270430,1,20270503,1,20270504,1,20270505,1,20270506,1,20270507,1,20270510,1,20270511,1,20270512,1,20270513,1,20270514,1,20270517,1,20270518,1,20270519,1,20270520,1,20270521,1,20270524,1,20270525,1,20270526,1,20270527,1,20270528,1,20270531,1,20270601,1,20270602,1,20270603,1,20270604,1,20270607,1,20270608,1,20270609,1,20270610,1,20270611,1,20270614,1,20270615,1,20270616,1,20270617,1,20270618,1,20270621,1,20270622,1,20270623,1,20270624,1,20270625,1,20270628,1,20270629,1,20270630,1,20270701,1,20270702,1,20270705,1,20270706,1,20270707,1,20270708,1,20270709,1,20270712,1,20270713,1,20270714,1,20270715,1,20270716,1,20270719,1,20270720,1,20270721,1,20270722,1,20270723,1,20270726,1,20270727,1,20270728,1,20270729,1,20270730,1,20270802,1,20270803,1,20270804,1,20270805,1,20270806,1,20270809,1,20270810,1,20270811,1,20270812,1,20270813,1,20270816,1,20270817,1,20270818,1,20270819,1,20270820,1,20270823,1,20270824,1,20270825,1,20270826,1,20270827,1,20270830,1,20270831,1,20270901,1,20270902,1,20270903,1,20270906,1,20270907,1,20270908,1,20270909,1,20270910,1,20270913,1,20270914,1,20270915,1,20270916,1,20270917,1,20270920,1,20270921,1,20270922,1,20270923,1,20270924,1
'1497234',20260925,1,20260928,1,20260929,1,20260930,1,20261001,1,20261002,1,20261005,1,20261006,1,20261007,1,20261008,1,20261009,1,20261012,1,20261013,1,20261014,1,20261015,1,20261016,1,20261019,1,20261020,1,20261021,1,20261022,1,20261023,1,20261026,1,20261027,1,20261028,1,20261029,1,20261030,1,20261102,1,20261103,1,20261104,1,20261105,1,20261106,1,20261109,1,20261110,1,20261111,1,20261112,1,20261113,1,20261116,1,20261117,1,20261118,1,20261119,1,20261120,1,20261123,1,20261124,1,20261125,1,20261126,1,20261127,1,20261130,1,20261201,1,20261202,1,20261203,1,20261204,1,20261207,1,20261208,1,20261209,1,20261210,1,20261211,1,20261214,1,20261215,1,20261216,1,20261217,1,20261218,1,20261221,1,20261222,1,20261223,1,20261224,1,20261225,1,20261228,1,20261229,1,20261230,1,20261231,1,20270101,1,20270104,1,20270105,1,20270106,1,20270107,1,20270108,1,20270111,1,20270112,1,20270113,1,20270114,1,20270115,1,20270118,1,20270119,1,20270120,1,20270121,1,20270122,1,20270125,1,20270126,1,20270127,1,20270128,1,20270129,1,20270201,1,20270202,1,20270203,1,20270204,1,20270205,1,20270208,1,20270209,1,20270210,1,20270211,1,20270212,1,20270215,1,20270216,1,20270217,1,20270218,1,20270219,1,20270222,1,20270223,1,20270224,1,20270225,1,20270226,1,20270301,1,20270302,1,20270303,1,20270304,1,20270305,1,20270308,1,20270309,1,20270310,1,20270311,1,20270312,1,20270315,1,20270316,1,20270317,1,20270318,1,20270319,1,20270322,1,20270323,1,20270324,1,20270325,1,20270326,1,20270329,1,20270330,1,20270331,1,20270401,1,20270402,1,20270405,1,20270406,1,20270407,1,20270408,1,20270409,1,20270412,1,20270413,1,20270414,1,20270415,1,20270416,1,20270419,1,20270420,1,20270421,1,20270422,1,20270423,1,20270426,1,20270427,1,20270428,1,20270429,1,20270430,1,20270503,1,20270504,1,20270505,1,20270506,1,20270507,1,20270510,1,20270511,1,20270512,1,20270513,1,20270514,1,20270517,1,20270518,1,20270519,1,20270520,1,20270521,1,20270524,1,20270525,1,20270526,1,20270527,1,20270528,1,20270531,1,20270601,1,20270602,1,20270603,1,20270604,1,20270607,1,20270608,1,20270609,1,20270610,1,20270611,1,20270614,1,20270615,1,20270616,1,20270617,1,20270618,1,20270621,1,20270622,1,20270623,1,20270624,1,20270625,1,20270628,1,20270629,1,20270630,1,20270701,1,20270702,1,20270705,1,20270706,1,20270707,1,20270708,1,20270709,1,20270712,1,20270713,1,20270714,1,20270715,1,20270716,1,20270719,1,20270720,1,20270721,1,20270722,1,20270723,1,20270726,1,20270727,1,20270728,1,20270729,1,20270730,1,20270802,1,20270803,1,20270804,1,20270805,1,20270806,1,20270809,1,20270810,1,20270811,1,20270812,1,20270813,1,20270816,1,20270817,1,20270818,1,20270819,1,20270820,1,20270823,1,20270824,1,20270825,1,20270826,1,20270827,1,20270830,1,20270831,1,20270901,1,20270902,1,20270903,1,20270906,1,20270907,1,20270908,1,20270909,1,20270910,1,20270913,1,20270914,1,20270915,1,20270916,1,20270917,1,20270920,1,20270921,1,20270922,1,20270923,1,20270924,1
'1497235',20260925,1,20260928,1,20260929,1,20260930,1,20261001,1,20261002,1,20261005,1,20261006,1,20261007,1,20261008,1,20261009,1,20261012,1,20261013,1,20261014,1,20261015,1,20261016,1,20261019,1,20261020,1,20261021,1,20261022,1,20261023,1,20261026,1,20261027,1,20261028,1,20261029,1,20261030,1,20261102,1,20261103,1,20261104,1,20261105,1,20261106,1,20261109,1,20261110,1,20261111,1,20261112,1,20261113,1,20261116,1,20261117,1,20261118,1,20261119,1,20261120,1,20261123,1,20261124,1,20261125,1,20261126,1,20261127,1,20261130,1,20261201,1,20261202,1,20261203,1,20261204,1,20261207,1,20261208,1,20261209,1,20261210,1,20261211,1,20261214,1,20261215,1,20261216,1,20261217,1,20261218,1,20261221,1,20261222,1,20261223,1,20261224,1,20261225,1,20261228,1,20261229,1,20261230,1,20261231,1,20270101,1,20270104,1,20270105,1,20270106,1,20270107,1,20270108,1,20270111,1,20270112,1,20270113,1,20270114,1,20270115,1,20270118,1,20270119,1,20270120,1,20270121,1,20270122,1,20270125,1,20270126,1,20270127,1,20270128,1,20270129,1,20270201,1,20270202,1,20270203,1,20270204,1,20270205,1,20270208,1,20270209,1,20270210,1,20270211,1,20270212,1,20270215,1,20270216,1,20270217,1,20270218,1,20270219,1,20270222,1,20270223,1,20270224,1,20270225,1,20270226,1,20270301,1,20270302,1,20270303,1,20270304,1,20270305,1,20270308,1,20270309,1,20270310,1,20270311,1,20270312,1,20270315,1,20270316,1,20270317,1,20270318,1,20270319,1,20270322,1,20270323,1,20270324,1,20270325,1,20270326,1,20270329,1,20270330,1,20270331,1,20270401,1,20270402,1,20270405,1,20270406,1,20270407,1,20270408,1,20270409,1,20270412,1,20270413,1,20270414,1,20270415,1,20270416,1,20270419,1,20270420,1,20270421,1,20270422,1,20270423,1,20270426,1,20270427,1,20270428,1,20270429,1,20270430,1,20270503,1,20270504,1,20270505,1,20270506,1,20270507,1,20270510,1,20270511,1,20270512,1,20270513,1,20270514,1,20270517,1,20270518,1,20270519,1,20270520,1,20270521,1,20270524,1,20270525,1,20270526,1,20270527,1,20270528,1,20270531,1,20270601,1,20270602,1,20270603,1,20270604,1,20270607,1,20270608,1,20270609,1,20270610,1,20270611,1,20270614,1,20270615,1,20270616,1,20270617,1,20270618,1,20270621,1,20270622,1,20270623,1,20270624,1,20270625,1,20270628,1,20270629,1,20270630,1,20270701,1,20270702,1,20270705,1,20270706,1,20270707,1,20270708,1,20270709,1,20270712,1,20270713,1,20270714,1,20270715,1,20270716,1,20270719,1,20270720,1,20270721,1,20270722,1,20270723,1,20270726,1,20270727,1,20270728,1,20270729,1,20270730,1,20270802,1,20270803,1,20270804,1,20270805,1,20270806,1,20270809,1,20270810,1,20270811,1,20270812,1,20270813,1,20270816,1,20270817,1,20270818,1,20270819,1,20270820,1,20270823,1,20270824,1,20270825,1,20270826,1,20270827,1,20270830,1,20270831,1,20270901,1,20270902,1,20270903,1,20270906,1,20270907,1,20270908,1,20270909,1,20270910,1,20270913,1,20270914,1,20270915,1,20270916,1,20270917,1,20270920,1,20270921,1,20270922,1,20270923,1,20270924,1
'1497236',20260925,1,20260928,1,20260929,1,20260930,1,20261001,1,20261002,1,20261005,1,20261006,1,20261007,1,20261008,1,20261009,1,20261012,1,20261013,1,20261014,1,20261015,1,20261016,1,20261019,1,20261020,1,20261021,1,20261022,1,20261023,1,20261026,1,20261027,1,20261028,1,20261029,1,20261030,1,20261102,1,20261103,1,20261104,1,20261105,1,20261106,1,20261109,1,20261110,1,20261111,1,20261112,1,20261113,1,20261116,1,20261117,1,20261118,1,20261119,1,20261120,1,20261123,1,20261124,1,20261125,1,20261126,1,20261127,1,20261130,1,20261201,1,20261202,1,20261203,1,20261204,1,20261207,1,20261208,1,20261209,1,20261210,1,20261211,1,20261214,1,20261215,1,20261216,1,20261217,1,20261218,1,20261221,1,20261222,1,20261223,1,20261224,1,20261225,1,20261228,1,20261229,1,20261230,1,20261231,1,20270101,1,20270104,1,20270105,1,20270106,1,20270107,1,20270108,1,20270111,1,20270112,1,20270113,1,20270114,1,20270115,1,20270118,1,20270119,1,20270120,1,20270121,1,20270122,1,20270125,1,20270126,1,20270127,1,20270128,1,20270129,1,20270201,1,20270202,1,20270203,1,20270204,1,20270205,1,20270208,1,20270209,1,20270210,1,20270211,1,20270212,1,20270215,1,20270216,1,20270217,1,20270218,1,20270219,1,20270222,1,20270223,1,20270224,1,20270225,1,20270226,1,20270301,1,20270302,1,20270303,1,20270304,1,20270305,1,20270308,1,20270309,1,20270310,1,20270311,1,20270312,1,20270315,1,20270316,1,20270317,1,20270318,1,20270319,1,20270322,1,20270323,1,20270324,1,20270325,1,20270326,1,20270329,1,20270330,1,20270331,1,20270401,1,20270402,1,20270405,1,20270406,1,20270407,1,20270408,1,20270409,1,20270412,1,20270413,1,20270414,1,20270415,1,20270416,1,20270419,1,20270420,1,20270421,1,20270422,1,20270423,1,20270426,1,20270427,1,20270428,1,20270429,1,20270430,1,20270503,1,20270504,1,20270505,1,20270506,1,20270507,1,20270510,1,20270511,1,20270512,1,20270513,1,20270514,1,20270517,1,20270518,1,20270519,1,20270520,1,20270521,1,20270524,1,20270525,1,20270526,1,20270527,1,20270528,1,20270531,1,20270601,1,20270602,1,20270603,1,20270604,1,20270607,1,20270608,1,20270609,1,20270610,1,20270611,1,20270614,1,20270615,1,20270616,1,20270617,1,20270618,1,20270621,1,20270622,1,20270623,1,20270624,1,20270625,1,20270628,1,20270629,1,20270630,1,20270701,1,20270702,1,20270705,1,20270706,1,20270707,1,20270708,1,20270709,1,20270712,1,20270713,1,20270714,1,20270715,1,20270716,1,20270719,1,20270720,1,20270721,1,20270722,1,20270723,1,20270726,1,20270727,1,20270728,1,20270729,1,20270730,1,20270802,1,20270803,1,20270804,1,20270805,1,20270806,1,20270809,1,20270810,1,20270811,1,20270812,1,20270813,1,20270816,1,20270817,1,20270818,1,20270819,1,20270820,1,20270823,1,20270824,1,20270825,1,20270826,1,20270827,1,20270830,1,20270831,1,20270901,1,20270902,1,20270903,1,20270906,1,20270907,1,20270908,1,20270909,1,20270910,1,20270913,1,20270914,1,20270915,1,20270916,1,20270917,1,20270920,1,20270921,1,20270922,1,20270923,1,20270924,1
'1497237',20260925,1,20260928,1,20260929,1,20260930,1,20261001,1,20261002,1,20261005,1,20261006,1,20261007,1,20261008,1,20261009,1,20261012,1,20261013,1,20261014,1,20261015,1,20261016,1,20261019,1,20261020,1,20261021,1,20261022,1,20261023,1,20261026,1,20261027,1,20261028,1,20261029,1,20261030,1,20261102,1,20261103,1,20261104,1,20261105,1,20261106,1,20261109,1,20261110,1,20261111,1,20261112,1,20261113,1,20261116,1,20261117,1,20261118,1,20261119,1,20261120,1,20261123,1,20261124,1,20261125,1,20261126,1,20261127,1,20261130,1,20261201,1,20261202,1,20261203,1,20261204,1,20261207,1,20261208,1,20261209,1,20261210,1,20261211,1,20261214,1,20261215,1,20261216,1,20261217,1,20261218,1,20261221,1,20261222,1,20261223,1,20261224,1,20261225,1,20261228,1,20261229,1,20261230,1,20261231,1,20270101,1,20270104,1,20270105,1,20270106,1,20270107,1,20270108,1,20270111,1,20270112,1,20270113,1,20270114,1,20270115,1,20270118,1,20270119,1,20270120,1,20270121,1,20270122,1,20270125,1,20270126,1,20270127,1,20270128,1,20270129,1,20270201,1,20270202,1,20270203,1,20270204,1,20270205,1,20270208,1,20270209,1,20270210,1,20270211,1,20270212,1,20270215,1,20270216,1,20270217,1,20270218,1,20270219,1,20270222,1,20270223,1,20270224,1,20270225,1,20270226,1,20270301,1,20270302,1,20270303,1,20270304,1,20270305,1,20270308,1,20270309,1,20270310,1,20270311,1,20270312,1,20270315,1,20270316,1,20270317,1,20270318,1,20270319,1,20270322,1,20270323,1,20270324,1,20270325,1,20270326,1,20270329,1,20270330,1,20270331,1,20270401,1,20270402,1,20270405,1,20270406,1,20270407,1,20270408,1,20270409,1,20270412,1,20270413,1,20270414,1,20270415,1,20270416,1,20270419,1,20270420,1,20270421,1,20270422,1,20270423,1,20270426,1,20270427,1,20270428,1,20270429,1,20270430,1,20270503,1,20270504,1,20270505,1,20270506,1,20270507,1,20270510,1,20270511,1,20270512,1,20270513,1,20270514,1,20270517,1,20270518,1,20270519,1,20270520,1,20270521,1,20270524,1,20270525,1,20270526,1,20270527,1,20270528,1,20270531,1,20270601,1,20270602,1,20270603,1,20270604,1,20270607,1,20270608,1,20270609,1,20270610,1,20270611,1,20270614,1,20270615,1,20270616,1,20270617,1,20270618,1,20270621,1,20270622,1,20270623,1,20270624,1,20270625,1,20270628,1,20270629,1,20270630,1,20270701,1,20270702,1,20270705,1,20270706,1,20270707,1,20270708,1,20270709,1,20270712,1,20270713,1,20270714,1,20270715,1,20270716,1,20270719,1,20270720,1,20270721,1,20270722,1,20270723,1,20270726,1,20270727,1,20270728,1,20270729,1,20270730,1,20270802,1,20270803,1,20270804,1,20270805,1,20270806,1,20270809,1,20270810,1,20270811,1,20270812,1,20270813,1,20270816,1,20270817,1,20270818,1,20270819,1,20270820,1,20270823,1,20270824,1,20270825,1,20270826,1,20270827,1,20270830,1,20270831,1,20270901,1,20270902,1,20270903,1,20270906,1,20270907,1,20270908,1,20270909,1,20270910,1,20270913,1,20270914,1,20270915,1,20270916,1,20270917,1,20270920,1,20270921,1,20270922,1,20270923,1,20270924,1
'1497238',20260925,1,20260928,1,20260929,1,20260930,1,20261001,1,20261002,1,20261005,1,20261006,1,20261007,1,20261008,1,20261009,1,20261012,1,20261013,1,20261014,1,20261015,1,20261016,1,20261019,1,20261020,1,20261021,1,20261022,1,20261023,1,20261026,1,20261027,1,20261028,1,20261029,1,20261030,1,20261102,1,20261103,1,20261104,1,20261105,1,20261106,1,20261109,1,20261110,1,20261111,1,20261112,1,20261113,1,20261116,1,20261117,1,20261118,1,20261119,1,20261120,1,20261123,1,20261124,1,20261125,1,20261126,1,20261127,1,20261130,1,20261201,1,20261202,1,20261203,1,20261204,1,20261207,1,20261208,1,20261209,1,20261210,1,20261211,1,20261214,1,20261215,1,20261216,1,20261217,1,20261218,1,20261221,1,20261222,1,20261223,1,20261224,1,20261225,1,20261228,1,20261229,1,20261230,1,20261231,1,20270101,1,20270104,1,20270105,1,20270106,1,20270107,1,20270108,1,20270111,1,20270112,1,20270113,1,20270114,1,20270115,1,20270118,1,20270119,1,20270120,1,20270121,1,20270122,1,20270125,1,20270126,1,20270127,1,20270128,1,20270129,1,20270201,1,20270202,1,20270203,1,20270204,1,20270205,1,20270208,1,20270209,1,20270210,1,20270211,1,20270212,1,20270215,1,20270216,1,20270217,1,20270218,1,20270219,1,20270222,1,20270223,1,20270224,1,20270225,1,20270226,1,20270301,1,20270302,1,20270303,1,20270304,1,20270305,1,20270308,1,20270309,1,20270310,1,20270311,1,20270312,1,20270315,1,20270316,1,20270317,1,20270318,1,20270319,1,20270322,1,20270323,1,20270324,1,20270325,1,20270326,1,20270329,1,20270330,1,20270331,1,20270401,1,20270402,1,20270405,1,20270406,1,20270407,1,20270408,1,20270409,1,20270412,1,20270413,1,20270414,1,20270415,1,20270416,1,20270419,1,20270420,1,20270421,1,20270422,1,20270423,1,20270426,1,20270427,1,20270428,1,20270429,1,20270430,1,20270503,1,20270504,1,20270505,1,20270506,1,20270507,1,20270510,1,20270511,1,20270512,1,20270513,1,20270514,1,20270517,1,20270518,1,20270519,1,20270520,1,20270521,1,20270524,1,20270525,1,20270526,1,20270527,1,20270528,1,20270531,1,20270601,1,20270602,1,20270603,1,20270604,1,20270607,1,20270608,1,20270609,1,20270610,1,20270611,1,20270614,1,20270615,1,20270616,1,20270617,1,20270618,1,20270621,1,20270622,1,20270623,1,20270624,1,20270625,1,20270628,1,20270629,1,20270630,1,20270701,1,20270702,1,20270705,1,20270706,1,20270707,1,20270708,1,20270709,1,20270712,1,20270713,1,20270714,1,20270715,1,20270716,1,20270719,1,20270720,1,20270721,1,20270722,1,20270723,1,20270726,1,20270727,1,20270728,1,20270729,1,20270730,1,20270802,1,20270803,1,20270804,1,20270805,1,20270806,1,20270809,1,20270810,1,20270811,1,20270812,1,20270813,1,20270816,1,20270817,1,20270818,1,20270819,1,20270820,1,20270823,1,20270824,1,20270825,1,20270826,1,20270827,1,20270830,1,20270831,1,20270901,1,20270902,1,20270903,1,20270906,1,20270907,1,20270908,1,20270909,1,20270910,1,20270913,1,20270914,1,20270915,1,20270916,1,20270917,1,20270920,1,20270921,1,20270922,1,20270923,1,20270924,1
'1497239',20260925,1,20260928,1,20260929,1,20260930,1,20261001,1,20261002,1,20261005,1,20261006,1,20261007,1,20261008,1,20261009,1,20261012,1,20261013,1,20261014,1,20261015,1,20261016,1,20261019,1,20261020,1,20261021,1,20261022,1,20261023,1,20261026,1,20261027,1,20261028,1,20261029,1,20261030,1,20261102,1,20261103,1,20261104,1,20261105,1,20261106,1,20261109,1,20261110,1,20261111,1,20261112,1,20261113,1,20261116,1,20261117,1,20261118,1,20261119,1,20261120,1,20261123,1,20261124,1,20261125,1,20261126,1,20261127,1,20261130,1,20261201,1,20261202,1,20261203,1,20261204,1,20261207,1,20261208,1,20261209,1,20261210,1,20261211,1,20261214,1,20261215,1,20261216,1,20261217,1,20261218,1,20261221,1,20261222,1,20261223,1,20261224,1,20261225,1,20261228,1,20261229,1,20261230,1,20261231,1,20270101,1,20270104,1,20270105,1,20270106,1,20270107,1,20270108,1,20270111,1,20270112,1,20270113,1,20270114,1,20270115,1,20270118,1,20270119,1,20270120,1,20270121,1,20270122,1,20270125,1,20270126,1,20270127,1,20270128,1,20270129,1,20270201,1,20270202,1,20270203,1,20270204,1,20270205,1,20270208,1,20270209,1,20270210,1,20270211,1,20270212,1,20270215,1,20270216,1,20270217,1,20270218,1,20270219,1,20270222,1,20270223,1,20270224,1,20270225,1,20270226,1,20270301,1,20270302,1,20270303,1,20270304,1,20270305,1,20270308,1,20270309,1,20270310,1,20270311,1,20270312,1,20270315,1,20270316,1,20270317,1,20270318,1,20270319,1,20270322,1,20270323,1,20270324,1,20270325,1,20270326,1,20270329,1,20270330,1,20270331,1,20270401,1,20270402,1,20270405,1,20270406,1,20270407,1,20270408,1,20270409,1,20270412,1,20270413,1,20270414,1,20270415,1,20270416,1,20270419,1,20270420,1,20270421,1,20270422,1,20270423,1,20270426,1,20270427,1,20270428,1,20270429,1,20270430,1,20270503,1,20270504,1,20270505,1,20270506,1,20270507,1,20270510,1,20270511,1,20270512,1,20270513,1,20270514,1,20270517,1,20270518,1,20270519,1,20270520,1,20270521,1,20270524,1,20270525,1,20270526,1,20270527,1,20270528,1,20270531,1,20270601,1,20270602,1,20270603,1,20270604,1,20270607,1,20270608,1,20270609,1,20270610,1,20270611,1,20270614,1,20270615,1,20270616,1,20270617,1,20270618,1,20270621,1,20270622,1,20270623,1,20270624,1,20270625,1,20270628,1,20270629,1,20270630,1,20270701,1,20270702,1,20270705,1,20270706,1,20270707,1,20270708,1,20270709,1,20270712,1,20270713,1,20270714,1,20270715,1,20270716,1,20270719,1,20270720,1,20270721,1,20270722,1,20270723,1,20270726,1,20270727,1,20270728,1,20270729,1,20270730,1,20270802,1,20270803,1,20270804,1,20270805,1,20270806,1,20270809,1,20270810,1,20270811,1,20270812,1,20270813,1,20270816,1,20270817,1,20270818,1,20270819,1,20270820,1,20270823,1,20270824,1,20270825,1,20270826,1,20270827,1,20270830,1,20270831,1,20270901,1,20270902,1,20270903,1,20270906,1,20270907,1,20270908,1,20270909,1,20270910,1,20270913,1,20270914,1,20270915,1,20270916,1,20270917,1,20270920,1,20270921,1,20270922,1,20270923,1,20270924,1
'1497240',20260925,1,20260928,1,20260929,1,20260930,1,20261001,1,20261002,1,20261005,1,20261006,1,20261007,1,20261008,1,20261009,1,20261012,1,20261013,1,20261014,1,20261015,1,20261016,1,20261019,1,20261020,1,20261021,1,20261022,1,20261023,1,20261026,1,20261027,1,20261028,1,20261029,1,20261030,1,20261102,1,20261103,1,20261104,1,20261105,1,20261106,1,20261109,1,20261110,1,20261111,1,20261112,1,20261113,1,20261116,1,20261117,1,20261118,1,20261119,1,20261120,1,20261123,1,20261124,1,20261125,1,20261126,1,20261127,1,20261130,1,20261201,1,20261202,1,20261203,1,20261204,1,20261207,1,20261208,1,20261209,1,20261210,1,20261211,1,20261214,1,20261215,1,20261216,1,20261217,1,20261218,1,20261221,1,20261222,1,20261223,1,20261224,1,20261225,1,20261228,1,20261229,1,20261230,1,20261231,1,20270101,1,20270104,1,20270105,1,20270106,1,20270107,1,20270108,1,20270111,1,20270112,1,20270113,1,20270114,1,20270115,1,20270118,1,20270119,1,20270120,1,20270121,1,20270122,1,20270125,1,20270126,1,20270127,1,20270128,1,20270129,1,20270201,1,20270202,1,20270203,1,20270204,1,20270205,1,20270208,1,20270209,1,20270210,1,20270211,1,20270212,1,20270215,1,20270216,1,20270217,1,20270218,1,20270219,1,20270222,1,20270223,1,20270224,1,20270225,1,20270226,1,20270301,1,20270302,1,20270303,1,20270304,1,20270305,1,20270308,1,20270309,1,20270310,1,20270311,1,20270312,1,20270315,1,20270316,1,20270317,1,20270318,1,20270319,1,20270322,1,20270323,1,20270324,1,20270325,1,20270326,1,20270329,1,20270330,1,20270331,1,20270401,1,20270402,1,20270405,1,20270406,1,20270407,1,20270408,1,20270409,1,20270412,1,20270413,1,20270414,1,20270415,1,20270416,1,20270419,1,20270420,1,20270421,1,20270422,1,20270423,1,20270426,1,20270427,1,20270428,1,20270429,1,20270430,1,20270503,1,20270504,1,20270505,1,20270506,1,20270507,1,20270510,1,20270511,1,20270512,1,20270513,1,20270514,1,20270517,1,20270518,1,20270519,1,20270520,1,20270521,1,20270524,1,20270525,1,20270526,1,20270527,1,20270528,1,20270531,1,20270601,1,20270602,1,20270603,1,20270604,1,20270607,1,20270608,1,20270609,1,20270610,1,20270611,1,20270614,1,20270615,1,20270616,1,20270617,1,20270618,1,20270621,1,20270622,1,20270623,1,20270624,1,20270625,1,20270628,1,20270629,1,20270630,1,20270701,1,20270702,1,20270705,1,20270706,1,20270707,1,20270708,1,20270709,1,20270712,1,20270713,1,20270714,1,20270715,1,20270716,1,20270719,1,20270720,1,20270721,1,20270722,1,20270723,1,20270726,1,20270727,1,20270728,1,20270729,1,20270730,1,20270802,1,20270803,1,20270804,1,20270805,1,20270806,1,20270809,1,20270810,1,20270811,1,20270812,1,20270813,1,20270816,1,20270817,1,20270818,1,20270819,1,20270820,1,20270823,1,20270824,1,20270825,1,20270826,1,20270827,1,20270830,1,20270831,1,20270901,1,20270902,1,20270903,1,20270906,1,20270907,1,20270908,1,20270909,1,20270910,1,20270913,1,20270914,1,20270915,1,20270916,1,20270917,1,20270920,1,20270921,1,20270922,1,20270923,1,20270924,1
'1497241',20260925,1,20260928,1,20260929,1,20260930,1,20261001,1,20261002,1,20261005,1,20261006,1,20261007,1,20261008,1,20261009,1,20261012,1,20261013,1,20261014,1,20261015,1,20261016,1,20261019,1,20261020,1,20261021,1,20261022,1,20261023,1,20261026,1,20261027,1,20261028,1,20261029,1,20261030,1,20261102,1,20261103,1,20261104,1,20261105,1,20261106,1,20261109,1,20261110,1,20261111,1,20261112,1,20261113,1,20261116,1,20261117,1,20261118,1,20261119,1,20261120,1,20261123,1,20261124,1,20261125,1,20261126,1,20261127,1,20261130,1,20261201,1,20261202,1,20261203,1,20261204,1,20261207,1,20261208,1,20261209,1,20261210,1,20261211,1,20261214,1,20261215,1,20261216,1,20261217,1,20261218,1,20261221,1,20261222,1,20261223,1,20261224,1,20261225,1,20261228,1,20261229,1,20261230,1,20261231,1,20270101,1,20270104,1,20270105,1,20270106,1,20270107,1,20270108,1,20270111,1,20270112,1,20270113,1,20270114,1,20270115,1,20270118,1,20270119,1,20270120,1,20270121,1,20270122,1,20270125,1,20270126,1,20270127,1,20270128,1,20270129,1,20270201,1,20270202,1,20270203,1,20270204,1,20270205,1,20270208,1,20270209,1,20270210,1,20270211,1,20270212,1,20270215,1,20270216,1,20270217,1,20270218,1,20270219,1,20270222,1,20270223,1,20270224,1,20270225,1,20270226,1,20270301,1,20270302,1,20270303,1,20270304,1,20270305,1,20270308,1,20270309,1,20270310,1,20270311,1,20270312,1,20270315,1,20270316,1,20270317,1,20270318,1,20270319,1,20270322,1,20270323,1,20270324,1,20270325,1,20270326,1,20270329,1,20270330,1,20270331,1,20270401,1,20270402,1,20270405,1,20270406,1,20270407,1,20270408,1,20270409,1,20270412,1,20270413,1,20270414,1,20270415,1,20270416,1,20270419,1,20270420,1,20270421,1,20270422,1,20270423,1,20270426,1,20270427,1,20270428,1,20270429,1,20270430,1,20270503,1,20270504,1,20270505,1,20270506,1,20270507,1,20270510,1,20270511,1,20270512,1,20270513,1,20270514,1,20270517,1,20270518,1,20270519,1,20270520,1,20270521,1,20270524,1,20270525,1,20270526,1,20270527,1,20270528,1,20270531,1,20270601,1,20270602,1,20270603,1,20270604,1,20270607,1,20270608,1,20270609,1,20270610,1,20270611,1,20270614,1,20270615,1,20270616,1,20270617,1,20270618,1,20270621,1,20270622,1,20270623,1,20270624,1,20270625,1,20270628,1,20270629,1,20270630,1,20270701,1,20270702,1,20270705,1,20270706,1,20270707,1,20270708,1,20270709,1,20270712,1,20270713,1,20270714,1,20270715,1,20270716,1,20270719,1,20270720,1,20270721,1,20270722,1,20270723,1,20270726,1,20270727,1,20270728,1,20270729,1,20270730,1,20270802,1,20270803,1,20270804,1,20270805,1,20270806,1,20270809,1,20270810,1,20270811,1,20270812,1,20270813,1,20270816,1,20270817,1,20270818,1,20270819,1,20270820,1,20270823,1,20270824,1,20270825,1,20270826,1,20270827,1,20270830,1,20270831,1,20270901,1,20270902,1,20270903,1,20270906,1,20270907,1,20270908,1,20270909,1,20270910,1,20270913,1,20270914,1,20270915,1,20270916,1,20270917,1,20270920,1,20270921,1,20270922,1,20270923,1,20270924,1
'1497242',20260925,1,20260928,1,20260929,1,20260930,1,20261001,1,20261002,1,20261005,1,20261006,1,20261007,1,20261008,1,20261009,1,20261012,1,20261013,1,20261014,1,20261015,1,20261016,1,20261019,1,20261020,1,20261021,1,20261022,1,20261023,1,20261026,1,20261027,1,20261028,1,20261029,1,20261030,1,20261102,1,20261103,1,20261104,1,20261105,1,20261106,1,20261109,1,20261110,1,20261111,1,20261112,1,20261113,1,20261116,1,20261117,1,20261118,1,20261119,1,20261120,1,20261123,1,20261124,1,20261125,1,20261126,1,20261127,1,20261130,1,20261201,1,20261202,1,20261203,1,20261204,1,20261207,1,20261208,1,20261209,1,20261210,1,20261211,1,20261214,1,20261215,1,20261216,1,20261217,1,20261218,1,20261221,1,20261222,1,20261223,1,20261224,1,20261225,1,20261228,1,20261229,1,20261230,1,20261231,1,20270101,1,20270104,1,20270105,1,20270106,1,20270107,1,20270108,1,20270111,1,20270112,1,20270113,1,20270114,1,20270115,1,20270118,1,20270119,1,20270120,1,20270121,1,20270122,1,20270125,1,20270126,1,20270127,1,20270128,1,20270129,1,20270201,1,20270202,1,20270203,1,20270204,1,20270205,1,20270208,1,20270209,1,20270210,1,20270211,1,20270212,1,20270215,1,20270216,1,20270217,1,20270218,1,20270219,1,20270222,1,20270223,1,20270224,1,20270225,1,20270226,1,20270301,1,20270302,1,20270303,1,20270304,1,20270305,1,20270308,1,20270309,1,20270310,1,20270311,1,20270312,1,20270315,1,20270316,1,20270317,1,20270318,1,20270319,1,20270322,1,20270323,1,20270324,1,20270325,1,20270326,1,20270329,1,20270330,1,20270331,1,20270401,1,20270402,1,20270405,1,20270406,1,20270407,1,20270408,1,20270409,1,20270412,1,20270413,1,20270414,1,20270415,1,20270416,1,20270419,1,20270420,1,20270421,1,20270422,1,20270423,1,20270426,1,20270427,1,20270428,1,20270429,1,20270430,1,20270503,1,20270504,1,20270505,1,20270506,1,20270507,1,20270510,1,20270511,1,20270512,1,20270513,1,20270514,1,20270517,1,20270518,1,20270519,1,20270520,1,20270521,1,20270524,1,20270525,1,20270526,1,20270527,1,20270528,1,20270531,1,20270601,1,20270602,1,20270603,1,20270604,1,20270607,1,20270608,1,20270609,1,20270610,1,20270611,1,20270614,1,20270615,1,20270616,1,20270617,1,20270618,1,20270621,1,20270622,1,20270623,1,20270624,1,20270625,1,20270628,1,20270629,1,20270630,1,20270701,1,20270702,1,20270705,1,20270706,1,20270707,1,20270708,1,20270709,1,20270712,1,20270713,1,20270714,1,20270715,1,20270716,1,20270719,1,20270720,1,20270721,1,20270722,1,20270723,1,20270726,1,20270727,1,20270728,1,20270729,1,20270730,1,20270802,1,20270803,1,20270804,1,20270805,1,20270806,1,20270809,1,20270810,1,20270811,1,20270812,1,20270813,1,20270816,1,20270817,1,20270818,1,20270819,1,20270820,1,20270823,1,20270824,1,20270825,1,20270826,1,20270827,1,20270830,1,20270831,1,20270901,1,20270902,1,20270903,1,20270906,1,20270907,1,20270908,1,20270909,1,20270910,1,20270913,1,20270914,1,20270915,1,20270916,1,20270917,1,20270920,1,20270921,1,20270922,1,20270923,1,20270924,1
'1497243',20260925,1,20260928,1,20260929,1,20260930,1,20261001,1,20261002,1,20261005,1,20261006,1,20261007,1,20261008,1,20261009,1,20261012,1,20261013,1,20261014,1,20261015,1,20261016,1,20261019,1,20261020,1,20261021,1,20261022,1,20261023,1,20261026,1,20261027,1,20261028,1,20261029,1,20261030,1,20261102,1,20261103,1,20261104,1,20261105,1,20261106,1,20261109,1,20261110,1,20261111,1,20261112,1,20261113,1,20261116,1,20261117,1,20261118,1,20261119,1,20261120,1,20261123,1,20261124,1,20261125,1,20261126,1,20261127,1,20261130,1,20261201,1,20261202,1,20261203,1,20261204,1,20261207,1,20261208,1,20261209,1,20261210,1,20261211,1,20261214,1,20261215,1,20261216,1,20261217,1,20261218,1,20261221,1,20261222,1,20261223,1,20261224,1,20261225,1,20261228,1,20261229,1,20261230,1,20261231,1,20270101,1,20270104,1,20270105,1,20270106,1,20270107,1,20270108,1,20270111,1,20270112,1,20270113,1,20270114,1,20270115,1,20270118,1,20270119,1,20270120,1,20270121,1,20270122,1,20270125,1,20270126,1,20270127,1,20270128,1,20270129,1,20270201,1,20270202,1,20270203,1,20270204,1,20270205,1,20270208,1,20270209,1,20270210,1,20270211,1,20270212,1,20270215,1,20270216,1,20270217,1,20270218,1,20270219,1,20270222,1,20270223,1,20270224,1,20270225,1,20270226,1,20270301,1,20270302,1,20270303,1,20270304,1,20270305,1,20270308,1,20270309,1,20270310,1,20270311,1,20270312,1,20270315,1,20270316,1,20270317,1,20270318,1,20270319,1,20270322,1,20270323,1,20270324,1,20270325,1,20270326,1,20270329,1,20270330,1,20270331,1,20270401,1,20270402,1,20270405,1,20270406,1,20270407,1,20270408,1,20270409,1,20270412,1,20270413,1,20270414,1,20270415,1,20270416,1,20270419,1,20270420,1,20270421,1,20270422,1,20270423,1,20270426,1,20270427,1,20270428,1,20270429,1,20270430,1,20270503,1,20270504,1,20270505,1,20270506,1,20270507,1,20270510,1,20270511,1,20270512,1,20270513,1,20270514,1,20270517,1,20270518,1,20270519,1,20270520,1,20270521,1,20270524,1,20270525,1,20270526,1,20270527,1,20270528,1,20270531,1,20270601,1,20270602,1,20270603,1,20270604,1,20270607,1,20270608,1,20270609,1,20270610,1,20270611,1,20270614,1,20270615,1,20270616,1,20270617,1,20270618,1,20270621,1,20270622,1,20270623,1,20270624,1,20270625,1,20270628,1,20270629,1,20270630,1,20270701,1,20270702,1,20270705,1,20270706,1,20270707,1,20270708,1,20270709,1,20270712,1,20270713,1,20270714,1,20270715,1,20270716,1,20270719,1,20270720,1,20270721,1,20270722,1,20270723,1,20270726,1,20270727,1,20270728,1,20270729,1,20270730,1,20270802,1,20270803,1,20270804,1,20270805,1,20270806,1,20270809,1,20270810,1,20270811,1,20270812,1,20270813,1,20270816,1,20270817,1,20270818,1,20270819,1,20270820,1,20270823,1,20270824,1,20270825,1,20270826,1,20270827,1,20270830,1,20270831,1,20270901,1,20270902,1,20270903,1,20270906,1,20270907,1,20270908,1,20270909,1,20270910,1,20270913,1,20270914,1,20270915,1,20270916,1,20270917,1,20270920,1,20270921,1,20270922,1,20270923,1,20270924,1
'1497244',20260925,1,20260928,1,20260929,1,20260930,1,20261001,1,20261002,1,20261005,1,20261006,1,20261007,1,20261008,1,20261009,1,20261012,1,20261013,1,20261014,1,20261015,1,20261016,1,20261019,1,20261020,1,20261021,1,20261022,1,20261023,1,20261026,1,20261027,1,20261028,1,20261029,1,20261030,1,20261102,1,20261103,1,20261104,1,20261105,1,20261106,1,20261109,1,20261110,1,20261111,1,20261112,1,20261113,1,20261116,1,20261117,1,20261118,1,20261119,1,20261120,1,20261123,1,20261124,1,20261125,1,20261126,1,20261127,1,20261130,1,20261201,1,20261202,1,20261203,1,20261204,1,20261207,1,20261208,1,20261209,1,20261210,1,20261211,1,20261214,1,20261215,1,20261216,1,20261217,1,20261218,1,20261221,1,20261222,1,20261223,1,20261224,1,20261225,1,20261228,1,20261229,1,20261230,1,20261231,1,20270101,1,20270104,1,20270105,1,20270106,1,20270107,1,20270108,1,20270111,1,20270112,1,20270113,1,20270114,1,20270115,1,20270118,1,20270119,1,20270120,1,20270121,1,20270122,1,20270125,1,20270126,1,20270127,1,20270128,1,20270129,1,20270201,1,20270202,1,20270203,1,20270204,1,20270205,1,20270208,1,20270209,1,20270210,1,20270211,1,20270212,1,20270215,1,20270216,1,20270217,1,20270218,1,20270219,1,20270222,1,20270223,1,20270224,1,20270225,1,20270226,1,20270301,1,20270302,1,20270303,1,20270304,1,20270305,1,20270308,1,20270309,1,20270310,1,20270311,1,20270312,1,20270315,1,20270316,1,20270317,1,20270318,1,20270319,1,20270322,1,20270323,1,20270324,1,20270325,1,20270326,1,20270329,1,20270330,1,20270331,1,20270401,1,20270402,1,20270405,1,20270406,1,20270407,1,20270408,1,20270409,1,20270412,1,20270413,1,20270414,1,20270415,1,20270416,1,20270419,1,20270420,1,20270421,1,20270422,1,20270423,1,20270426,1,20270427,1,20270428,1,20270429,1,20270430,1,20270503,1,20270504,1,20270505,1,20270506,1,20270507,1,20270510,1,20270511,1,20270512,1,20270513,1,20270514,1,20270517,1,20270518,1,20270519,1,20270520,1,20270521,1,20270524,1,20270525,1,20270526,1,20270527,1,20270528,1,20270531,1,20270601,1,20270602,1,20270603,1,20270604,1,20270607,1,20270608,1,20270609,1,20270610,1,20270611,1,20270614,1,20270615,1,20270616,1,20270617,1,20270618,1,20270621,1,20270622,1,20270623,1,20270624,1,20270625,1,20270628,1,20270629,1,20270630,1,20270701,1,20270702,1,20270705,1,20270706,1,20270707,1,20270708,1,20270709,1,20270712,1,20270713,1,20270714,1,20270715,1,20270716,1,20270719,1,20270720,1,20270721,1,20270722,1,20270723,1,20270726,1,20270727,1,20270728,1,20270729,1,20270730,1,20270802,1,20270803,1,20270804,1,20270805,1,20270806,1,20270809,1,20270810,1,20270811,1,20270812,1,20270813,1,20270816,1,20270817,1,20270818,1,20270819,1,20270820,1,20270823,1,20270824,1,20270825,1,20270826,1,20270827,1,20270830,1,20270831,1,20270901,1,20270902,1,20270903,1,20270906,1,20270907,1,20270908,1,20270909,1,20270910,1,20270913,1,20270914,1,20270915,1,20270916,1,20270917,1,20270920,1,20270921,1,20270922,1,20270923,1,20270924,1
'1497245',20260925,1,20260928,1,20260929,1,20260930,1,20261001,1,20261002,1,20261005,1,20261006,1,20261007,1,20261008,1,20261009,1,20261012,1,20261013,1,20261014,1,20261015,1,20261016,1,20261019,1,20261020,1,20261021,1,20261022,1,20261023,1,20261026,1,20261027,1,20261028,1,20261029,1,20261030,1,20261102,1,20261103,1,20261104,1,20261105,1,20261106,1,20261109,1,20261110,1,20261111,1,20261112,1,20261113,1,20261116,1,20261117,1,20261118,1,20261119,1,20261120,1,20261123,1,20261124,1,20261125,1,20261126,1,20261127,1,20261130,1,20261201,1,20261202,1,20261203,1,20261204,1,20261207,1,20261208,1,20261209,1,20261210,1,20261211,1,20261214,1,20261215,1,20261216,1,20261217,1,20261218,1,20261221,1,20261222,1,20261223,1,20261224,1,20261225,1,20261228,1,20261229,1,20261230,1,20261231,1,20270101,1,20270104,1,20270105,1,20270106,1,20270107,1,20270108,1,20270111,1,20270112,1,20270113,1,20270114,1,20270115,1,20270118,1,20270119,1,20270120,1,20270121,1,20270122,1,20270125,1,20270126,1,20270127,1,20270128,1,20270129,1,20270201,1,20270202,1,20270203,1,20270204,1,20270205,1,20270208,1,20270209,1,20270210,1,20270211,1,20270212,1,20270215,1,20270216,1,20270217,1,20270218,1,20270219,1,20270222,1,20270223,1,20270224,1,20270225,1,20270226,1,20270301,1,20270302,1,20270303,1,20270304,1,20270305,1,20270308,1,20270309,1,20270310,1,20270311,1,20270312,1,20270315,1,20270316,1,20270317,1,20270318,1,20270319,1,20270322,1,20270323,1,20270324,1,20270325,1,20270326,1,20270329,1,20270330,1,20270331,1,20270401,1,20270402,1,20270405,1,20270406,1,20270407,1,20270408,1,20270409,1,20270412,1,20270413,1,20270414,1,20270415,1,20270416,1,20270419,1,20270420,1,20270421,1,20270422,1,20270423,1,20270426,1,20270427,1,20270428,1,20270429,1,20270430,1,20270503,1,20270504,1,20270505,1,20270506,1,20270507,1,20270510,1,20270511,1,20270512,1,20270513,1,20270514,1,20270517,1,20270518,1,20270519,1,20270520,1,20270521,1,20270524,1,20270525,1,20270526,1,20270527,1,20270528,1,20270531,1,20270601,1,20270602,1,20270603,1,20270604,1,20270607,1,20270608,1,20270609,1,20270610,1,20270611,1,20270614,1,20270615,1,20270616,1,20270617,1,20270618,1,20270621,1,20270622,1,20270623,1,20270624,1,20270625,1,20270628,1,20270629,1,20270630,1,20270701,1,20270702,1,20270705,1,20270706,1,20270707,1,20270708,1,20270709,1,20270712,1,20270713,1,20270714,1,20270715,1,20270716,1,20270719,1,20270720,1,20270721,1,20270722,1,20270723,1,20270726,1,20270727,1,20270728,1,20270729,1,20270730,1,20270802,1,20270803,1,20270804,1,20270805,1,20270806,1,20270809,1,20270810,1,20270811,1,20270812,1,20270813,1,20270816,1,20270817,1,20270818,1,20270819,1,20270820,1,20270823,1,20270824,1,20270825,1,20270826,1,20270827,1,20270830,1,20270831,1,20270901,1,20270902,1,20270903,1,20270906,1,20270907,1,20270908,1,20270909,1,20270910,1,20270913,1,20270914,1,20270915,1,20270916,1,20270917,1,20270920,1,20270921,1,20270922,1,20270923,1,20270924,1
'1497246',20260925,1,20260928,1,20260929,1,20260930,1,20261001,1,20261002,1,20261005,1,20261006,1,20261007,1,20261008,1,20261009,1,20261012,1,20261013,1,20261014,1,20261015,1,20261016,1,20261019,1,20261020,1,20261021,1,20261022,1,20261023,1,20261026,1,20261027,1,20261028,1,20261029,1,20261030,1,20261102,1,20261103,1,20261104,1,20261105,1,20261106,1,20261109,1,20261110,1,20261111,1,20261112,1,20261113,1,20261116,1,20261117,1,20261118,1,20261119,1,20261120,1,20261123,1,20261124,1,20261125,1,20261126,1,20261127,1,20261130,1,20261201,1,20261202,1,20261203,1,20261204,1,20261207,1,20261208,1,20261209,1,20261210,1,20261211,1,20261214,1,20261215,1,20261216,1,20261217,1,20261218,1,20261221,1,20261222,1,20261223,1,20261224,1,20261225,1,20261228,1,20261229,1,20261230,1,20261231,1,20270101,1,20270104,1,20270105,1,20270106,1,20270107,1,20270108,1,20270111,1,20270112,1,20270113,1,20270114,1,20270115,1,20270118,1,20270119,1,20270120,1,20270121,1,20270122,1,20270125,1,20270126,1,20270127,1,20270128,1,20270129,1,20270201,1,20270202,1,20270203,1,20270204,1,20270205,1,20270208,1,20270209,1,20270210,1,20270211,1,20270212,1,20270215,1,20270216,1,20270217,1,20270218,1,20270219,1,20270222,1,20270223,1,20270224,1,20270225,1,20270226,1,20270301,1,20270302,1,20270303,1,20270304,1,20270305,1,20270308,1,20270309,1,20270310,1,20270311,1,20270312,1,20270315,1,20270316,1,20270317,1,20270318,1,20270319,1,20270322,1,20270323,1,20270324,1,20270325,1,20270326,1,20270329,1,20270330,1,20270331,1,20270401,1,20270402,1,20270405,1,20270406,1,20270407,1,20270408,1,20270409,1,20270412,1,20270413,1,20270414,1,20270415,1,20270416,1,20270419,1,20270420,1,20270421,1,20270422,1,20270423,1,20270426,1,20270427,1,20270428,1,20270429,1,20270430,1,20270503,1,20270504,1,20270505,1,20270506,1,20270507,1,20270510,1,20270511,1,20270512,1,20270513,1,20270514,1,20270517,1,20270518,1,20270519,1,20270520,1,20270521,1,20270524,1,20270525,1,20270526,1,20270527,1,20270528,1,20270531,1,20270601,1,20270602,1,20270603,1,20270604,1,20270607,1,20270608,1,20270609,1,20270610,1,20270611,1,20270614,1,20270615,1,20270616,1,20270617,1,20270618,1,20270621,1,20270622,1,20270623,1,20270624,1,20270625,1,20270628,1,20270629,1,20270630,1,20270701,1,20270702,1,20270705,1,20270706,1,20270707,1,20270708,1,20270709,1,20270712,1,20270713,1,20270714,1,20270715,1,20270716,1,20270719,1,20270720,1,20270721,1,20270722,1,20270723,1,20270726,1,20270727,1,20270728,1,20270729,1,20270730,1,20270802,1,20270803,1,20270804,1,20270805,1,20270806,1,20270809,1,20270810,1,20270811,1,20270812,1,20270813,1,20270816,1,20270817,1,20270818,1,20270819,1,20270820,1,20270823,1,20270824,1,20270825,1,20270826,1,20270827,1,20270830,1,20270831,1,20270901,1,20270902,1,20270903,1,20270906,1,20270907,1,20270908,1,20270909,1,20270910,1,20270913,1,20270914,1,20270915,1,20270916,1,20270917,1,20270920,1,20270921,1,20270922,1,20270923,1,20270924,1
'1497247',20260925,1,20260928,1,20260929,1,20260930,1,20261001,1,20261002,1,20261005,1,20261006,1,20261007,1,20261008,1,20261009,1,20261012,1,20261013,1,20261014,1,20261015,1,20261016,1,20261019,1,20261020,1,20261021,1,20261022,1,20261023,1,20261026,1,20261027,1,20261028,1,20261029,1,20261030,1,20261102,1,20261103,1,20261104,1,20261105,1,20261106,1,20261109,1,20261110,1,20261111,1,20261112,1,20261113,1,20261116,1,20261117,1,20261118,1,20261119,1,20261120,1,20261123,1,20261124,1,20261125,1,20261126,1,20261127,1,20261130,1,20261201,1,20261202,1,20261203,1,20261204,1,20261207,1,20261208,1,20261209,1,20261210,1,20261211,1,20261214,1,20261215,1,20261216,1,20261217,1,20261218,1,20261221,1,20261222,1,20261223,1,20261224,1,20261225,1,20261228,1,20261229,1,20261230,1,20261231,1,20270101,1,20270104,1,20270105,1,20270106,1,20270107,1,20270108,1,20270111,1,20270112,1,20270113,1,20270114,1,20270115,1,20270118,1,20270119,1,20270120,1,20270121,1,20270122,1,20270125,1,20270126,1,20270127,1,20270128,1,20270129,1,20270201,1,20270202,1,20270203,1,20270204,1,20270205,1,20270208,1,20270209,1,20270210,1,20270211,1,20270212,1,20270215,1,20270216,1,20270217,1,20270218,1,20270219,1,20270222,1,20270223,1,20270224,1,20270225,1,20270226,1,20270301,1,20270302,1,20270303,1,20270304,1,20270305,1,20270308,1,20270309,1,20270310,1,20270311,1,20270312,1,20270315,1,20270316,1,20270317,1,20270318,1,20270319,1,20270322,1,20270323,1,20270324,1,20270325,1,20270326,1,20270329,1,20270330,1,20270331,1,20270401,1,20270402,1,20270405,1,20270406,1,20270407,1,20270408,1,20270409,1,20270412,1,20270413,1,20270414,1,20270415,1,20270416,1,20270419,1,20270420,1,20270421,1,20270422,1,20270423,1,20270426,1,20270427,1,20270428,1,20270429,1,20270430,1,20270503,1,20270504,1,20270505,1,20270506,1,20270507,1,20270510,1,20270511,1,20270512,1,20270513,1,20270514,1,20270517,1,20270518,1,20270519,1,20270520,1,20270521,1,20270524,1,20270525,1,20270526,1,20270527,1,20270528,1,20270531,1,20270601,1,20270602,1,20270603,1,20270604,1,20270607,1,20270608,1,20270609,1,20270610,1,20270611,1,20270614,1,20270615,1,20270616,1,20270617,1,20270618,1,20270621,1,20270622,1,20270623,1,20270624,1,20270625,1,20270628,1,20270629,1,20270630,1,20270701,1,20270702,1,20270705,1,20270706,1,20270707,1,20270708,1,20270709,1,20270712,1,20270713,1,20270714,1,20270715,1,20270716,1,20270719,1,20270720,1,20270721,1,20270722,1,20270723,1,20270726,1,20270727,1,20270728,1,20270729,1,20270730,1,20270802,1,20270803,1,20270804,1,20270805,1,20270806,1,20270809,1,20270810,1,20270811,1,20270812,1,20270813,1,20270816,1,20270817,1,20270818,1,20270819,1,20270820,1,20270823,1,20270824,1,20270825,1,20270826,1,20270827,1,20270830,1,20270831,1,20270901,1,20270902,1,20270903,1,20270906,1,20270907,1,20270908,1,20270909,1,20270910,1,20270913,1,20270914,1,20270915,1,20270916,1,20270917,1,20270920,1,20270921,1,20270922,1,20270923,1,20270924,1
'1497248',20260925,1,20260928,1,20260929,1,20260930,1,20261001,1,20261002,1,20261005,1,20261006,1,20261007,1,20261008,1,20261009,1,20261012,1,20261013,1,20261014,1,20261015,1,20261016,1,20261019,1,20261020,1,20261021,1,20261022,1,20261023,1,20261026,1,20261027,1,20261028,1,20261029,1,20261030,1,20261102,1,20261103,1,20261104,1,20261105,1,20261106,1,20261109,1,20261110,1,20261111,1,20261112,1,20261113,1,20261116,1,20261117,1,20261118,1,20261119,1,20261120,1,20261123,1,20261124,1,20261125,1,20261126,1,20261127,1,20261130,1,20261201,1,20261202,1,20261203,1,20261204,1,20261207,1,20261208,1,20261209,1,20261210,1,20261211,1,20261214,1,20261215,1,20261216,1,20261217,1,20261218,1,20261221,1,20261222,1,20261223,1,20261224,1,20261225,1,20261228,1,20261229,1,20261230,1,20261231,1,20270101,1,20270104,1,20270105,1,20270106,1,20270107,1,20270108,1,20270111,1,20270112,1,20270113,1,20270114,1,20270115,1,20270118,1,20270119,1,20270120,1,20270121,1,20270122,1,20270125,1,20270126,1,20270127,1,20270128,1,20270129,1,20270201,1,20270202,1,20270203,1,20270204,1,20270205,1,20270208,1,20270209,1,20270210,1,20270211,1,20270212,1,20270215,1,20270216,1,20270217,1,20270218,1,20270219,1,20270222,1,20270223,1,20270224,1,20270225,1,20270226,1,20270301,1,20270302,1,20270303,1,20270304,1,20270305,1,20270308,1,20270309,1,20270310,1,20270311,1,20270312,1,20270315,1,20270316,1,20270317,1,20270318,1,20270319,1,20270322,1,20270323,1,20270324,1,20270325,1,20270326,1,20270329,1,20270330,1,20270331,1,20270401,1,20270402,1,20270405,1,20270406,1,20270407,1,20270408,1,20270409,1,20270412,1,20270413,1,20270414,1,20270415,1,20270416,1,20270419,1,20270420,1,20270421,1,20270422,1,20270423,1,20270426,1,20270427,1,20270428,1,20270429,1,20270430,1,20270503,1,20270504,1,20270505,1,20270506,1,20270507,1,20270510,1,20270511,1,20270512,1,20270513,1,20270514,1,20270517,1,20270518,1,20270519,1,20270520,1,20270521,1,20270524,1,20270525,1,20270526,1,20270527,1,20270528,1,20270531,1,20270601,1,20270602,1,20270603,1,20270604,1,20270607,1,20270608,1,20270609,1,20270610,1,20270611,1,20270614,1,20270615,1,20270616,1,20270617,1,20270618,1,20270621,1,20270622,1,20270623,1,20270624,1,20270625,1,20270628,1,20270629,1,20270630,1,20270701,1,20270702,1,20270705,1,20270706,1,20270707,1,20270708,1,20270709,1,20270712,1,20270713,1,20270714,1,20270715,1,20270716,1,20270719,1,20270720,1,20270721,1,20270722,1,20270723,1,20270726,1,20270727,1,20270728,1,20270729,1,20270730,1,20270802,1,20270803,1,20270804,1,20270805,1,20270806,1,20270809,1,20270810,1,20270811,1,20270812,1,20270813,1,20270816,1,20270817,1,20270818,1,20270819,1,20270820,1,20270823,1,20270824,1,20270825,1,20270826,1,20270827,1,20270830,1,20270831,1,20270901,1,20270902,1,20270903,1,20270906,1,20270907,1,20270908,1,20270909,1,20270910,1,20270913,1,20270914,1,20270915,1,20270916,1,20270917,1,20270920,1,20270921,1,20270922,1,20270923,1,20270924,1
'1497249',20260925,1,20260928,1,20260929,1,20260930,1,20261001,1,20261002,1,20261005,1,20261006,1,20261007,1,20261008,1,20261009,1,20261012,1,20261013,1,20261014,1,20261015,1,20261016,1,20261019,1,20261020,1,20261021,1,20261022,1,20261023,1,20261026,1,20261027,1,20261028,1,20261029,1,20261030,1,20261102,1,20261103,1,20261104,1,20261105,1,20261106,1,20261109,1,20261110,1,20261111,1,20261112,1,20261113,1,20261116,1,20261117,1,20261118,1,20261119,1,20261120,1,20261123,1,20261124,1,20261125,1,20261126,1,20261127,1,20261130,1,20261201,1,20261202,1,20261203,1,20261204,1,20261207,1,20261208,1,20261209,1,20261210,1,20261211,1,20261214,1,20261215,1,20261216,1,20261217,1,20261218,1,20261221,1,20261222,1,20261223,1,20261224,1,20261225,1,20261228,1,20261229,1,20261230,1,20261231,1,20270101,1,20270104,1,20270105,1,20270106,1,20270107,1,20270108,1,20270111,1,20270112,1,20270113,1,20270114,1,20270115,1,20270118,1,20270119,1,20270120,1,20270121,1,20270122,1,20270125,1,20270126,1,20270127,1,20270128,1,20270129,1,20270201,1,20270202,1,20270203,1,20270204,1,20270205,1,20270208,1,20270209,1,20270210,1,20270211,1,20270212,1,20270215,1,20270216,1,20270217,1,20270218,1,20270219,1,20270222,1,20270223,1,20270224,1,20270225,1,20270226,1,20270301,1,20270302,1,20270303,1,20270304,1,20270305,1,20270308,1,20270309,1,20270310,1,20270311,1,20270312,1,20270315,1,20270316,1,20270317,1,20270318,1,20270319,1,20270322,1,20270323,1,20270324,1,20270325,1,20270326,1,20270329,1,20270330,1,20270331,1,20270401,1,20270402,1,20270405,1,20270406,1,20270407,1,20270408,1,20270409,1,20270412,1,20270413,1,20270414,1,20270415,1,20270416,1,20270419,1,20270420,1,20270421,1,20270422,1,20270423,1,20270426,1,20270427,1,20270428,1,20270429,1,20270430,1,20270503,1,20270504,1,20270505,1,20270506,1,20270507,1,20270510,1,20270511,1,20270512,1,20270513,1,20270514,1,20270517,1,20270518,1,20270519,1,20270520,1,20270521,1,20270524,1,20270525,1,20270526,1,20270527,1,20270528,1,20270531,1,20270601,1,20270602,1,20270603,1,20270604,1,20270607,1,20270608,1,20270609,1,20270610,1,20270611,1,20270614,1,20270615,1,20270616,1,20270617,1,20270618,1,20270621,1,20270622,1,20270623,1,20270624,1,20270625,1,20270628,1,20270629,1,20270630,1,20270701,1,20270702,1,20270705,1,20270706,1,20270707,1,20270708,1,20270709,1,20270712,1,20270713,1,20270714,1,20270715,1,20270716,1,20270719,1,20270720,1,20270721,1,20270722,1,20270723,1,20270726,1,20270727,1,20270728,1,20270729,1,20270730,1,20270802,1,20270803,1,20270804,1,20270805,1,20270806,1,20270809,1,20270810,1,20270811,1,20270812,1,20270813,1,20270816,1,20270817,1,20270818,1,20270819,1,20270820,1,20270823,1,20270824,1,20270825,1,20270826,1,20270827,1,20270830,1,20270831,1,20270901,1,20270902,1,20270903,1,20270906,1,20270907,1,20270908,1,20270909,1,20270910,1,20270913,1,20270914,1,20270915,1,20270916,1,20270917,1,20270920,1,20270921,1,20270922,1,20270923,1,20270924,1
'1497250',20260925,1,20260928,1,20260929,1,20260930,1,20261001,1,20261002,1,20261005,1,20261006,1,20261007,1,20261008,1,20261009,1,20261012,1,20261013,1,20261014,1,20261015,1,20261016,1,20261019,1,20261020,1,20261021,1,20261022,1,20261023,1,20261026,1,20261027,1,20261028,1,20261029,1,20261030,1,20261102,1,20261103,1,20261104,1,20261105,1,20261106,1,20261109,1,20261110,1,20261111,1,20261112,1,20261113,1,20261116,1,20261117,1,20261118,1,20261119,1,20261120,1,20261123,1,20261124,1,20261125,1,20261126,1,20261127,1,20261130,1,20261201,1,20261202,1,20261203,1,20261204,1,20261207,1,20261208,1,20261209,1,20261210,1,20261211,1,20261214,1,20261215,1,20261216,1,20261217,1,20261218,1,20261221,1,20261222,1,20261223,1,20261224,1,20261225,1,20261228,1,20261229,1,20261230,1,20261231,1,20270101,1,20270104,1,20270105,1,20270106,1,20270107,1,20270108,1,20270111,1,20270112,1,20270113,1,20270114,1,20270115,1,20270118,1,20270119,1,20270120,1,20270121,1,20270122,1,20270125,1,20270126,1,20270127,1,20270128,1,20270129,1,20270201,1,20270202,1,20270203,1,20270204,1,20270205,1,20270208,1,20270209,1,20270210,1,20270211,1,20270212,1,20270215,1,20270216,1,20270217,1,20270218,1,20270219,1,20270222,1,20270223,1,20270224,1,20270225,1,20270226,1,20270301,1,20270302,1,20270303,1,20270304,1,20270305,1,20270308,1,20270309,1,20270310,1,20270311,1,20270312,1,20270315,1,20270316,1,20270317,1,20270318,1,20270319,1,20270322,1,20270323,1,20270324,1,20270325,1,20270326,1,20270329,1,20270330,1,20270331,1,20270401,1,20270402,1,20270405,1,20270406,1,20270407,1,20270408,1,20270409,1,20270412,1,20270413,1,20270414,1,20270415,1,20270416,1,20270419,1,20270420,1,20270421,1,20270422,1,20270423,1,20270426,1,20270427,1,20270428,1,20270429,1,20270430,1,20270503,1,20270504,1,20270505,1,20270506,1,20270507,1,20270510,1,20270511,1,20270512,1,20270513,1,20270514,1,20270517,1,20270518,1,20270519,1,20270520,1,20270521,1,20270524,1,20270525,1,20270526,1,20270527,1,20270528,1,20270531,1,20270601,1,20270602,1,20270603,1,20270604,1,20270607,1,20270608,1,20270609,1,20270610,1,20270611,1,20270614,1,20270615,1,20270616,1,20270617,1,20270618,1,20270621,1,20270622,1,20270623,1,20270624,1,20270625,1,20270628,1,20270629,1,20270630,1,20270701,1,20270702,1,20270705,1,20270706,1,20270707,1,20270708,1,20270709,1,20270712,1,20270713,1,20270714,1,20270715,1,20270716,1,20270719,1,20270720,1,20270721,1,20270722,1,20270723,1,20270726,1,20270727,1,20270728,1,20270729,1,20270730,1,20270802,1,20270803,1,20270804,1,20270805,1,20270806,1,20270809,1,20270810,1,20270811,1,20270812,1,20270813,1,20270816,1,20270817,1,20270818,1,20270819,1,20270820,1,20270823,1,20270824,1,20270825,1,20270826,1,20270827,1,20270830,1,20270831,1,20270901,1,20270902,1,20270903,1,20270906,1,20270907,1,20270908,1,20270909,1,20270910,1,20270913,1,20270914,1,20270915,1,20270916,1,20270917,1,20270920,1,20270921,1,20270922,1,20270923,1,20270924,1
'1497251',20260925,1,20260928,1,20260929,1,20260930,1,20261001,1,20261002,1,20261005,1,20261006,1,20261007,1,20261008,1,20261009,1,20261012,1,20261013,1,20261014,1,20261015,1,20261016,1,20261019,1,20261020,1,20261021,1,20261022,1,20261023,1,20261026,1,20261027,1,20261028,1,20261029,1,20261030,1,20261102,1,20261103,1,20261104,1,20261105,1,20261106,1,20261109,1,20261110,1,20261111,1,20261112,1,20261113,1,20261116,1,20261117,1,20261118,1,20261119,1,20261120,1,20261123,1,20261124,1,20261125,1,20261126,1,20261127,1,20261130,1,20261201,1,20261202,1,20261203,1,20261204,1,20261207,1,20261208,1,20261209,1,20261210,1,20261211,1,20261214,1,20261215,1,20261216,1,20261217,1,20261218,1,20261221,1,20261222,1,20261223,1,20261224,1,20261225,1,20261228,1,20261229,1,20261230,1,20261231,1,20270101,1,20270104,1,20270105,1,20270106,1,20270107,1,20270108,1,20270111,1,20270112,1,20270113,1,20270114,1,20270115,1,20270118,1,20270119,1,20270120,1,20270121,1,20270122,1,20270125,1,20270126,1,20270127,1,20270128,1,20270129,1,20270201,1,20270202,1,20270203,1,20270204,1,20270205,1,20270208,1,20270209,1,20270210,1,20270211,1,20270212,1,20270215,1,20270216,1,20270217,1,20270218,1,20270219,1,20270222,1,20270223,1,20270224,1,20270225,1,20270226,1,20270301,1,20270302,1,20270303,1,20270304,1,20270305,1,20270308,1,20270309,1,20270310,1,20270311,1,20270312,1,20270315,1,20270316,1,20270317,1,20270318,1,20270319,1,20270322,1,20270323,1,20270324,1,20270325,1,20270326,1,20270329,1,20270330,1,20270331,1,20270401,1,20270402,1,20270405,1,20270406,1,20270407,1,20270408,1,20270409,1,20270412,1,20270413,1,20270414,1,20270415,1,20270416,1,20270419,1,20270420,1,20270421,1,20270422,1,20270423,1,20270426,1,20270427,1,20270428,1,20270429,1,20270430,1,20270503,1,20270504,1,20270505,1,20270506,1,20270507,1,20270510,1,20270511,1,20270512,1,20270513,1,20270514,1,20270517,1,20270518,1,20270519,1,20270520,1,20270521,1,20270524,1,20270525,1,20270526,1,20270527,1,20270528,1,20270531,1,20270601,1,20270602,1,20270603,1,20270604,1,20270607,1,20270608,1,20270609,1,20270610,1,20270611,1,20270614,1,20270615,1,20270616,1,20270617,1,20270618,1,20270621,1,20270622,1,20270623,1,20270624,1,20270625,1,20270628,1,20270629,1,20270630,1,20270701,1,20270702,1,20270705,1,20270706,1,20270707,1,20270708,1,20270709,1,20270712,1,20270713,1,20270714,1,20270715,1,20270716,1,20270719,1,20270720,1,20270721,1,20270722,1,20270723,1,20270726,1,20270727,1,20270728,1,20270729,1,20270730,1,20270802,1,20270803,1,20270804,1,20270805,1,20270806,1,20270809,1,20270810,1,20270811,1,20270812,1,20270813,1,20270816,1,20270817,1,20270818,1,20270819,1,20270820,1,20270823,1,20270824,1,20270825,1,20270826,1,20270827,1,20270830,1,20270831,1,20270901,1,20270902,1,20270903,1,20270906,1,20270907,1,20270908,1,20270909,1,20270910,1,20270913,1,20270914,1,20270915,1,20270916,1,20270917,1,20270920,1,20270921,1,20270922,1,20270923,1,20270924,1
'1497252',20260925,1,20260928,1,20260929,1,20260930,1,20261001,1,20261002,1,20261005,1,20261006,1,20261007,1,20261008,1,20261009,1,20261012,1,20261013,1,20261014,1,20261015,1,20261016,1,20261019,1,20261020,1,20261021,1,20261022,1,20261023,1,20261026,1,20261027,1,20261028,1,20261029,1,20261030,1,20261102,1,20261103,1,20261104,1,20261105,1,20261106,1,20261109,1,20261110,1,20261111,1,20261112,1,20261113,1,20261116,1,20261117,1,20261118,1,20261119,1,20261120,1,20261123,1,20261124,1,20261125,1,20261126,1,20261127,1,20261130,1,20261201,1,20261202,1,20261203,1,20261204,1,20261207,1,20261208,1,20261209,1,20261210,1,20261211,1,20261214,1,20261215,1,20261216,1,20261217,1,20261218,1,20261221,1,20261222,1,20261223,1,20261224,1,20261225,1,20261228,1,20261229,1,20261230,1,20261231,1,20270101,1,20270104,1,20270105,1,20270106,1,20270107,1,20270108,1,20270111,1,20270112,1,20270113,1,20270114,1,20270115,1,20270118,1,20270119,1,20270120,1,20270121,1,20270122,1,20270125,1,20270126,1,20270127,1,20270128,1,20270129,1,20270201,1,20270202,1,20270203,1,20270204,1,20270205,1,20270208,1,20270209,1,20270210,1,20270211,1,20270212,1,20270215,1,20270216,1,20270217,1,20270218,1,20270219,1,20270222,1,20270223,1,20270224,1,20270225,1,20270226,1,20270301,1,20270302,1,20270303,1,20270304,1,20270305,1,20270308,1,20270309,1,20270310,1,20270311,1,20270312,1,20270315,1,20270316,1,20270317,1,20270318,1,20270319,1,20270322,1,20270323,1,20270324,1,20270325,1,20270326,1,20270329,1,20270330,1,20270331,1,20270401,1,20270402,1,20270405,1,20270406,1,20270407,1,20270408,1,20270409,1,20270412,1,20270413,1,20270414,1,20270415,1,20270416,1,20270419,1,20270420,1,20270421,1,20270422,1,20270423,1,20270426,1,20270427,1,20270428,1,20270429,1,20270430,1,20270503,1,20270504,1,20270505,1,20270506,1,20270507,1,20270510,1,20270511,1,20270512,1,20270513,1,20270514,1,20270517,1,20270518,1,20270519,1,20270520,1,20270521,1,20270524,1,20270525,1,20270526,1,20270527,1,20270528,1,20270531,1,20270601,1,20270602,1,20270603,1,20270604,1,20270607,1,20270608,1,20270609,1,20270610,1,20270611,1,20270614,1,20270615,1,20270616,1,20270617,1,20270618,1,20270621,1,20270622,1,20270623,1,20270624,1,20270625,1,20270628,1,20270629,1,20270630,1,20270701,1,20270702,1,20270705,1,20270706,1,20270707,1,20270708,1,20270709,1,20270712,1,20270713,1,20270714,1,20270715,1,20270716,1,20270719,1,20270720,1,20270721,1,20270722,1,20270723,1,20270726,1,20270727,1,20270728,1,20270729,1,20270730,1,20270802,1,20270803,1,20270804,1,20270805,1,20270806,1,20270809,1,20270810,1,20270811,1,20270812,1,20270813,1,20270816,1,20270817,1,20270818,1,20270819,1,20270820,1,20270823,1,20270824,1,20270825,1,20270826,1,20270827,1,20270830,1,20270831,1,20270901,1,20270902,1,20270903,1,20270906,1,20270907,1,20270908,1,20270909,1,20270910,1,20270913,1,20270914,1,20270915,1,20270916,1,20270917,1,20270920,1,20270921,1,20270922,1,20270923,1,20270924,1
'1497253',20260925,1,20260928,1,20260929,1,20260930,1,20261001,1,20261002,1,20261005,1,20261006,1,20261007,1,20261008,1,20261009,1,20261012,1,20261013,1,20261014,1,20261015,1,20261016,1,20261019,1,20261020,1,20261021,1,20261022,1,20261023,1,20261026,1,20261027,1,20261028,1,20261029,1,20261030,1,20261102,1,20261103,1,20261104,1,20261105,1,20261106,1,20261109,1,20261110,1,20261111,1,20261112,1,20261113,1,20261116,1,20261117,1,20261118,1,20261119,1,20261120,1,20261123,1,20261124,1,20261125,1,20261126,1,20261127,1,20261130,1,20261201,1,20261202,1,20261203,1,20261204,1,20261207,1,20261208,1,20261209,1,20261210,1,20261211,1,20261214,1,20261215,1,20261216,1,20261217,1,20261218,1,20261221,1,20261222,1,20261223,1,20261224,1,20261225,1,20261228,1,20261229,1,20261230,1,20261231,1,20270101,1,20270104,1,20270105,1,20270106,1,20270107,1,20270108,1,20270111,1,20270112,1,20270113,1,20270114,1,20270115,1,20270118,1,20270119,1,20270120,1,20270121,1,20270122,1,20270125,1,20270126,1,20270127,1,20270128,1,20270129,1,20270201,1,20270202,1,20270203,1,20270204,1,20270205,1,20270208,1,20270209,1,20270210,1,20270211,1,20270212,1,20270215,1,20270216,1,20270217,1,20270218,1,20270219,1,20270222,1,20270223,1,20270224,1,20270225,1,20270226,1,20270301,1,20270302,1,20270303,1,20270304,1,20270305,1,20270308,1,20270309,1,20270310,1,20270311,1,20270312,1,20270315,1,20270316,1,20270317,1,20270318,1,20270319,1,20270322,1,20270323,1,20270324,1,20270325,1,20270326,1,20270329,1,20270330,1,20270331,1,20270401,1,20270402,1,20270405,1,20270406,1,20270407,1,20270408,1,20270409,1,20270412,1,20270413,1,20270414,1,20270415,1,20270416,1,20270419,1,20270420,1,20270421,1,20270422,1,20270423,1,20270426,1,20270427,1,20270428,1,20270429,1,20270430,1,20270503,1,20270504,1,20270505,1,20270506,1,20270507,1,20270510,1,20270511,1,20270512,1,20270513,1,20270514,1,20270517,1,20270518,1,20270519,1,20270520,1,20270521,1,20270524,1,20270525,1,20270526,1,20270527,1,20270528,1,20270531,1,20270601,1,20270602,1,20270603,1,20270604,1,20270607,1,20270608,1,20270609,1,20270610,1,20270611,1,20270614,1,20270615,1,20270616,1,20270617,1,20270618,1,20270621,1,20270622,1,20270623,1,20270624,1,20270625,1,20270628,1,20270629,1,20270630,1,20270701,1,20270702,1,20270705,1,20270706,1,20270707,1,20270708,1,20270709,1,20270712,1,20270713,1,20270714,1,20270715,1,20270716,1,20270719,1,20270720,1,20270721,1,20270722,1,20270723,1,20270726,1,20270727,1,20270728,1,20270729,1,20270730,1,20270802,1,20270803,1,20270804,1,20270805,1,20270806,1,20270809,1,20270810,1,20270811,1,20270812,1,20270813,1,20270816,1,20270817,1,20270818,1,20270819,1,20270820,1,20270823,1,20270824,1,20270825,1,20270826,1,20270827,1,20270830,1,20270831,1,20270901,1,20270902,1,20270903,1,20270906,1,20270907,1,20270908,1,20270909,1,20270910,1,20270913,1,20270914,1,20270915,1,20270916,1,20270917,1,20270920,1,20270921,1,20270922,1,20270923,1,20270924,1
'1497254',20260925,1,20260928,1,20260929,1,20260930,1,20261001,1,20261002,1,20261005,1,20261006,1,20261007,1,20261008,1,20261009,1,20261012,1,20261013,1,20261014,1,20261015,1,20261016,1,20261019,1,20261020,1,20261021,1,20261022,1,20261023,1,20261026,1,20261027,1,20261028,1,20261029,1,20261030,1,20261102,1,20261103,1,20261104,1,20261105,1,20261106,1,20261109,1,20261110,1,20261111,1,20261112,1,20261113,1,20261116,1,20261117,1,20261118,1,20261119,1,20261120,1,20261123,1,20261124,1,20261125,1,20261126,1,20261127,1,20261130,1,20261201,1,20261202,1,20261203,1,20261204,1,20261207,1,20261208,1,20261209,1,20261210,1,20261211,1,20261214,1,20261215,1,20261216,1,20261217,1,20261218,1,20261221,1,20261222,1,20261223,1,20261224,1,20261225,1,20261228,1,20261229,1,20261230,1,20261231,1,20270101,1,20270104,1,20270105,1,20270106,1,20270107,1,20270108,1,20270111,1,20270112,1,20270113,1,20270114,1,20270115,1,20270118,1,20270119,1,20270120,1,20270121,1,20270122,1,20270125,1,20270126,1,20270127,1,20270128,1,20270129,1,20270201,1,20270202,1,20270203,1,20270204,1,20270205,1,20270208,1,20270209,1,20270210,1,20270211,1,20270212,1,20270215,1,20270216,1,20270217,1,20270218,1,20270219,1,20270222,1,20270223,1,20270224,1,20270225,1,20270226,1,20270301,1,20270302,1,20270303,1,20270304,1,20270305,1,20270308,1,20270309,1,20270310,1,20270311,1,20270312,1,20270315,1,20270316,1,20270317,1,20270318,1,20270319,1,20270322,1,20270323,1,20270324,1,20270325,1,20270326,1,20270329,1,20270330,1,20270331,1,20270401,1,20270402,1,20270405,1,20270406,1,20270407,1,20270408,1,20270409,1,20270412,1,20270413,1,20270414,1,20270415,1,20270416,1,20270419,1,20270420,1,20270421,1,20270422,1,20270423,1,20270426,1,20270427,1,20270428,1,20270429,1,20270430,1,20270503,1,20270504,1,20270505,1,20270506,1,20270507,1,20270510,1,20270511,1,20270512,1,20270513,1,20270514,1,20270517,1,20270518,1,20270519,1,20270520,1,20270521,1,20270524,1,20270525,1,20270526,1,20270527,1,20270528,1,20270531,1,20270601,1,20270602,1,20270603,1,20270604,1,20270607,1,20270608,1,20270609,1,20270610,1,20270611,1,20270614,1,20270615,1,20270616,1,20270617,1,20270618,1,20270621,1,20270622,1,20270623,1,20270624,1,20270625,1,20270628,1,20270629,1,20270630,1,20270701,1,20270702,1,20270705,1,20270706,1,20270707,1,20270708,1,20270709,1,20270712,1,20270713,1,20270714,1,20270715,1,20270716,1,20270719,1,20270720,1,20270721,1,20270722,1,20270723,1,20270726,1,20270727,1,20270728,1,20270729,1,20270730,1,20270802,1,20270803,1,20270804,1,20270805,1,20270806,1,20270809,1,20270810,1,20270811,1,20270812,1,20270813,1,20270816,1,20270817,1,20270818,1,20270819,1,20270820,1,20270823,1,20270824,1,20270825,1,20270826,1,20270827,1,20270830,1,20270831,1,20270901,1,20270902,1,20270903,1,20270906,1,20270907,1,20270908,1,20270909,1,20270910,1,20270913,1,20270914,1,20270915,1,20270916,1,20270917,1,20270920,1,20270921,1,20270922,1,20270923,1,20270924,1
'1497255',20260925,1,20260928,1,20260929,1,20260930,1,20261001,1,20261002,1,20261005,1,20261006,1,20261007,1,20261008,1,20261009,1,20261012,1,20261013,1,20261014,1,20261015,1,20261016,1,20261019,1,20261020,1,20261021,1,20261022,1,20261023,1,20261026,1,20261027,1,20261028,1,20261029,1,20261030,1,20261102,1,20261103,1,20261104,1,20261105,1,20261106,1,20261109,1,20261110,1,20261111,1,20261112,1,20261113,1,20261116,1,20261117,1,20261118,1,20261119,1,20261120,1,20261123,1,20261124,1,20261125,1,20261126,1,20261127,1,20261130,1,20261201,1,20261202,1,20261203,1,20261204,1,20261207,1,20261208,1,20261209,1,20261210,1,20261211,1,20261214,1,20261215,1,20261216,1,20261217,1,20261218,1,20261221,1,20261222,1,20261223,1,20261224,1,20261225,1,20261228,1,20261229,1,20261230,1,20261231,1,20270101,1,20270104,1,20270105,1,20270106,1,20270107,1,20270108,1,20270111,1,20270112,1,20270113,1,20270114,1,20270115,1,20270118,1,20270119,1,20270120,1,20270121,1,20270122,1,20270125,1,20270126,1,20270127,1,20270128,1,20270129,1,20270201,1,20270202,1,20270203,1,20270204,1,20270205,1,20270208,1,20270209,1,20270210,1,20270211,1,20270212,1,20270215,1,20270216,1,20270217,1,20270218,1,20270219,1,20270222,1,20270223,1,20270224,1,20270225,1,20270226,1,20270301,1,20270302,1,20270303,1,20270304,1,20270305,1,20270308,1,20270309,1,20270310,1,20270311,1,20270312,1,20270315,1,20270316,1,20270317,1,20270318,1,20270319,1,20270322,1,20270323,1,20270324,1,20270325,1,20270326,1,20270329,1,20270330,1,20270331,1,20270401,1,20270402,1,20270405,1,20270406,1,20270407,1,20270408,1,20270409,1,20270412,1,20270413,1,20270414,1,20270415,1,20270416,1,20270419,1,20270420,1,20270421,1,20270422,1,20270423,1,20270426,1,20270427,1,20270428,1,20270429,1,20270430,1,20270503,1,20270504,1,20270505,1,20270506,1,20270507,1,20270510,1,20270511,1,20270512,1,20270513,1,20270514,1,20270517,1,20270518,1,20270519,1,20270520,1,20270521,1,20270524,1,20270525,1,20270526,1,20270527,1,20270528,1,20270531,1,20270601,1,20270602,1,20270603,1,20270604,1,20270607,1,20270608,1,20270609,1,20270610,1,20270611,1,20270614,1,20270615,1,20270616,1,20270617,1,20270618,1,20270621,1,20270622,1,20270623,1,20270624,1,20270625,1,20270628,1,20270629,1,20270630,1,20270701,1,20270702,1,20270705,1,20270706,1,20270707,1,20270708,1,20270709,1,20270712,1,20270713,1,20270714,1,20270715,1,20270716,1,20270719,1,20270720,1,20270721,1,20270722,1,20270723,1,20270726,1,20270727,1,20270728,1,20270729,1,20270730,1,20270802,1,20270803,1,20270804,1,20270805,1,20270806,1,20270809,1,20270810,1,20270811,1,20270812,1,20270813,1,20270816,1,20270817,1,20270818,1,20270819,1,20270820,1,20270823,1,20270824,1,20270825,1,20270826,1,20270827,1,20270830,1,20270831,1,20270901,1,20270902,1,20270903,1,20270906,1,20270907,1,20270908,1,20270909,1,20270910,1,20270913,1,20270914,1,20270915,1,20270916,1,20270917,1,20270920,1,20270921,1,20270922,1,20270923,1,20270924,1
'1497256',20260925,1,20260928,1,20260929,1,20260930,1,20261001,1,20261002,1,20261005,1,20261006,1,20261007,1,20261008,1,20261009,1,20261012,1,20261013,1,20261014,1,20261015,1,20261016,1,20261019,1,20261020,1,20261021,1,20261022,1,20261023,1,20261026,1,20261027,1,20261028,1,20261029,1,20261030,1,20261102,1,20261103,1,20261104,1,20261105,1,20261106,1,20261109,1,20261110,1,20261111,1,20261112,1,20261113,1,20261116,1,20261117,1,20261118,1,20261119,1,20261120,1,20261123,1,20261124,1,20261125,1,20261126,1,20261127,1,20261130,1,20261201,1,20261202,1,20261203,1,20261204,1,20261207,1,20261208,1,20261209,1,20261210,1,20261211,1,20261214,1,20261215,1,20261216,1,20261217,1,20261218,1,20261221,1,20261222,1,20261223,1,20261224,1,20261225,1,20261228,1,20261229,1,20261230,1,20261231,1,20270101,1,20270104,1,20270105,1,20270106,1,20270107,1,20270108,1,20270111,1,20270112,1,20270113,1,20270114,1,20270115,1,20270118,1,20270119,1,20270120,1,20270121,1,20270122,1,20270125,1,20270126,1,20270127,1,20270128,1,20270129,1,20270201,1,20270202,1,20270203,1,20270204,1,20270205,1,20270208,1,20270209,1,20270210,1,20270211,1,20270212,1,20270215,1,20270216,1,20270217,1,20270218,1,20270219,1,20270222,1,20270223,1,20270224,1,20270225,1,20270226,1,20270301,1,20270302,1,20270303,1,20270304,1,20270305,1,20270308,1,20270309,1,20270310,1,20270311,1,20270312,1,20270315,1,20270316,1,20270317,1,20270318,1,20270319,1,20270322,1,20270323,1,20270324,1,20270325,1,20270326,1,20270329,1,20270330,1,20270331,1,20270401,1,20270402,1,20270405,1,20270406,1,20270407,1,20270408,1,20270409,1,20270412,1,20270413,1,20270414,1,20270415,1,20270416,1,20270419,1,20270420,1,20270421,1,20270422,1,20270423,1,20270426,1,20270427,1,20270428,1,20270429,1,20270430,1,20270503,1,20270504,1,20270505,1,20270506,1,20270507,1,20270510,1,20270511,1,20270512,1,20270513,1,20270514,1,20270517,1,20270518,1,20270519,1,20270520,1,20270521,1,20270524,1,20270525,1,20270526,1,20270527,1,20270528,1,20270531,1,20270601,1,20270602,1,20270603,1,20270604,1,20270607,1,20270608,1,20270609,1,20270610,1,20270611,1,20270614,1,20270615,1,20270616,1,20270617,1,20270618,1,20270621,1,20270622,1,20270623,1,20270624,1,20270625,1,20270628,1,20270629,1,20270630,1,20270701,1,20270702,1,20270705,1,20270706,1,20270707,1,20270708,1,20270709,1,20270712,1,20270713,1,20270714,1,20270715,1,20270716,1,20270719,1,20270720,1,20270721,1,20270722,1,20270723,1,20270726,1,20270727,1,20270728,1,20270729,1,20270730,1,20270802,1,20270803,1,20270804,1,20270805,1,20270806,1,20270809,1,20270810,1,20270811,1,20270812,1,20270813,1,20270816,1,20270817,1,20270818,1,20270819,1,20270820,1,20270823,1,20270824,1,20270825,1,20270826,1,20270827,1,20270830,1,20270831,1,20270901,1,20270902,1,20270903,1,20270906,1,20270907,1,20270908,1,20270909,1,20270910,1,20270913,1,20270914,1,20270915,1,20270916,1,20270917,1,20270920,1,20270921,1,20270922,1,20270923,1,20270924,1
'1497257',20260925,1,20260928,1,20260929,1,20260930,1,20261001,1,20261002,1,20261005,1,20261006,1,20261007,1,20261008,1,20261009,1,20261012,1,20261013,1,20261014,1,20261015,1,20261016,1,20261019,1,20261020,1,20261021,1,20261022,1,20261023,1,20261026,1,20261027,1,20261028,1,20261029,1,20261030,1,20261102,1,20261103,1,20261104,1,20261105,1,20261106,1,20261109,1,20261110,1,20261111,1,20261112,1,20261113,1,20261116,1,20261117,1,20261118,1,20261119,1,20261120,1,20261123,1,20261124,1,20261125,1,20261126,1,20261127,1,20261130,1,20261201,1,20261202,1,20261203,1,20261204,1,20261207,1,20261208,1,20261209,1,20261210,1,20261211,1,20261214,1,20261215,1,20261216,1,20261217,1,20261218,1,20261221,1,20261222,1,20261223,1,20261224,1,20261225,1,20261228,1,20261229,1,20261230,1,20261231,1,20270101,1,20270104,1,20270105,1,20270106,1,20270107,1,20270108,1,20270111,1,20270112,1,20270113,1,20270114,1,20270115,1,20270118,1,20270119,1,20270120,1,20270121,1,20270122,1,20270125,1,20270126,1,20270127,1,20270128,1,20270129,1,20270201,1,20270202,1,20270203,1,20270204,1,20270205,1,20270208,1,20270209,1,20270210,1,20270211,1,20270212,1,20270215,1,20270216,1,20270217,1,20270218,1,20270219,1,20270222,1,20270223,1,20270224,1,20270225,1,20270226,1,20270301,1,20270302,1,20270303,1,20270304,1,20270305,1,20270308,1,20270309,1,20270310,1,20270311,1,20270312,1,20270315,1,20270316,1,20270317,1,20270318,1,20270319,1,20270322,1,20270323,1,20270324,1,20270325,1,20270326,1,20270329,1,20270330,1,20270331,1,20270401,1,20270402,1,20270405,1,20270406,1,20270407,1,20270408,1,20270409,1,20270412,1,20270413,1,20270414,1,20270415,1,20270416,1,20270419,1,20270420,1,20270421,1,20270422,1,20270423,1,20270426,1,20270427,1,20270428,1,20270429,1,20270430,1,20270503,1,20270504,1,20270505,1,20270506,1,20270507,1,20270510,1,20270511,1,20270512,1,20270513,1,20270514,1,20270517,1,20270518,1,20270519,1,20270520,1,20270521,1,20270524,1,20270525,1,20270526,1,20270527,1,20270528,1,20270531,1,20270601,1,20270602,1,20270603,1,20270604,1,20270607,1,20270608,1,20270609,1,20270610,1,20270611,1,20270614,1,20270615,1,20270616,1,20270617,1,20270618,1,20270621,1,20270622,1,20270623,1,20270624,1,20270625,1,20270628,1,20270629,1,20270630,1,20270701,1,20270702,1,20270705,1,20270706,1,20270707,1,20270708,1,20270709,1,20270712,1,20270713,1,20270714,1,20270715,1,20270716,1,20270719,1,20270720,1,20270721,1,20270722,1,20270723,1,20270726,1,20270727,1,20270728,1,20270729,1,20270730,1,20270802,1,20270803,1,20270804,1,20270805,1,20270806,1,20270809,1,20270810,1,20270811,1,20270812,1,20270813,1,20270816,1,20270817,1,20270818,1,20270819,1,20270820,1,20270823,1,20270824,1,20270825,1,20270826,1,20270827,1,20270830,1,20270831,1,20270901,1,20270902,1,20270903,1,20270906,1,20270907,1,20270908,1,20270909,1,20270910,1,20270913,1,20270914,1,20270915,1,20270916,1,20270917,1,20270920,1,20270921,1,20270922,1,20270923,1,20270924,1
'1497258',20260925,1,20260928,1,20260929,1,20260930,1,20261001,1,20261002,1,20261005,1,20261006,1,20261007,1,20261008,1,20261009,1,20261012,1,20261013,1,20261014,1,20261015,1,20261016,1,20261019,1,20261020,1,20261021,1,20261022,1,20261023,1,20261026,1,20261027,1,20261028,1,20261029,1,20261030,1,20261102,1,20261103,1,20261104,1,20261105,1,20261106,1,20261109,1,20261110,1,20261111,1,20261112,1,20261113,1,20261116,1,20261117,1,20261118,1,20261119,1,20261120,1,20261123,1,20261124,1,20261125,1,20261126,1,20261127,1,20261130,1,20261201,1,20261202,1,20261203,1,20261204,1,20261207,1,20261208,1,20261209,1,20261210,1,20261211,1,20261214,1,20261215,1,20261216,1,20261217,1,20261218,1,20261221,1,20261222,1,20261223,1,20261224,1,20261225,1,20261228,1,20261229,1,20261230,1,20261231,1,20270101,1,20270104,1,20270105,1,20270106,1,20270107,1,20270108,1,20270111,1,20270112,1,20270113,1,20270114,1,20270115,1,20270118,1,20270119,1,20270120,1,20270121,1,20270122,1,20270125,1,20270126,1,20270127,1,20270128,1,20270129,1,20270201,1,20270202,1,20270203,1,20270204,1,20270205,1,20270208,1,20270209,1,20270210,1,20270211,1,20270212,1,20270215,1,20270216,1,20270217,1,20270218,1,20270219,1,20270222,1,20270223,1,20270224,1,20270225,1,20270226,1,20270301,1,20270302,1,20270303,1,20270304,1,20270305,1,20270308,1,20270309,1,20270310,1,20270311,1,20270312,1,20270315,1,20270316,1,20270317,1,20270318,1,20270319,1,20270322,1,20270323,1,20270324,1,20270325,1,20270326,1,20270329,1,20270330,1,20270331,1,20270401,1,20270402,1,20270405,1,20270406,1,20270407,1,20270408,1,20270409,1,20270412,1,20270413,1,20270414,1,20270415,1,20270416,1,20270419,1,20270420,1,20270421,1,20270422,1,20270423,1,20270426,1,20270427,1,20270428,1,20270429,1,20270430,1,20270503,1,20270504,1,20270505,1,20270506,1,20270507,1,20270510,1,20270511,1,20270512,1,20270513,1,20270514,1,20270517,1,20270518,1,20270519,1,20270520,1,20270521,1,20270524,1,20270525,1,20270526,1,20270527,1,20270528,1,20270531,1,20270601,1,20270602,1,20270603,1,20270604,1,20270607,1,20270608,1,20270609,1,20270610,1,20270611,1,20270614,1,20270615,1,20270616,1,20270617,1,20270618,1,20270621,1,20270622,1,20270623,1,20270624,1,20270625,1,20270628,1,20270629,1,20270630,1,20270701,1,20270702,1,20270705,1,20270706,1,20270707,1,20270708,1,20270709,1,20270712,1,20270713,1,20270714,1,20270715,1,20270716,1,20270719,1,20270720,1,20270721,1,20270722,1,20270723,1,20270726,1,20270727,1,20270728,1,20270729,1,20270730,1,20270802,1,20270803,1,20270804,1,20270805,1,20270806,1,20270809,1,20270810,1,20270811,1,20270812,1,20270813,1,20270816,1,20270817,1,20270818,1,20270819,1,20270820,1,20270823,1,20270824,1,20270825,1,20270826,1,20270827,1,20270830,1,20270831,1,20270901,1,20270902,1,20270903,1,20270906,1,20270907,1,20270908,1,20270909,1,20270910,1,20270913,1,20270914,1,20270915,1,20270916,1,20270917,1,20270920,1,20270921,1,20270922,1,20270923,1,20270924,1
'1497259',20260925,1,20260928,1,20260929,1,20260930,1,20261001,1,20261002,1,20261005,1,20261006,1,20261007,1,20261008,1,20261009,1,20261012,1,20261013,1,20261014,1,20261015,1,20261016,1,20261019,1,20261020,1,20261021,1,20261022,1,20261023,1,20261026,1,20261027,1,20261028,1,20261029,1,20261030,1,20261102,1,20261103,1,20261104,1,20261105,1,20261106,1,20261109,1,20261110,1,20261111,1,20261112,1,20261113,1,20261116,1,20261117,1,20261118,1,20261119,1,20261120,1,20261123,1,20261124,1,20261125,1,20261126,1,20261127,1,20261130,1,20261201,1,20261202,1,20261203,1,20261204,1,20261207,1,20261208,1,20261209,1,20261210,1,20261211,1,20261214,1,20261215,1,20261216,1,20261217,1,20261218,1,20261221,1,20261222,1,20261223,1,20261224,1,20261225,1,20261228,1,20261229,1,20261230,1,20261231,1,20270101,1,20270104,1,20270105,1,20270106,1,20270107,1,20270108,1,20270111,1,20270112,1,20270113,1,20270114,1,20270115,1,20270118,1,20270119,1,20270120,1,20270121,1,20270122,1,20270125,1,20270126,1,20270127,1,20270128,1,20270129,1,20270201,1,20270202,1,20270203,1,20270204,1,20270205,1,20270208,1,20270209,1,20270210,1,20270211,1,20270212,1,20270215,1,20270216,1,20270217,1,20270218,1,20270219,1,20270222,1,20270223,1,20270224,1,20270225,1,20270226,1,20270301,1,20270302,1,20270303,1,20270304,1,20270305,1,20270308,1,20270309,1,20270310,1,20270311,1,20270312,1,20270315,1,20270316,1,20270317,1,20270318,1,20270319,1,20270322,1,20270323,1,20270324,1,20270325,1,20270326,1,20270329,1,20270330,1,20270331,1,20270401,1,20270402,1,20270405,1,20270406,1,20270407,1,20270408,1,20270409,1,20270412,1,20270413,1,20270414,1,20270415,1,20270416,1,20270419,1,20270420,1,20270421,1,20270422,1,20270423,1,20270426,1,20270427,1,20270428,1,20270429,1,20270430,1,20270503,1,20270504,1,20270505,1,20270506,1,20270507,1,20270510,1,20270511,1,20270512,1,20270513,1,20270514,1,20270517,1,20270518,1,20270519,1,20270520,1,20270521,1,20270524,1,20270525,1,20270526,1,20270527,1,20270528,1,20270531,1,20270601,1,20270602,1,20270603,1,20270604,1,20270607,1,20270608,1,20270609,1,20270610,1,20270611,1,20270614,1,20270615,1,20270616,1,20270617,1,20270618,1,20270621,1,20270622,1,20270623,1,20270624,1,20270625,1,20270628,1,20270629,1,20270630,1,20270701,1,20270702,1,20270705,1,20270706,1,20270707,1,20270708,1,20270709,1,20270712,1,20270713,1,20270714,1,20270715,1,20270716,1,20270719,1,20270720,1,20270721,1,20270722,1,20270723,1,20270726,1,20270727,1,20270728,1,20270729,1,20270730,1,20270802,1,20270803,1,20270804,1,20270805,1,20270806,1,20270809,1,20270810,1,20270811,1,20270812,1,20270813,1,20270816,1,20270817,1,20270818,1,20270819,1,20270820,1,20270823,1,20270824,1,20270825,1,20270826,1,20270827,1,20270830,1,20270831,1,20270901,1,20270902,1,20270903,1,20270906,1,20270907,1,20270908,1,20270909,1,20270910,1,20270913,1,20270914,1,20270915,1,20270916,1,20270917,1,20270920,1,20270921,1,20270922,1,20270923,1,20270924,1
